Модель,Зображення,Магазин,Місто,Ціна
HIMO C26,https://s.ek.ua/jpg/1891360.jpg,АЛЛО,Ужгород,59 999 .
HIMO C26,https://s.ek.ua/jpg/1891360.jpg,Touch,з Дніпра,52 849 .
HIMO C26,https://s.ek.ua/jpg/1891360.jpg,Setevuha.ua,з Києва,52 999 .
HIMO C26,https://s.ek.ua/jpg/1891360.jpg,Enko.com.ua,з Кривого Рогу,53 804 .
HIMO C26,https://s.ek.ua/jpg/1891360.jpg,Ebox24.biz,з Львова,78 718 .
HIMO C26,https://s.ek.ua/jpg/1891360.jpg,Comtrading.ua,з Києва,52 520 .
HIMO C26,https://s.ek.ua/jpg/1891360.jpg,Rozetka.ua,з Києва,52 999 .
Dorozhnik Aquamarine 26,https://s.ek.ua/jpg/2849811.jpg,VeloGO.com.ua,з Києва,7 826 .
Dorozhnik Aquamarine 26,https://s.ek.ua/jpg/2849811.jpg,Moyo.ua,Ужгород,7 826 .
Dorozhnik Aquamarine 26,https://s.ek.ua/jpg/2849811.jpg,Groosha.ua,з Києва,7 826 .
Dorozhnik Aquamarine 26,https://s.ek.ua/jpg/2849811.jpg,Itbox.ua,з Києва,7 826 .
Dorozhnik Aquamarine 26,https://s.ek.ua/jpg/2849811.jpg,Brain.com.ua,з Києва,7 826 .
Dorozhnik Aquamarine 26,https://s.ek.ua/jpg/2849811.jpg,MTA.ua,з Києва,7 826 .
Dorozhnik Aquamarine 26,https://s.ek.ua/jpg/2849811.jpg,Rozetka.ua,з Києва,7 826 .
Acer eUrban-R,https://s.ek.ua/jpg/2694391.jpg,Notebooker.ua,з Києва,98 699 .
Acer eUrban-R,https://s.ek.ua/jpg/2694391.jpg,Kvshop.com.ua,з Києва,98 699 .
Acer eUrban-R,https://s.ek.ua/jpg/2694391.jpg,Touch,з Дніпра,91 399 .
Acer eUrban-R,https://s.ek.ua/jpg/2694391.jpg,Ctrs.com.ua,з Києва,98 699 .
Acer eUrban-R,https://s.ek.ua/jpg/2694391.jpg,Luckylink.kiev.ua,з Києва,89 767 .
Acer eUrban-R,https://s.ek.ua/jpg/2694391.jpg,Setevuha.ua,з Києва,87 649 .
Acer eUrban-R,https://s.ek.ua/jpg/2694391.jpg,COMFY.ua,з Києва,98 699 .
ENGWE EP-2 Pro 750W,https://s.ek.ua/jpg/2456617.jpg,Ecodrive.in.ua,з Одеси,37 990 .
ENGWE EP-2 Pro 750W,https://s.ek.ua/jpg/2456617.jpg,Justbuy.com.ua,з Києва,37 990 .
ENGWE EP-2 Pro 750W,https://s.ek.ua/jpg/2456617.jpg,Touch,з Дніпра,38 490 .
ENGWE EP-2 Pro 750W,https://s.ek.ua/jpg/2456617.jpg,Rozetka.ua,з Києва,41 649 .
ENGWE EP-2 Pro 750W,https://s.ek.ua/jpg/2456617.jpg,Ecodrive.in.ua,з Одеси,37 990 .
ENGWE EP-2 Pro 750W,https://s.ek.ua/jpg/2456617.jpg,Justbuy.com.ua,з Києва,37 990 .
ENGWE EP-2 Pro 750W,https://s.ek.ua/jpg/2456617.jpg,Touch,з Дніпра,38 490 .
2E EB19,https://s.ek.ua/jpg/2848709.jpg,Artline.ua,з Києва,53 999 .
2E EB19,https://s.ek.ua/jpg/2848709.jpg,АЛЛО,Ужгород,53 999 .
2E EB19,https://s.ek.ua/jpg/2848709.jpg,Цифра,з Києва,53 999 .
2E EB19,https://s.ek.ua/jpg/2848709.jpg,Stylus.ua,з Києва,53 999 .
2E EB19,https://s.ek.ua/jpg/2848709.jpg,Royko.com.ua,з Києва,53 999 .
2E EB19,https://s.ek.ua/jpg/2848709.jpg,Moyo.ua,Ужгород,53 999 .
2E EB19,https://s.ek.ua/jpg/2848709.jpg,Itbox.ua,з Києва,53 999 .
Maxxter Urban Max,https://s.ek.ua/jpg/2721555.jpg,Artline.ua,з Києва,31 999 .
Maxxter Urban Max,https://s.ek.ua/jpg/2721555.jpg,Flick І Все для геймерів,з Києва,28 359 .
Maxxter Urban Max,https://s.ek.ua/jpg/2721555.jpg,Kvshop.com.ua,з Києва,31 999 .
Maxxter Urban Max,https://s.ek.ua/jpg/2721555.jpg,FOXTROT.UA,Ужгород,31 999 .
Maxxter Urban Max,https://s.ek.ua/jpg/2721555.jpg,Touch,з Дніпра,30 999 .
Maxxter Urban Max,https://s.ek.ua/jpg/2721555.jpg,Comtrading.ua,з Києва,31 999 .
Maxxter Urban Max,https://s.ek.ua/jpg/2721555.jpg,ШО,з Києва,31 999 .
Fiido M1 Pro,https://s.ek.ua/jpg/2509024.jpg,АЛЛО,Ужгород,45 999 .
Fiido M1 Pro,https://s.ek.ua/jpg/2509024.jpg,Rozetka.ua,з Києва,47 500 .
GT Avalanche Sport 29,https://s.ek.ua/jpg/2886799.jpg,Velomarket.org.ua,з Києва,26 040 .
GT Avalanche Sport 29,https://s.ek.ua/jpg/2886799.jpg,VeloGO.com.ua,з Києва,26 040 .
GT Avalanche Sport 29,https://s.ek.ua/jpg/2886799.jpg,Enko.com.ua,з Кривого Рогу,26 040 .
GT Avalanche Sport 29,https://s.ek.ua/jpg/2886799.jpg,MTA.ua,з Києва,26 040 .
GT Avalanche Sport 29,https://s.ek.ua/jpg/2886799.jpg,Velomarket.org.ua,з Києва,26 040 .
GT Avalanche Sport 29,https://s.ek.ua/jpg/2886799.jpg,VeloGO.com.ua,з Києва,26 040 .
GT Avalanche Sport 29,https://s.ek.ua/jpg/2886799.jpg,Enko.com.ua,з Кривого Рогу,26 040 .
DYU C6,https://s.ek.ua/jpg/2450811.jpg,Ecodrive.in.ua,з Одеси,25 490 .
DYU C6,https://s.ek.ua/jpg/2450811.jpg,Justbuy.com.ua,з Києва,25 490 .
DYU C6,https://s.ek.ua/jpg/2450811.jpg,Touch,з Дніпра,26 990 .
DYU C6,https://s.ek.ua/jpg/2450811.jpg,Ebox24.biz,з Львова,31 942 .
DYU C6,https://s.ek.ua/jpg/2450811.jpg,Rozetka.ua,з Києва,28 321 .
DYU C6,https://s.ek.ua/jpg/2450811.jpg,Ecodrive.in.ua,з Одеси,25 490 .
DYU C6,https://s.ek.ua/jpg/2450811.jpg,Justbuy.com.ua,з Києва,25 490 .
2E EB11,https://s.ek.ua/jpg/2848710.jpg,Artline.ua,з Києва,44 999 .
2E EB11,https://s.ek.ua/jpg/2848710.jpg,АЛЛО,Ужгород,44 999 .
2E EB11,https://s.ek.ua/jpg/2848710.jpg,Цифра,з Києва,44 999 .
2E EB11,https://s.ek.ua/jpg/2848710.jpg,Stylus.ua,з Києва,44 999 .
2E EB11,https://s.ek.ua/jpg/2848710.jpg,Repka.ua,з Києва,43 499 .
2E EB11,https://s.ek.ua/jpg/2848710.jpg,ШО,з Києва,44 999 .
2E EB11,https://s.ek.ua/jpg/2848710.jpg,Moyo.ua,Ужгород,43 499 .
Dorozhnik Retro Planetary Hub,https://s.ek.ua/jpg/2849889.jpg,VeloGO.com.ua,з Києва,11 801 .
Dorozhnik Retro Planetary Hub,https://s.ek.ua/jpg/2849889.jpg,Moyo.ua,Ужгород,11 801 .
Dorozhnik Retro Planetary Hub,https://s.ek.ua/jpg/2849889.jpg,Groosha.ua,з Києва,11 800 .
Dorozhnik Retro Planetary Hub,https://s.ek.ua/jpg/2849889.jpg,Itbox.ua,з Києва,11 800 .
Dorozhnik Retro Planetary Hub,https://s.ek.ua/jpg/2849889.jpg,Brain.com.ua,з Києва,11 800 .
Dorozhnik Retro Planetary Hub,https://s.ek.ua/jpg/2849889.jpg,MTA.ua,з Києва,11 801 .
Dorozhnik Retro Planetary Hub,https://s.ek.ua/jpg/2849889.jpg,Rozetka.ua,з Києва,11 801 .
Discovery Bastion AM DD 29,https://s.ek.ua/jpg/2860284.jpg,Moyo.ua,Ужгород,10 363 .
Discovery Bastion AM DD 29,https://s.ek.ua/jpg/2860284.jpg,Groosha.ua,з Києва,10 363 .
Discovery Bastion AM DD 29,https://s.ek.ua/jpg/2860284.jpg,Itbox.ua,з Києва,10 363 .
Discovery Bastion AM DD 29,https://s.ek.ua/jpg/2860284.jpg,Brain.com.ua,з Києва,10 363 .
Discovery Bastion AM DD 29,https://s.ek.ua/jpg/2860284.jpg,MTA.ua,з Києва,10 363 .
Discovery Bastion AM DD 29,https://s.ek.ua/jpg/2860284.jpg,Rozetka.ua,з Києва,10 363 .
Discovery Bastion AM DD 29,https://s.ek.ua/jpg/2860284.jpg,Moyo.ua,Ужгород,10 363 .
SAMEBIKE LO26-II,https://s.ek.ua/jpg/2455599.jpg,Ecodrive.in.ua,з Одеси,41 990 .
SAMEBIKE LO26-II,https://s.ek.ua/jpg/2455599.jpg,Justbuy.com.ua,з Києва,44 999 .
SAMEBIKE LO26-II,https://s.ek.ua/jpg/2455599.jpg,Touch,з Дніпра,41 990 .
SAMEBIKE LO26-II,https://s.ek.ua/jpg/2455599.jpg,Rozetka.ua,з Києва,45 449 .
Maxxter Ranger,https://s.ek.ua/jpg/2393148.jpg,АЛЛО,Ужгород,38 999 .
Maxxter Ranger,https://s.ek.ua/jpg/2393148.jpg,Touch,з Дніпра,37 899 .
Maxxter Ranger,https://s.ek.ua/jpg/2393148.jpg,Comtrading.ua,з Києва,38 999 .
Maxxter Ranger,https://s.ek.ua/jpg/2393148.jpg,Setevuha.ua,з Києва,37 422 .
Maxxter Ranger,https://s.ek.ua/jpg/2393148.jpg,Energyua.com.ua,з Києва,38 999 .
Maxxter Ranger,https://s.ek.ua/jpg/2393148.jpg,Rozetka.ua,з Києва,38 999 .
Maxxter Ranger,https://s.ek.ua/jpg/2393148.jpg,Rozetka.ua,з Києва,40 999 .
ENGWE M20 1000W Dual,https://s.ek.ua/jpg/2447467.jpg,Ecodrive.in.ua,з Одеси,49 990 .
ENGWE M20 1000W Dual,https://s.ek.ua/jpg/2447467.jpg,Justbuy.com.ua,з Києва,49 990 .
ENGWE M20 1000W Dual,https://s.ek.ua/jpg/2447467.jpg,Touch,з Дніпра,49 990 .
ENGWE M20 1000W Dual,https://s.ek.ua/jpg/2447467.jpg,Rozetka.ua,з Києва,54 099 .
ENGWE M20 1000W Dual,https://s.ek.ua/jpg/2447467.jpg,Ecodrive.in.ua,з Одеси,49 990 .
ENGWE M20 1000W Dual,https://s.ek.ua/jpg/2447467.jpg,Justbuy.com.ua,з Києва,53 489 .
ENGWE M20 1000W Dual,https://s.ek.ua/jpg/2447467.jpg,Touch,з Дніпра,49 990 .
Crosser Dream Folding,https://s.ek.ua/jpg/1426245.jpg,Crosser.com.ua,з Києва,7 999 .
Crosser Dream Folding,https://s.ek.ua/jpg/1426245.jpg,Rozetka.ua,з Києва,7 849 .
Crosser Dream Folding,https://s.ek.ua/jpg/1426245.jpg,Crosser.com.ua,з Києва,7 999 .
E-Motion Wendat MTB 3 27.5 36V 61Ah 500W,https://s.ek.ua/jpg/2872979.jpg,Rozetka.ua,з Києва,64 180 .
E-Motion Wendat MTB 3 27.5 36V 61Ah 500W,https://s.ek.ua/jpg/2872979.jpg,Rozetka.ua,з Києва,64 180 .
E-Motion Wendat MTB 3 27.5 36V 61Ah 500W,https://s.ek.ua/jpg/2872979.jpg,Rozetka.ua,з Києва,64 180 .
E-Motion Wendat MTB 3 27.5 36V 61Ah 500W,https://s.ek.ua/jpg/2872979.jpg,Rozetka.ua,з Києва,64 180 .
E-Motion Wendat MTB 3 27.5 36V 61Ah 500W,https://s.ek.ua/jpg/2872979.jpg,Rozetka.ua,з Києва,64 180 .
Pride RocX 8.1,https://s.ek.ua/jpg/2861151.jpg,Velomarket.org.ua,з Києва,25 620 .
Pride RocX 8.1,https://s.ek.ua/jpg/2861151.jpg,VeloGO.com.ua,з Києва,25 620 .
Pride RocX 8.1,https://s.ek.ua/jpg/2861151.jpg,Enko.com.ua,з Кривого Рогу,25 620 .
Pride RocX 8.1,https://s.ek.ua/jpg/2861151.jpg,Groosha.ua,з Києва,25 620 .
Pride RocX 8.1,https://s.ek.ua/jpg/2861151.jpg,MTA.ua,з Києва,25 620 .
Pride RocX 8.1,https://s.ek.ua/jpg/2861151.jpg,Rozetka.ua,з Києва,25 620 .
X-Treme Salut 26,https://s.ek.ua/jpg/2861245.jpg,Цифра,з Києва,5 138 .
X-Treme Salut 26,https://s.ek.ua/jpg/2861245.jpg,Stylus.ua,з Києва,5 138 .
X-Treme Salut 26,https://s.ek.ua/jpg/2861245.jpg,Цифра,з Києва,5 138 .
X-Treme Salut 26,https://s.ek.ua/jpg/2861245.jpg,Stylus.ua,з Києва,5 138 .
Pride Marvel 9.3,https://s.ek.ua/jpg/2851173.jpg,Velomarket.org.ua,з Києва,21 840 .
Pride Marvel 9.3,https://s.ek.ua/jpg/2851173.jpg,VeloGO.com.ua,з Києва,21 840 .
Pride Marvel 9.3,https://s.ek.ua/jpg/2851173.jpg,Цифра,з Києва,21 840 .
Pride Marvel 9.3,https://s.ek.ua/jpg/2851173.jpg,Stylus.ua,з Києва,21 840 .
Pride Marvel 9.3,https://s.ek.ua/jpg/2851173.jpg,Enko.com.ua,з Кривого Рогу,21 840 .
Pride Marvel 9.3,https://s.ek.ua/jpg/2851173.jpg,Groosha.ua,з Києва,21 840 .
Pride Marvel 9.3,https://s.ek.ua/jpg/2851173.jpg,MTA.ua,з Києва,21 840 .
Fiido D11,https://s.ek.ua/jpg/2729949.jpg,АЛЛО,Ужгород,39 999 .
Fiido D11,https://s.ek.ua/jpg/2729949.jpg,Touch,з Дніпра,35 849 .
Fiido D11,https://s.ek.ua/jpg/2729949.jpg,Denika.ua,з Харкова,36 379 .
Fiido D11,https://s.ek.ua/jpg/2729949.jpg,Setevuha.ua,з Києва,37 834 .
Fiido D11,https://s.ek.ua/jpg/2729949.jpg,COMFY.ua,з Києва,39 999 .
Fiido D11,https://s.ek.ua/jpg/2729949.jpg,Enko.com.ua,з Кривого Рогу,35 869 .
Fiido D11,https://s.ek.ua/jpg/2729949.jpg,Comtrading.ua,з Києва,35 263 .
Dorozhnik Utility 27.5,https://s.ek.ua/jpg/2694544.jpg,VeloGO.com.ua,з Києва,10 802 .
Dorozhnik Utility 27.5,https://s.ek.ua/jpg/2694544.jpg,MTA.ua,з Києва,10 802 .
Dorozhnik Utility 27.5,https://s.ek.ua/jpg/2694544.jpg,Rozetka.ua,з Києва,10 802 .
Dorozhnik Utility 27.5,https://s.ek.ua/jpg/2694544.jpg,Rozetka.ua,з Києва,11 883 .
GT Zaskar FS Comp 29,https://s.ek.ua/jpg/2886238.jpg,Velomarket.org.ua,з Києва,70 980 .
GT Zaskar FS Comp 29,https://s.ek.ua/jpg/2886238.jpg,VeloGO.com.ua,з Києва,67 620 .
GT Zaskar FS Comp 29,https://s.ek.ua/jpg/2886238.jpg,Enko.com.ua,з Кривого Рогу,67 620 .
GT Zaskar FS Comp 29,https://s.ek.ua/jpg/2886238.jpg,Groosha.ua,з Києва,70 980 .
GT Zaskar FS Comp 29,https://s.ek.ua/jpg/2886238.jpg,MTA.ua,з Києва,67 620 .
Dorozhnik Advent DD 28,https://s.ek.ua/jpg/2694577.jpg,АЛЛО,Ужгород,14 301 .
Dorozhnik Advent DD 28,https://s.ek.ua/jpg/2694577.jpg,VeloGO.com.ua,з Києва,14 301 .
Dorozhnik Advent DD 28,https://s.ek.ua/jpg/2694577.jpg,Цифра,з Києва,14 301 .
Dorozhnik Advent DD 28,https://s.ek.ua/jpg/2694577.jpg,Stylus.ua,з Києва,14 301 .
Dorozhnik Advent DD 28,https://s.ek.ua/jpg/2694577.jpg,Moyo.ua,Ужгород,14 301 .
Dorozhnik Advent DD 28,https://s.ek.ua/jpg/2694577.jpg,Kvshop.com.ua,з Києва,14 300 .
Dorozhnik Advent DD 28,https://s.ek.ua/jpg/2694577.jpg,Groosha.ua,з Києва,14 300 .
Leon TN-90 AM,https://s.ek.ua/jpg/2741605.jpg,Rozetka.ua,з Києва,16 900 .
Leon TN-90 AM,https://s.ek.ua/jpg/2741605.jpg,Rozetka.ua,з Києва,18 400 .
Dorozhnik Onyx PH,https://s.ek.ua/jpg/2418447.jpg,АЛЛО,Ужгород,15 741 .
Dorozhnik Onyx PH,https://s.ek.ua/jpg/2418447.jpg,VeloGO.com.ua,з Києва,15 741 .
Dorozhnik Onyx PH,https://s.ek.ua/jpg/2418447.jpg,Kvshop.com.ua,з Києва,15 741 .
Dorozhnik Onyx PH,https://s.ek.ua/jpg/2418447.jpg,Itbox.ua,з Києва,15 741 .
Dorozhnik Onyx PH,https://s.ek.ua/jpg/2418447.jpg,Brain.com.ua,з Києва,15 741 .
Dorozhnik Onyx PH,https://s.ek.ua/jpg/2418447.jpg,Moyo.ua,Ужгород,15 741 .
Dorozhnik Onyx PH,https://s.ek.ua/jpg/2418447.jpg,Groosha.ua,з Києва,14 491 .
Discovery Trek AM DD 26,https://s.ek.ua/jpg/2624828.jpg,Groosha.ua,з Києва,6 292 .
Discovery Trek AM DD 26,https://s.ek.ua/jpg/2624828.jpg,Rozetka.ua,з Києва,6 832 .
Discovery Trek AM DD 26,https://s.ek.ua/jpg/2624828.jpg,Rozetka.ua,з Києва,6 919 .
Discovery Trek AM DD 26,https://s.ek.ua/jpg/2624828.jpg,Rozetka.ua,з Києва,7 516 .
Crossride Cherry 26,https://s.ek.ua/jpg/1629160.jpg,АЛЛО,Ужгород,6 908 .
Crossride Cherry 26,https://s.ek.ua/jpg/1629160.jpg,Moyo.ua,Ужгород,6 908 .
Crossride Cherry 26,https://s.ek.ua/jpg/1629160.jpg,Groosha.ua,з Києва,6 467 .
Crossride Cherry 26,https://s.ek.ua/jpg/1629160.jpg,Rozetka.ua,з Києва,6 908 .
Crossride Cherry 26,https://s.ek.ua/jpg/1629160.jpg,АЛЛО,Ужгород,6 908 .
Crossride Cherry 26,https://s.ek.ua/jpg/1629160.jpg,АЛЛО,Ужгород,6 908 .
Crossride Cherry 26,https://s.ek.ua/jpg/1629160.jpg,Moyo.ua,Ужгород,6 908 .
Maxxter Ruffer,https://s.ek.ua/jpg/1860762.jpg,Touch,з Дніпра,33 399 .
Maxxter Ruffer,https://s.ek.ua/jpg/1860762.jpg,Comtrading.ua,з Києва,34 999 .
Maxxter Ruffer,https://s.ek.ua/jpg/1860762.jpg,Energyua.com.ua,з Києва,34 999 .
Maxxter Ruffer,https://s.ek.ua/jpg/1860762.jpg,Energyua.com.ua,з Києва,34 999 .
GT Avalanche Elite 29,https://s.ek.ua/jpg/2886788.jpg,Velomarket.org.ua,з Києва,33 600 .
GT Avalanche Elite 29,https://s.ek.ua/jpg/2886788.jpg,VeloGO.com.ua,з Києва,33 600 .
GT Avalanche Elite 29,https://s.ek.ua/jpg/2886788.jpg,Enko.com.ua,з Кривого Рогу,33 600 .
GT Avalanche Elite 29,https://s.ek.ua/jpg/2886788.jpg,MTA.ua,з Києва,33 600 .
GT Avalanche Elite 29,https://s.ek.ua/jpg/2886788.jpg,Velomarket.org.ua,з Києва,33 600 .
GT Avalanche Elite 29,https://s.ek.ua/jpg/2886788.jpg,VeloGO.com.ua,з Києва,33 600 .
GT Avalanche Elite 29,https://s.ek.ua/jpg/2886788.jpg,Enko.com.ua,з Кривого Рогу,33 600 .
Dorozhnik Aquamarine 350 W,https://s.ek.ua/jpg/2450102.jpg,Rozetka.ua,з Києва,25 800 .
Dorozhnik Aquamarine 350 W,https://s.ek.ua/jpg/2450102.jpg,Rozetka.ua,з Києва,24 800 .
Crosser Angel 24,https://s.ek.ua/jpg/2873080.jpg,Crosser.com.ua,з Києва,7 799 .
Crosser Angel 24,https://s.ek.ua/jpg/2873080.jpg,Rozetka.ua,з Києва,10 499 .
Crosser Angel 24,https://s.ek.ua/jpg/2873080.jpg,Crosser.com.ua,з Києва,7 799 .
Crosser Angel 24,https://s.ek.ua/jpg/2873080.jpg,Crosser.com.ua,з Києва,7 799 .
GT Zaskar FS Sport,https://s.ek.ua/jpg/2886343.jpg,Velomarket.org.ua,з Києва,57 960 .
GT Zaskar FS Sport,https://s.ek.ua/jpg/2886343.jpg,VeloGO.com.ua,з Києва,57 960 .
GT Zaskar FS Sport,https://s.ek.ua/jpg/2886343.jpg,Enko.com.ua,з Кривого Рогу,57 960 .
GT Zaskar FS Sport,https://s.ek.ua/jpg/2886343.jpg,Groosha.ua,з Києва,57 960 .
GT Zaskar FS Sport,https://s.ek.ua/jpg/2886343.jpg,MTA.ua,з Києва,57 960 .
E-Motion MTB 29 GT 48V 16Ah 500W,https://s.ek.ua/jpg/2873006.jpg,Rozetka.ua,з Києва,42 315 .
E-Motion MTB 29 GT 48V 16Ah 500W,https://s.ek.ua/jpg/2873006.jpg,Rozetka.ua,з Києва,42 315 .
E-Motion MTB 29 GT 48V 16Ah 500W,https://s.ek.ua/jpg/2873006.jpg,Rozetka.ua,з Києва,42 315 .
E-Motion MTB 29 GT 48V 16Ah 500W,https://s.ek.ua/jpg/2873006.jpg,Rozetka.ua,з Києва,41 979 .
E-Motion MTB 29 GT 48V 16Ah 500W,https://s.ek.ua/jpg/2873006.jpg,Rozetka.ua,з Києва,41 979 .
E-Motion MTB 29 GT 48V 16Ah 500W,https://s.ek.ua/jpg/2873006.jpg,Rozetka.ua,з Києва,44 624 .
E-Motion MTB 29 GT 48V 16Ah 500W,https://s.ek.ua/jpg/2873006.jpg,Rozetka.ua,з Києва,44 624 .
Corso Kleo 26,https://s.ek.ua/jpg/2873068.jpg,Цифра,з Києва,6 119 .
Corso Kleo 26,https://s.ek.ua/jpg/2873068.jpg,Rozetka.ua,з Києва,7 799 .
Corso Kleo 26,https://s.ek.ua/jpg/2873068.jpg,Цифра,з Києва,6 002 .
Corso Kleo 26,https://s.ek.ua/jpg/2873068.jpg,Rozetka.ua,з Києва,7 799 .
Corso Kleo 26,https://s.ek.ua/jpg/2873068.jpg,Rozetka.ua,з Києва,7 799 .
Corso Kleo 26,https://s.ek.ua/jpg/2873068.jpg,Rozetka.ua,з Києва,7 799 .
Corso Kleo 26,https://s.ek.ua/jpg/2873068.jpg,Rozetka.ua,з Києва,6 937 .
Pride Mini 8,https://s.ek.ua/jpg/2503520.jpg,Velomarket.org.ua,з Києва,17 850 .
Pride Mini 8,https://s.ek.ua/jpg/2503520.jpg,VeloGO.com.ua,з Києва,17 850 .
Pride Mini 8,https://s.ek.ua/jpg/2503520.jpg,Цифра,з Києва,17 850 .
Pride Mini 8,https://s.ek.ua/jpg/2503520.jpg,Stylus.ua,з Києва,17 850 .
Pride Mini 8,https://s.ek.ua/jpg/2503520.jpg,Groosha.ua,з Києва,17 850 .
Pride Mini 8,https://s.ek.ua/jpg/2503520.jpg,Enko.com.ua,з Кривого Рогу,17 850 .
Pride Mini 8,https://s.ek.ua/jpg/2503520.jpg,Rozetka.ua,з Києва,17 850 .
Kinetic Crystal 29,https://s.ek.ua/jpg/2850697.jpg,VeloGO.com.ua,з Києва,19 565 .
Kinetic Crystal 29,https://s.ek.ua/jpg/2850697.jpg,Цифра,з Києва,19 565 .
Kinetic Crystal 29,https://s.ek.ua/jpg/2850697.jpg,Stylus.ua,з Києва,19 565 .
Kinetic Crystal 29,https://s.ek.ua/jpg/2850697.jpg,Groosha.ua,з Києва,19 565 .
Kinetic Crystal 29,https://s.ek.ua/jpg/2850697.jpg,VeloGO.com.ua,з Києва,19 565 .
Kinetic Crystal 29,https://s.ek.ua/jpg/2850697.jpg,VeloGO.com.ua,з Києва,19 565 .
Kinetic Crystal 29,https://s.ek.ua/jpg/2850697.jpg,VeloGO.com.ua,з Києва,19 565 .
Crossride City Folding 20,https://s.ek.ua/jpg/1153114.jpg,АЛЛО,Ужгород,6 777 .
Crossride City Folding 20,https://s.ek.ua/jpg/1153114.jpg,Groosha.ua,з Києва,6 793 .
Crossride City Folding 20,https://s.ek.ua/jpg/1153114.jpg,АЛЛО,Ужгород,7 245 .
Crossride City Folding 20,https://s.ek.ua/jpg/1153114.jpg,Groosha.ua,з Києва,6 793 .
Discovery Bastion AM DD 26,https://s.ek.ua/jpg/2258758.jpg,Axm.com.ua,з Харкова,8 215 .
Discovery Bastion AM DD 26,https://s.ek.ua/jpg/2258758.jpg,Rozetka.ua,з Києва,7 592 .
Discovery Bastion AM DD 26,https://s.ek.ua/jpg/2258758.jpg,Axm.com.ua,з Харкова,8 215 .
E-Motion 36V 10Ah 350W,https://s.ek.ua/jpg/2450822.jpg,Rozetka.ua,з Києва,25 190 .
E-Motion 36V 10Ah 350W,https://s.ek.ua/jpg/2450822.jpg,Rozetka.ua,з Києва,27 027 .
E-Motion 36V 10Ah 350W,https://s.ek.ua/jpg/2450822.jpg,Rozetka.ua,з Києва,27 027 .
E-Motion 36V 10Ah 350W,https://s.ek.ua/jpg/2450822.jpg,Rozetka.ua,з Києва,27 027 .
E-Motion 36V 10Ah 350W,https://s.ek.ua/jpg/2450822.jpg,Rozetka.ua,з Києва,25 190 .
E-Motion 36V 10Ah 350W,https://s.ek.ua/jpg/2450822.jpg,Rozetka.ua,з Києва,24 090 .
E-Motion 36V 10Ah 350W,https://s.ek.ua/jpg/2450822.jpg,Rozetka.ua,з Києва,24 090 .
Cyclone SX 29,https://s.ek.ua/jpg/2850028.jpg,VeloGO.com.ua,з Києва,29 283 .
Cyclone SX 29,https://s.ek.ua/jpg/2850028.jpg,Цифра,з Києва,29 284 .
Cyclone SX 29,https://s.ek.ua/jpg/2850028.jpg,Stylus.ua,з Києва,29 284 .
Cyclone SX 29,https://s.ek.ua/jpg/2850028.jpg,Groosha.ua,з Києва,29 283 .
Cyclone SX 29,https://s.ek.ua/jpg/2850028.jpg,VeloGO.com.ua,з Києва,29 283 .
Cyclone SX 29,https://s.ek.ua/jpg/2850028.jpg,VeloGO.com.ua,з Києва,29 283 .
Cyclone SX 29,https://s.ek.ua/jpg/2850028.jpg,Цифра,з Києва,29 284 .
X-Treme Sprinter 28,https://s.ek.ua/jpg/2850562.jpg,Цифра,з Києва,5 282 .
X-Treme Sprinter 28,https://s.ek.ua/jpg/2850562.jpg,Stylus.ua,з Києва,5 282 .
X-Treme Sprinter 28,https://s.ek.ua/jpg/2850562.jpg,Цифра,з Києва,5 282 .
X-Treme Sprinter 28,https://s.ek.ua/jpg/2850562.jpg,Stylus.ua,з Києва,5 282 .
Rondo RUUT AL1,https://s.ek.ua/jpg/2785884.jpg,Цифра,з Києва,77 109 .
Rondo RUUT AL1,https://s.ek.ua/jpg/2785884.jpg,Stylus.ua,з Києва,77 108 .
Rondo RUUT AL1,https://s.ek.ua/jpg/2785884.jpg,Enko.com.ua,з Кривого Рогу,77 108 .
Rondo RUUT AL1,https://s.ek.ua/jpg/2785884.jpg,Rozetka.ua,з Києва,85 830 .
Rondo RUUT AL1,https://s.ek.ua/jpg/2785884.jpg,Rozetka.ua,з Києва,90 715 .
Trek Marlin 6 Gen 2 29,https://s.ek.ua/jpg/2381659.jpg,Velotime.com.ua,з Києва,28 815 .
Trek Marlin 6 Gen 2 29,https://s.ek.ua/jpg/2381659.jpg,Velomarket.org.ua,з Києва,33 900 .
Trek Marlin 6 Gen 2 29,https://s.ek.ua/jpg/2381659.jpg,Velotime.com.ua,з Києва,28 815 .
Trek Marlin 6 Gen 2 29,https://s.ek.ua/jpg/2381659.jpg,Velotime.com.ua,з Києва,28 815 .
Trek Marlin 6 Gen 2 29,https://s.ek.ua/jpg/2381659.jpg,Velomarket.org.ua,з Києва,33 900 .
Trek Marlin 6 Gen 2 29,https://s.ek.ua/jpg/2381659.jpg,Velomarket.org.ua,з Києва,33 900 .
2E EB16,https://s.ek.ua/jpg/2785950.jpg,Artline.ua,з Києва,45 999 .
2E EB16,https://s.ek.ua/jpg/2785950.jpg,АЛЛО,Ужгород,45 999 .
2E EB16,https://s.ek.ua/jpg/2785950.jpg,Цифра,з Києва,45 999 .
2E EB16,https://s.ek.ua/jpg/2785950.jpg,Stylus.ua,з Києва,45 999 .
2E EB16,https://s.ek.ua/jpg/2785950.jpg,Repka.ua,з Києва,45 999 .
2E EB16,https://s.ek.ua/jpg/2785950.jpg,Royko.com.ua,з Києва,45 999 .
2E EB16,https://s.ek.ua/jpg/2785950.jpg,Moyo.ua,Ужгород,45 999 .
Marin Bobcat Trail 3 27.5,https://s.ek.ua/jpg/2647798.jpg,Velomarket.org.ua,з Києва,23 398 .
Marin Bobcat Trail 3 27.5,https://s.ek.ua/jpg/2647798.jpg,Axm.com.ua,з Харкова,24 760 .
ENGWE M20 1000W,https://s.ek.ua/jpg/2447412.jpg,Ecodrive.in.ua,з Одеси,43 990 .
ENGWE M20 1000W,https://s.ek.ua/jpg/2447412.jpg,Justbuy.com.ua,з Києва,43 990 .
ENGWE M20 1000W,https://s.ek.ua/jpg/2447412.jpg,Rozetka.ua,з Києва,48 389 .
ENGWE M20 1000W,https://s.ek.ua/jpg/2447412.jpg,Ecodrive.in.ua,з Одеси,43 990 .
ENGWE M20 1000W,https://s.ek.ua/jpg/2447412.jpg,Ecodrive.in.ua,з Одеси,43 990 .
ENGWE M20 1000W,https://s.ek.ua/jpg/2447412.jpg,Justbuy.com.ua,з Києва,43 990 .
ENGWE M20 1000W,https://s.ek.ua/jpg/2447412.jpg,Justbuy.com.ua,з Києва,43 990 .
2E EB17,https://s.ek.ua/jpg/2848707.jpg,Artline.ua,з Києва,48 999 .
2E EB17,https://s.ek.ua/jpg/2848707.jpg,АЛЛО,Ужгород,48 999 .
2E EB17,https://s.ek.ua/jpg/2848707.jpg,Цифра,з Києва,48 999 .
2E EB17,https://s.ek.ua/jpg/2848707.jpg,Stylus.ua,з Києва,48 999 .
2E EB17,https://s.ek.ua/jpg/2848707.jpg,Royko.com.ua,з Києва,48 999 .
2E EB17,https://s.ek.ua/jpg/2848707.jpg,Moyo.ua,Ужгород,48 999 .
2E EB17,https://s.ek.ua/jpg/2848707.jpg,FOXTROT.UA,Ужгород,48 999 .
TITAN Calypso 26,https://s.ek.ua/jpg/2786735.jpg,АЛЛО,Ужгород,6 999 .
TITAN Calypso 26,https://s.ek.ua/jpg/2786735.jpg,Groosha.ua,з Києва,7 990 .
TITAN Calypso 26,https://s.ek.ua/jpg/2786735.jpg,Rozetka.ua,з Києва,8 690 .
TITAN Calypso 26,https://s.ek.ua/jpg/2786735.jpg,Groosha.ua,з Києва,7 990 .
TITAN Calypso 26,https://s.ek.ua/jpg/2786735.jpg,Rozetka.ua,з Києва,8 189 .
TITAN Calypso 26,https://s.ek.ua/jpg/2786735.jpg,Rozetka.ua,з Києва,8 189 .
TITAN Calypso 26,https://s.ek.ua/jpg/2786735.jpg,Rozetka.ua,з Києва,7 991 .
VNC TerraWay A5 FS 26,https://s.ek.ua/jpg/2731954.jpg,Stylus.ua,з Києва,13 945 .
VNC TerraWay A5 FS 26,https://s.ek.ua/jpg/2731954.jpg,Цифра,з Києва,13 526 .
VNC TerraWay A5 FS 26,https://s.ek.ua/jpg/2731954.jpg,Groosha.ua,з Києва,13 944 .
Merida Silex 400,https://s.ek.ua/jpg/2871623.jpg,Velotime.com.ua,з Києва,68 040 .
Merida Silex 400,https://s.ek.ua/jpg/2871623.jpg,Velomarket.org.ua,з Києва,68 040 .
Merida Silex 400,https://s.ek.ua/jpg/2871623.jpg,VeloGO.com.ua,з Києва,68 040 .
Merida Silex 400,https://s.ek.ua/jpg/2871623.jpg,Velotime.com.ua,з Києва,68 040 .
Merida Silex 400,https://s.ek.ua/jpg/2871623.jpg,Velomarket.org.ua,з Києва,68 040 .
Pride Marvel 4.1,https://s.ek.ua/jpg/1544572.jpg,Velomarket.org.ua,з Києва,13 650 .
Pride Marvel 4.1,https://s.ek.ua/jpg/1544572.jpg,VeloGO.com.ua,з Києва,13 650 .
Pride Marvel 4.1,https://s.ek.ua/jpg/1544572.jpg,Groosha.ua,з Києва,13 650 .
Trek Marlin 7 Gen 2 29,https://s.ek.ua/jpg/2444524.jpg,Velotime.com.ua,з Києва,33 915 .
Trek Marlin 7 Gen 2 29,https://s.ek.ua/jpg/2444524.jpg,Velomarket.org.ua,з Києва,39 900 .
GT Grade Carbon Pro,https://s.ek.ua/jpg/2695592.jpg,Цифра,з Києва,81 355 .
GT Grade Carbon Pro,https://s.ek.ua/jpg/2695592.jpg,Stylus.ua,з Києва,81 355 .
GT Grade Carbon Pro,https://s.ek.ua/jpg/2695592.jpg,Enko.com.ua,з Кривого Рогу,81 354 .
GT Grade Carbon Pro,https://s.ek.ua/jpg/2695592.jpg,Rozetka.ua,з Києва,125 160 .
Pride Glider 6.1,https://s.ek.ua/jpg/2249536.jpg,Velomarket.org.ua,з Києва,19 530 .
Pride Glider 6.1,https://s.ek.ua/jpg/2249536.jpg,VeloGO.com.ua,з Києва,19 530 .
Pride Glider 6.1,https://s.ek.ua/jpg/2249536.jpg,Enko.com.ua,з Кривого Рогу,19 530 .
Pride Glider 6.1,https://s.ek.ua/jpg/2249536.jpg,Groosha.ua,з Києва,19 530 .
Pride Glider 6.1,https://s.ek.ua/jpg/2249536.jpg,MTA.ua,з Києва,19 530 .
Pride Glider 6.1,https://s.ek.ua/jpg/2249536.jpg,Rozetka.ua,з Києва,19 530 .
Maxxter City 2.0,https://s.ek.ua/jpg/2721553.jpg,Artline.ua,з Києва,27 999 .
Maxxter City 2.0,https://s.ek.ua/jpg/2721553.jpg,Flick І Все для геймерів,з Києва,24 929 .
Maxxter City 2.0,https://s.ek.ua/jpg/2721553.jpg,АЛЛО,Ужгород,27 999 .
Maxxter City 2.0,https://s.ek.ua/jpg/2721553.jpg,Click.ua,з Києва,29 714 .
Maxxter City 2.0,https://s.ek.ua/jpg/2721553.jpg,Kvshop.com.ua,з Києва,27 999 .
Maxxter City 2.0,https://s.ek.ua/jpg/2721553.jpg,FOXTROT.UA,Ужгород,27 999 .
Maxxter City 2.0,https://s.ek.ua/jpg/2721553.jpg,Enko.com.ua,з Кривого Рогу,24 777 .
ENGWE T14 350W,https://s.ek.ua/jpg/2453852.jpg,Touch,з Дніпра,18 990 .
ENGWE T14 350W,https://s.ek.ua/jpg/2453852.jpg,Rozetka.ua,з Києва,21 849 .
Discovery Qube AM DD 24,https://s.ek.ua/jpg/2624852.jpg,Rozetka.ua,з Києва,7 453 .
Discovery Qube AM DD 24,https://s.ek.ua/jpg/2624852.jpg,Rozetka.ua,з Києва,8 925 .
VNC MontRider A4 29,https://s.ek.ua/jpg/2657042.jpg,Stylus.ua,з Києва,12 136 .
VNC MontRider A4 29,https://s.ek.ua/jpg/2657042.jpg,Цифра,з Києва,11 772 .
VNC MontRider A4 29,https://s.ek.ua/jpg/2657042.jpg,Groosha.ua,з Києва,12 136 .
Fiido L3,https://s.ek.ua/jpg/2729950.jpg,АЛЛО,Ужгород,42 999 .
Fiido L3,https://s.ek.ua/jpg/2729950.jpg,Touch,з Дніпра,38 499 .
Fiido L3,https://s.ek.ua/jpg/2729950.jpg,MAUDAU,з Києва,45 999 .
Fiido L3,https://s.ek.ua/jpg/2729950.jpg,Rozetka.ua,з Києва,41 649 .
Fiido L3,https://s.ek.ua/jpg/2729950.jpg,Rozetka.ua,з Києва,45 999 .
Scott Scale 940,https://s.ek.ua/jpg/2635711.jpg,Velotime.com.ua,з Києва,100 000 .
Scott Scale 940,https://s.ek.ua/jpg/2635711.jpg,Velomarket.org.ua,з Києва,100 000 .
Scott Scale 940,https://s.ek.ua/jpg/2635711.jpg,VeloGO.com.ua,з Києва,99 750 .
Scott Scale 940,https://s.ek.ua/jpg/2635711.jpg,Rozetka.ua,з Києва,99 750 .
Scott Scale 940,https://s.ek.ua/jpg/2635711.jpg,Velotime.com.ua,з Києва,99 749 .
Scott Scale 940,https://s.ek.ua/jpg/2635711.jpg,Velotime.com.ua,з Києва,99 749 .
Scott Scale 940,https://s.ek.ua/jpg/2635711.jpg,Velomarket.org.ua,з Києва,99 749 .
Scott Scale 940,https://s.ek.ua/jpg/1960030.jpg,Velotime.com.ua,з Києва,63 000 .
Scott Scale 940,https://s.ek.ua/jpg/1960030.jpg,Velomarket.org.ua,з Києва,63 000 .
Scott Scale 940,https://s.ek.ua/jpg/1960030.jpg,VeloGO.com.ua,з Києва,57 960 .
ORBEA Onna 50,https://s.ek.ua/jpg/2441476.jpg,Rozetka.ua,з Києва,26 965 .
ORBEA Onna 50,https://s.ek.ua/jpg/2441476.jpg,Rozetka.ua,з Києва,23 716 .
Crossride Madman 27.5 frame 17,https://s.ek.ua/jpg/2016960.jpg,Moyo.ua,Ужгород,7 470 .
Crossride Madman 27.5 frame 17,https://s.ek.ua/jpg/2016960.jpg,Rozetka.ua,з Києва,7 470 .
Crossride Madman 27.5 frame 17,https://s.ek.ua/jpg/2016960.jpg,Moyo.ua,Ужгород,7 470 .
Crossride Madman 27.5 frame 17,https://s.ek.ua/jpg/2016960.jpg,Moyo.ua,Ужгород,7 470 .
Crossride Madman 27.5 frame 17,https://s.ek.ua/jpg/2016960.jpg,Moyo.ua,Ужгород,7 470 .
Crossride Madman 27.5 frame 17,https://s.ek.ua/jpg/2016960.jpg,Rozetka.ua,з Києва,7 470 .
Crossride Madman 27.5 frame 17,https://s.ek.ua/jpg/2016960.jpg,Rozetka.ua,з Києва,7 470 .
Ardis M20D MTB,https://s.ek.ua/jpg/1342420.jpg,АЛЛО,Ужгород,10 278 .
Ardis M20D MTB,https://s.ek.ua/jpg/1342420.jpg,Moyo.ua,Ужгород,10 278 .
Ardis M20D MTB,https://s.ek.ua/jpg/1342420.jpg,Groosha.ua,з Києва,9 727 .
Ardis M20D MTB,https://s.ek.ua/jpg/1342420.jpg,Rozetka.ua,з Києва,10 278 .
Ardis M20D MTB,https://s.ek.ua/jpg/1342420.jpg,Groosha.ua,з Києва,9 727 .
Leon GR-90 HDD,https://s.ek.ua/jpg/2730204.jpg,АЛЛО,Ужгород,24 844 .
Leon GR-90 HDD,https://s.ek.ua/jpg/2730204.jpg,VeloGO.com.ua,з Києва,24 844 .
Leon GR-90 HDD,https://s.ek.ua/jpg/2730204.jpg,Цифра,з Києва,24 844 .
Leon GR-90 HDD,https://s.ek.ua/jpg/2730204.jpg,Stylus.ua,з Києва,24 844 .
Leon GR-90 HDD,https://s.ek.ua/jpg/2730204.jpg,Moyo.ua,Ужгород,27 950 .
Leon GR-90 HDD,https://s.ek.ua/jpg/2730204.jpg,Groosha.ua,з Києва,24 844 .
Leon GR-90 HDD,https://s.ek.ua/jpg/2730204.jpg,Itbox.ua,з Києва,24 844 .
Ardis Dacota 29 frame 21,https://s.ek.ua/jpg/2012840.jpg,АЛЛО,Ужгород,10 839 .
Ardis Dacota 29 frame 21,https://s.ek.ua/jpg/2012840.jpg,Moyo.ua,Ужгород,10 839 .
Ardis Dacota 29 frame 21,https://s.ek.ua/jpg/2012840.jpg,Rozetka.ua,з Києва,10 839 .
Ardis Dacota 29 frame 21,https://s.ek.ua/jpg/2012840.jpg,АЛЛО,Ужгород,10 839 .
Ardis Dacota 29 frame 21,https://s.ek.ua/jpg/2012840.jpg,Moyo.ua,Ужгород,10 839 .
Ardis Dacota 29 frame 21,https://s.ek.ua/jpg/2012840.jpg,Rozetka.ua,з Києва,10 839 .
Marin Bobcat Trail 4 29,https://s.ek.ua/jpg/2183160.jpg,Velomarket.org.ua,з Києва,28 560 .
Marin Bobcat Trail 4 29,https://s.ek.ua/jpg/2183160.jpg,VeloGO.com.ua,з Києва,28 560 .
Marin Bobcat Trail 4 29,https://s.ek.ua/jpg/2183160.jpg,Groosha.ua,з Києва,28 560 .
Marin Bobcat Trail 4 29,https://s.ek.ua/jpg/2183160.jpg,Enko.com.ua,з Кривого Рогу,28 560 .
Marin Bobcat Trail 4 29,https://s.ek.ua/jpg/2183160.jpg,Rozetka.ua,з Києва,28 560 .
Marin Bobcat Trail 4 29,https://s.ek.ua/jpg/2183160.jpg,Rozetka.ua,з Києва,28 560 .
Discovery Bastion AM DD 26,https://s.ek.ua/jpg/2624863.jpg,Цифра,з Києва,7 577 .
Discovery Bastion AM DD 26,https://s.ek.ua/jpg/2624863.jpg,Stylus.ua,з Києва,7 577 .
Discovery Bastion AM DD 26,https://s.ek.ua/jpg/2624863.jpg,Repka.ua,з Києва,8 579 .
Discovery Bastion AM DD 26,https://s.ek.ua/jpg/2624863.jpg,Moyo.ua,Ужгород,8 579 .
Discovery Bastion AM DD 26,https://s.ek.ua/jpg/2624863.jpg,Sokol.ua,з Києва,8 579 .
Discovery Bastion AM DD 26,https://s.ek.ua/jpg/2624863.jpg,Groosha.ua,з Києва,6 977 .
Discovery Bastion AM DD 26,https://s.ek.ua/jpg/2624863.jpg,Itbox.ua,з Києва,7 577 .
GT Aggressor Expert 29,https://s.ek.ua/jpg/2783585.jpg,Velomarket.org.ua,з Києва,23 940 .
GT Aggressor Expert 29,https://s.ek.ua/jpg/2783585.jpg,VeloGO.com.ua,з Києва,23 940 .
GT Aggressor Expert 29,https://s.ek.ua/jpg/2783585.jpg,Цифра,з Києва,23 940 .
GT Aggressor Expert 29,https://s.ek.ua/jpg/2783585.jpg,Stylus.ua,з Києва,23 940 .
GT Aggressor Expert 29,https://s.ek.ua/jpg/2783585.jpg,Groosha.ua,з Києва,23 940 .
GT Aggressor Expert 29,https://s.ek.ua/jpg/2783585.jpg,Enko.com.ua,з Кривого Рогу,23 940 .
GT Aggressor Expert 29,https://s.ek.ua/jpg/2783585.jpg,Rozetka.ua,з Києва,23 940 .
VNC TerraWay A3 FS 26,https://s.ek.ua/jpg/2731937.jpg,Stylus.ua,з Києва,12 645 .
VNC TerraWay A3 FS 26,https://s.ek.ua/jpg/2731937.jpg,Цифра,з Києва,12 266 .
VNC TerraWay A3 FS 26,https://s.ek.ua/jpg/2731937.jpg,Groosha.ua,з Києва,12 645 .
Merida Silex 4000,https://s.ek.ua/jpg/2543784.jpg,Velotime.com.ua,з Києва,80 717 .
Merida Silex 4000,https://s.ek.ua/jpg/2543784.jpg,Velomarket.org.ua,з Києва,80 717 .
X-Treme Rider 28,https://s.ek.ua/jpg/2861239.jpg,Цифра,з Києва,5 282 .
X-Treme Rider 28,https://s.ek.ua/jpg/2861239.jpg,Stylus.ua,з Києва,5 282 .
X-Treme Rider 28,https://s.ek.ua/jpg/2861239.jpg,Rozetka.ua,з Києва,5 640 .
X-Treme Rider 28,https://s.ek.ua/jpg/2861239.jpg,Цифра,з Києва,5 282 .
X-Treme Rider 28,https://s.ek.ua/jpg/2861239.jpg,Stylus.ua,з Києва,5 282 .
X-Treme Rider 28,https://s.ek.ua/jpg/2861239.jpg,Rozetka.ua,з Києва,5 640 .
E-Motion MTB 29 GT 48V 19Ah 500W,https://s.ek.ua/jpg/2873011.jpg,Rozetka.ua,з Києва,44 714 .
E-Motion MTB 29 GT 48V 19Ah 500W,https://s.ek.ua/jpg/2873011.jpg,Rozetka.ua,з Києва,47 371 .
E-Motion MTB 29 GT 48V 19Ah 500W,https://s.ek.ua/jpg/2873011.jpg,Rozetka.ua,з Києва,47 371 .
E-Motion MTB 29 GT 48V 19Ah 500W,https://s.ek.ua/jpg/2873011.jpg,Rozetka.ua,з Києва,47 371 .
E-Motion MTB 29 GT 48V 19Ah 500W,https://s.ek.ua/jpg/2873011.jpg,Rozetka.ua,з Києва,47 371 .
E-Motion MTB 29 GT 48V 19Ah 500W,https://s.ek.ua/jpg/2873011.jpg,Rozetka.ua,з Києва,44 714 .
E-Motion MTB 29 GT 48V 19Ah 500W,https://s.ek.ua/jpg/2873011.jpg,Rozetka.ua,з Києва,49 681 .
Trek FX 2 Disc,https://s.ek.ua/jpg/2271195.jpg,Velotime.com.ua,з Києва,22 610 .
Trek FX 2 Disc,https://s.ek.ua/jpg/2271195.jpg,Velomarket.org.ua,з Києва,22 610 .
KONA Dew,https://s.ek.ua/jpg/2513803.jpg,VeloGO.com.ua,з Києва,21 458 .
KONA Dew,https://s.ek.ua/jpg/2513803.jpg,Цифра,з Києва,25 245 .
KONA Dew,https://s.ek.ua/jpg/2513803.jpg,Stylus.ua,з Києва,25 245 .
KONA Dew,https://s.ek.ua/jpg/2513803.jpg,Rozetka.ua,з Києва,25 245 .
Ardis Buggy MTB 24,https://s.ek.ua/jpg/1828756.jpg,АЛЛО,Ужгород,8 144 .
Ardis Buggy MTB 24,https://s.ek.ua/jpg/1828756.jpg,Moyo.ua,Ужгород,8 144 .
Ardis Buggy MTB 24,https://s.ek.ua/jpg/1828756.jpg,Groosha.ua,з Києва,7 608 .
Ardis Buggy MTB 24,https://s.ek.ua/jpg/1828756.jpg,Rozetka.ua,з Києва,8 144 .
Ardis Buggy MTB 24,https://s.ek.ua/jpg/1828756.jpg,АЛЛО,Ужгород,8 144 .
Ardis Buggy MTB 24,https://s.ek.ua/jpg/1828756.jpg,Moyo.ua,Ужгород,8 144 .
Ardis Buggy MTB 24,https://s.ek.ua/jpg/1828756.jpg,Groosha.ua,з Києва,7 608 .
Leon TN-50 AM HDD,https://s.ek.ua/jpg/2246660.jpg,VeloGO.com.ua,з Києва,26 707 .
Leon TN-50 AM HDD,https://s.ek.ua/jpg/2246660.jpg,Цифра,з Києва,26 707 .
Leon TN-50 AM HDD,https://s.ek.ua/jpg/2246660.jpg,Stylus.ua,з Києва,26 707 .
Leon TN-50 AM HDD,https://s.ek.ua/jpg/2246660.jpg,Kvshop.com.ua,з Києва,26 707 .
Leon TN-50 AM HDD,https://s.ek.ua/jpg/2246660.jpg,Itbox.ua,з Києва,26 707 .
Leon TN-50 AM HDD,https://s.ek.ua/jpg/2246660.jpg,Brain.com.ua,з Києва,26 707 .
Leon TN-50 AM HDD,https://s.ek.ua/jpg/2246660.jpg,Moyo.ua,Ужгород,31 709 .
Pride Stella 7.2,https://s.ek.ua/jpg/2656145.jpg,Velomarket.org.ua,з Києва,16 380 .
Pride Stella 7.2,https://s.ek.ua/jpg/2656145.jpg,VeloGO.com.ua,з Києва,16 380 .
Pride Stella 7.2,https://s.ek.ua/jpg/2656145.jpg,Цифра,з Києва,16 381 .
Pride Stella 7.2,https://s.ek.ua/jpg/2656145.jpg,Stylus.ua,з Києва,16 381 .
Pride Stella 7.2,https://s.ek.ua/jpg/2656145.jpg,Groosha.ua,з Києва,16 380 .
Pride Stella 7.2,https://s.ek.ua/jpg/2656145.jpg,Enko.com.ua,з Кривого Рогу,16 380 .
Pride Stella 7.2,https://s.ek.ua/jpg/2656145.jpg,Rozetka.ua,з Києва,16 380 .
Merida One-Twenty 400,https://s.ek.ua/jpg/2503742.jpg,Velotime.com.ua,з Києва,67 267 .
Merida One-Twenty 400,https://s.ek.ua/jpg/2503742.jpg,Velomarket.org.ua,з Києва,67 267 .
Merida One-Twenty 400,https://s.ek.ua/jpg/2503742.jpg,VeloGO.com.ua,з Києва,67 267 .
Profi MTB2401-2,https://s.ek.ua/jpg/2783575.jpg,Цифра,з Києва,8 574 .
Profi MTB2401-2,https://s.ek.ua/jpg/2783575.jpg,Rozetka.ua,з Києва,14 419 .
Profi MTB2401-2,https://s.ek.ua/jpg/2783575.jpg,Цифра,з Києва,7 483 .
Profi MTB2401-2,https://s.ek.ua/jpg/2783575.jpg,Rozetka.ua,з Києва,8 999 .
Profi MTB2401-2,https://s.ek.ua/jpg/2783575.jpg,Rozetka.ua,з Києва,9 161 .
Profi MTB2401-2,https://s.ek.ua/jpg/2783575.jpg,Rozetka.ua,з Києва,14 359 .
Profi MTB2401-2,https://s.ek.ua/jpg/2783575.jpg,Rozetka.ua,з Києва,11 394 .
Trek Marlin 7 Gen 2 29,https://s.ek.ua/jpg/2397259.jpg,Velotime.com.ua,з Києва,33 915 .
Trek Marlin 7 Gen 2 29,https://s.ek.ua/jpg/2397259.jpg,Velomarket.org.ua,з Києва,39 900 .
Trek Marlin 7 Gen 2 29,https://s.ek.ua/jpg/2397259.jpg,Velomarket.org.ua,з Києва,39 900 .
Ardis Flex 24,https://s.ek.ua/jpg/1630748.jpg,АЛЛО,Ужгород,9 155 .
Ardis Flex 24,https://s.ek.ua/jpg/1630748.jpg,Rozetka.ua,з Києва,9 155 .
Ardis Flex 24,https://s.ek.ua/jpg/1630748.jpg,Rozetka.ua,з Києва,9 155 .
Crosser DeMarche 700C 11spd frame 19,https://s.ek.ua/jpg/2873099.jpg,Crosser.com.ua,з Києва,22 199 .
Crosser DeMarche 700C 11spd frame 19,https://s.ek.ua/jpg/2873099.jpg,Crosser.com.ua,з Києва,22 199 .
Crosser DeMarche 700C 11spd frame 19,https://s.ek.ua/jpg/2873099.jpg,Crosser.com.ua,з Києва,22 199 .
Cannondale Topstone 4,https://s.ek.ua/jpg/2260117.jpg,VeloGO.com.ua,з Києва,42 804 .
Cannondale Topstone 4,https://s.ek.ua/jpg/2260117.jpg,VeloGO.com.ua,з Києва,42 804 .
Oskar Predator 26,https://s.ek.ua/jpg/2850723.jpg,Axm.com.ua,з Харкова,10 920 .
Oskar Predator 26,https://s.ek.ua/jpg/2850723.jpg,Groosha.ua,з Києва,10 920 .
Oskar Predator 26,https://s.ek.ua/jpg/2850723.jpg,Rozetka.ua,з Києва,11 400 .
Oskar Predator 26,https://s.ek.ua/jpg/2850723.jpg,Axm.com.ua,з Харкова,10 920 .
Oskar Predator 26,https://s.ek.ua/jpg/2850723.jpg,Groosha.ua,з Києва,10 920 .
Oskar Predator 26,https://s.ek.ua/jpg/2850723.jpg,Rozetka.ua,з Києва,11 800 .
Oskar Predator 26,https://s.ek.ua/jpg/2850723.jpg,Rozetka.ua,з Києва,10 920 .
ORBEA Onna 20,https://s.ek.ua/jpg/2441587.jpg,АЛЛО,Ужгород,45 226 .
ORBEA Onna 20,https://s.ek.ua/jpg/2441587.jpg,VeloGO.com.ua,з Києва,37 689 .
ORBEA Onna 20,https://s.ek.ua/jpg/2441587.jpg,Palladium.ua,з Києва,37 689 .
ORBEA Onna 20,https://s.ek.ua/jpg/2441587.jpg,Mobitek.com.ua,з Києва,31 851 .
ORBEA Onna 20,https://s.ek.ua/jpg/2441587.jpg,Rozetka.ua,з Києва,37 689 .
Giant Momentum UX 3S 27.5,https://s.ek.ua/jpg/2502654.jpg,Velotime.com.ua,з Києва,41 790 .
Giant Momentum UX 3S 27.5,https://s.ek.ua/jpg/2502654.jpg,Velomarket.org.ua,з Києва,41 790 .
Giant Momentum UX 3S 27.5,https://s.ek.ua/jpg/2502654.jpg,Velotime.com.ua,з Києва,41 790 .
Giant Momentum UX 3S 27.5,https://s.ek.ua/jpg/2502654.jpg,Velomarket.org.ua,з Києва,41 790 .
Pride Marvel 7.1,https://s.ek.ua/jpg/2398892.jpg,Velomarket.org.ua,з Києва,15 960 .
Pride Marvel 7.1,https://s.ek.ua/jpg/2398892.jpg,VeloGO.com.ua,з Києва,15 960 .
Pride Marvel 7.1,https://s.ek.ua/jpg/2398892.jpg,Groosha.ua,з Києва,15 960 .
Pride Marvel 7.1,https://s.ek.ua/jpg/2398892.jpg,Enko.com.ua,з Кривого Рогу,15 960 .
Pride Marvel 7.1,https://s.ek.ua/jpg/2398892.jpg,Rozetka.ua,з Києва,15 960 .
Pride Marvel 7.1,https://s.ek.ua/jpg/2398892.jpg,Rozetka.ua,з Києва,15 960 .
Pride Indie 9.1,https://s.ek.ua/jpg/2656126.jpg,VeloGO.com.ua,з Києва,19 100 .
Pride Indie 9.1,https://s.ek.ua/jpg/2656126.jpg,Цифра,з Києва,19 101 .
Pride Indie 9.1,https://s.ek.ua/jpg/2656126.jpg,Stylus.ua,з Києва,19 101 .
Pride Indie 9.1,https://s.ek.ua/jpg/2656126.jpg,Enko.com.ua,з Кривого Рогу,19 100 .
Pride Indie 9.1,https://s.ek.ua/jpg/2656126.jpg,Groosha.ua,з Києва,19 100 .
Pride Indie 9.1,https://s.ek.ua/jpg/2656126.jpg,Rozetka.ua,з Києва,19 100 .
Pride Indie 9.1,https://s.ek.ua/jpg/2656126.jpg,Rozetka.ua,з Києва,22 470 .
Ardis GTA 29 frame 17,https://s.ek.ua/jpg/2738364.jpg,АЛЛО,Ужгород,12 019 .
Ardis GTA 29 frame 17,https://s.ek.ua/jpg/2738364.jpg,Moyo.ua,Ужгород,12 019 .
Ardis GTA 29 frame 17,https://s.ek.ua/jpg/2738364.jpg,Groosha.ua,з Києва,11 358 .
Ardis GTA 29 frame 17,https://s.ek.ua/jpg/2738364.jpg,Rozetka.ua,з Києва,12 019 .
Ardis GTA 29 frame 17,https://s.ek.ua/jpg/2738364.jpg,АЛЛО,Ужгород,12 019 .
Ardis GTA 29 frame 17,https://s.ek.ua/jpg/2738364.jpg,АЛЛО,Ужгород,12 019 .
Ardis GTA 29 frame 17,https://s.ek.ua/jpg/2738364.jpg,Moyo.ua,Ужгород,12 019 .
Dorozhnik Comfort Male 28,https://s.ek.ua/jpg/2653077.jpg,VeloGO.com.ua,з Києва,8 491 .
Dorozhnik Comfort Male 28,https://s.ek.ua/jpg/2653077.jpg,Цифра,з Києва,8 491 .
Dorozhnik Comfort Male 28,https://s.ek.ua/jpg/2653077.jpg,Stylus.ua,з Києва,8 491 .
Dorozhnik Comfort Male 28,https://s.ek.ua/jpg/2653077.jpg,Moyo.ua,Ужгород,8 491 .
Dorozhnik Comfort Male 28,https://s.ek.ua/jpg/2653077.jpg,Kvshop.com.ua,з Києва,8 490 .
Dorozhnik Comfort Male 28,https://s.ek.ua/jpg/2653077.jpg,Itbox.ua,з Києва,8 490 .
Dorozhnik Comfort Male 28,https://s.ek.ua/jpg/2653077.jpg,Brain.com.ua,з Києва,8 490 .
Marin Bobcat Trail 3 29,https://s.ek.ua/jpg/2647803.jpg,Axm.com.ua,з Харкова,24 760 .
Marin Bobcat Trail 3 29,https://s.ek.ua/jpg/2647803.jpg,Axm.com.ua,з Харкова,24 760 .
Merida Big.Nine 15,https://s.ek.ua/jpg/2634441.jpg,Velotime.com.ua,з Києва,21 384 .
Merida Big.Nine 15,https://s.ek.ua/jpg/2634441.jpg,Velomarket.org.ua,з Києва,21 384 .
Merida Big.Nine 15,https://s.ek.ua/jpg/2634441.jpg,Velotime.com.ua,з Києва,21 384 .
Merida Big.Nine 15,https://s.ek.ua/jpg/2634441.jpg,Velotime.com.ua,з Києва,21 384 .
Merida Big.Nine 15,https://s.ek.ua/jpg/2634441.jpg,Velomarket.org.ua,з Києва,21 384 .
Merida Big.Nine 15,https://s.ek.ua/jpg/2634441.jpg,Velomarket.org.ua,з Києва,21 384 .
Author A-Matrix 26,https://s.ek.ua/jpg/2434151.jpg,Velotime.com.ua,з Києва,18 270 .
Author A-Matrix 26,https://s.ek.ua/jpg/2434151.jpg,Velomarket.org.ua,з Києва,18 270 .
Author A-Matrix 26,https://s.ek.ua/jpg/2434151.jpg,Цифра,з Києва,18 270 .
Author A-Matrix 26,https://s.ek.ua/jpg/2434151.jpg,Stylus.ua,з Києва,18 270 .
Author A-Matrix 26,https://s.ek.ua/jpg/2434151.jpg,Будинок Іграшок,з Києва,18 270 .
Author A-Matrix 26,https://s.ek.ua/jpg/2434151.jpg,Velotime.com.ua,з Києва,18 270 .
Author A-Matrix 26,https://s.ek.ua/jpg/2434151.jpg,Velotime.com.ua,з Києва,18 270 .
Author Ultima 24,https://s.ek.ua/jpg/2500463.jpg,Velotime.com.ua,з Києва,16 170 .
Author Ultima 24,https://s.ek.ua/jpg/2500463.jpg,Velomarket.org.ua,з Києва,16 170 .
Author Ultima 24,https://s.ek.ua/jpg/2500463.jpg,Цифра,з Києва,16 170 .
Author Ultima 24,https://s.ek.ua/jpg/2500463.jpg,Rozetka.ua,з Києва,16 979 .
Author Ultima 24,https://s.ek.ua/jpg/2500463.jpg,Velotime.com.ua,з Києва,16 170 .
Author Ultima 24,https://s.ek.ua/jpg/2500463.jpg,Velomarket.org.ua,з Києва,16 170 .
Author Ultima 24,https://s.ek.ua/jpg/2500463.jpg,Velomarket.org.ua,з Києва,14 553 .
Ardis Tucan 29 frame 20,https://s.ek.ua/jpg/2738340.jpg,Moyo.ua,Ужгород,18 870 .
Ardis Tucan 29 frame 20,https://s.ek.ua/jpg/2738340.jpg,Groosha.ua,з Києва,17 878 .
Ardis Tucan 29 frame 20,https://s.ek.ua/jpg/2738340.jpg,Rozetka.ua,з Києва,17 073 .
Ardis Tucan 29 frame 20,https://s.ek.ua/jpg/2738340.jpg,Moyo.ua,Ужгород,17 073 .
Ardis Tucan 29 frame 20,https://s.ek.ua/jpg/2738340.jpg,Groosha.ua,з Києва,17 878 .
Ardis Tucan 29 frame 20,https://s.ek.ua/jpg/2738340.jpg,Groosha.ua,з Києва,17 878 .
Ardis Tucan 29 frame 20,https://s.ek.ua/jpg/2738340.jpg,Groosha.ua,з Києва,17 878 .
Marin Stinson 1,https://s.ek.ua/jpg/2851198.jpg,VeloGO.com.ua,з Києва,20 580 .
Marin Stinson 1,https://s.ek.ua/jpg/2851198.jpg,Enko.com.ua,з Кривого Рогу,20 580 .
Marin Stinson 1,https://s.ek.ua/jpg/2851198.jpg,Rozetka.ua,з Києва,20 580 .
Crossride Skyline 24,https://s.ek.ua/jpg/1629128.jpg,АЛЛО,Ужгород,6 627 .
Crossride Skyline 24,https://s.ek.ua/jpg/1629128.jpg,Rozetka.ua,з Києва,6 515 .
Crossride Skyline 24,https://s.ek.ua/jpg/1629128.jpg,АЛЛО,Ужгород,6 627 .
Crossride Skyline 24,https://s.ek.ua/jpg/1629128.jpg,Rozetka.ua,з Києва,6 515 .
Crossride Skyline 24,https://s.ek.ua/jpg/1629128.jpg,Rozetka.ua,з Києва,6 515 .
Bergamont Revox 3 29,https://s.ek.ua/jpg/2737298.jpg,Velotime.com.ua,з Києва,23 594 .
Bergamont Revox 3 29,https://s.ek.ua/jpg/2737298.jpg,Velomarket.org.ua,з Києва,23 594 .
Bergamont Revox 3 29,https://s.ek.ua/jpg/2737298.jpg,Цифра,з Києва,23 594 .
Bergamont Revox 3 29,https://s.ek.ua/jpg/2737298.jpg,Stylus.ua,з Києва,23 594 .
Bergamont Revox 3 29,https://s.ek.ua/jpg/2737298.jpg,Groosha.ua,з Києва,23 594 .
Ardis Paian M 28,https://s.ek.ua/jpg/2859897.jpg,АЛЛО,Ужгород,5 785 .
Ardis Paian M 28,https://s.ek.ua/jpg/2859897.jpg,Moyo.ua,Ужгород,5 785 .
Ardis Paian M 28,https://s.ek.ua/jpg/2859897.jpg,Rozetka.ua,з Києва,5 785 .
Ardis Paiana D 28,https://s.ek.ua/jpg/2859895.jpg,АЛЛО,Ужгород,6 122 .
Ardis Paiana D 28,https://s.ek.ua/jpg/2859895.jpg,Moyo.ua,Ужгород,6 122 .
Ardis Paiana D 28,https://s.ek.ua/jpg/2859895.jpg,Rozetka.ua,з Києва,6 122 .
Ardis Paiana D 28,https://s.ek.ua/jpg/2859895.jpg,АЛЛО,Ужгород,6 122 .
Ardis Paiana D 28,https://s.ek.ua/jpg/2859895.jpg,Moyo.ua,Ужгород,6 122 .
Ardis Paiana D 28,https://s.ek.ua/jpg/2859895.jpg,Rozetka.ua,з Києва,6 122 .
Ardis New Fold 24,https://s.ek.ua/jpg/1630542.jpg,АЛЛО,Ужгород,7 245 .
Ardis New Fold 24,https://s.ek.ua/jpg/1630542.jpg,Moyo.ua,Ужгород,7 245 .
Ardis New Fold 24,https://s.ek.ua/jpg/1630542.jpg,Groosha.ua,з Києва,6 793 .
Ardis New Fold 24,https://s.ek.ua/jpg/1630542.jpg,Rozetka.ua,з Києва,7 245 .
Ardis New Fold 24,https://s.ek.ua/jpg/1630542.jpg,Groosha.ua,з Києва,6 793 .
Ardis New Fold 24,https://s.ek.ua/jpg/1630542.jpg,Groosha.ua,з Києва,6 793 .
Dorozhnik Lux Planetary Hub 26,https://s.ek.ua/jpg/2694607.jpg,АЛЛО,Ужгород,11 184 .
Dorozhnik Lux Planetary Hub 26,https://s.ek.ua/jpg/2694607.jpg,VeloGO.com.ua,з Києва,11 184 .
Dorozhnik Lux Planetary Hub 26,https://s.ek.ua/jpg/2694607.jpg,Groosha.ua,з Києва,11 184 .
Dorozhnik Lux Planetary Hub 26,https://s.ek.ua/jpg/2694607.jpg,Itbox.ua,з Києва,11 184 .
Dorozhnik Lux Planetary Hub 26,https://s.ek.ua/jpg/2694607.jpg,Brain.com.ua,з Києва,11 184 .
Dorozhnik Lux Planetary Hub 26,https://s.ek.ua/jpg/2694607.jpg,MTA.ua,з Києва,11 184 .
Dorozhnik Lux Planetary Hub 26,https://s.ek.ua/jpg/2694607.jpg,Rozetka.ua,з Києва,9 999 .
Dorozhnik Lux Planetary Hub 26,https://s.ek.ua/jpg/1547267.jpg,Rozetka.ua,з Києва,11 184 .
Dorozhnik Lux Planetary Hub 26,https://s.ek.ua/jpg/1547267.jpg,Rozetka.ua,з Києва,11 184 .
Ardis Linda 28,https://s.ek.ua/jpg/2850716.jpg,АЛЛО,Ужгород,7 526 .
Ardis Linda 28,https://s.ek.ua/jpg/2850716.jpg,Moyo.ua,Ужгород,7 526 .
Ardis Linda 28,https://s.ek.ua/jpg/2850716.jpg,Rozetka.ua,з Києва,7 526 .
Ardis Linda 28,https://s.ek.ua/jpg/2850716.jpg,Moyo.ua,Ужгород,7 526 .
Ardis Linda 28,https://s.ek.ua/jpg/2850716.jpg,Moyo.ua,Ужгород,7 526 .
Ardis Linda 28,https://s.ek.ua/jpg/2850716.jpg,Rozetka.ua,з Києва,7 526 .
Ardis Linda 28,https://s.ek.ua/jpg/2850716.jpg,Rozetka.ua,з Києва,7 526 .
Vento Foldy,https://s.ek.ua/jpg/2050057.jpg,Цифра,з Києва,15 999 .
Vento Foldy,https://s.ek.ua/jpg/2050057.jpg,Stylus.ua,з Києва,15 999 .
Ardis E-Man,https://s.ek.ua/jpg/920996.jpg,АЛЛО,Ужгород,33 696 .
Ardis E-Man,https://s.ek.ua/jpg/920996.jpg,Rozetka.ua,з Києва,33 696 .
Comanche Elit frame 50,https://s.ek.ua/jpg/791010.jpg,Velotime.com.ua,з Києва,26 379 .
Comanche Elit frame 50,https://s.ek.ua/jpg/791010.jpg,Velomarket.org.ua,з Києва,26 379 .
Avanti Canyon 27.5,https://s.ek.ua/jpg/2738274.jpg,Groosha.ua,з Києва,13 461 .
Avanti Canyon 27.5,https://s.ek.ua/jpg/2738274.jpg,Rozetka.ua,з Києва,22 030 .
Avanti Canyon 27.5,https://s.ek.ua/jpg/2738274.jpg,Groosha.ua,з Києва,13 461 .
HIMO C30R,https://s.ek.ua/jpg/2062147.jpg,АЛЛО,Ужгород,69 999 .
HIMO C30R,https://s.ek.ua/jpg/2062147.jpg,Touch,з Дніпра,61 099 .
HIMO C30R,https://s.ek.ua/jpg/2062147.jpg,Setevuha.ua,з Києва,65 800 .
HIMO C30R,https://s.ek.ua/jpg/2062147.jpg,Timesport.in.ua,з Львова,58 922 .
HIMO C30R,https://s.ek.ua/jpg/2062147.jpg,Comtrading.ua,з Києва,58 722 .
HIMO C30R,https://s.ek.ua/jpg/2062147.jpg,Enko.com.ua,з Кривого Рогу,61 294 .
HIMO C30R,https://s.ek.ua/jpg/2062147.jpg,Ebox24.biz,з Львова,82 847 .
Merida Big.Nine 60-2x,https://s.ek.ua/jpg/2436686.jpg,Velotime.com.ua,з Києва,28 774 .
Merida Big.Nine 60-2x,https://s.ek.ua/jpg/2436686.jpg,Velomarket.org.ua,з Києва,28 774 .
Merida Big.Nine 60-2x,https://s.ek.ua/jpg/2436686.jpg,VeloGO.com.ua,з Києва,28 774 .
Merida Big.Nine 60-2x,https://s.ek.ua/jpg/2436686.jpg,Velotime.com.ua,з Києва,28 774 .
Merida Big.Nine 60-2x,https://s.ek.ua/jpg/2436686.jpg,Velotime.com.ua,з Києва,28 774 .
Merida Big.Nine 60-2x,https://s.ek.ua/jpg/2436686.jpg,Velomarket.org.ua,з Києва,28 774 .
Merida Big.Nine 60-2x,https://s.ek.ua/jpg/2436686.jpg,Velomarket.org.ua,з Києва,28 774 .
Forte Aurora MTB 26,https://s.ek.ua/jpg/2786081.jpg,Цифра,з Києва,6 696 .
Forte Aurora MTB 26,https://s.ek.ua/jpg/2786081.jpg,Stylus.ua,з Києва,6 696 .
Forte Aurora MTB 26,https://s.ek.ua/jpg/2786081.jpg,Болгарка.укр,з Житомира,7 944 .
Forte Aurora MTB 26,https://s.ek.ua/jpg/2786081.jpg,Tviy-Dim.com,з Києва,6 915 .
Forte Aurora MTB 26,https://s.ek.ua/jpg/2786081.jpg,FOXTROT.UA,Ужгород,6 591 .
Forte Aurora MTB 26,https://s.ek.ua/jpg/2786081.jpg,Rozetka.ua,з Києва,7 141 .
Forte Aurora MTB 26,https://s.ek.ua/jpg/2786081.jpg,Болгарка.укр,з Житомира,7 944 .
Giant ARX 26,https://s.ek.ua/jpg/2748876.jpg,Velotime.com.ua,з Києва,22 680 .
Giant ARX 26,https://s.ek.ua/jpg/2748876.jpg,Velomarket.org.ua,з Києва,22 680 .
GT Aggressor Sport 29,https://s.ek.ua/jpg/2397306.jpg,Velomarket.org.ua,з Києва,19 698 .
GT Aggressor Sport 29,https://s.ek.ua/jpg/2397306.jpg,Axm.com.ua,з Харкова,18 760 .
Like2Bike Active 26,https://s.ek.ua/jpg/2783572.jpg,Цифра,з Києва,8 518 .
Like2Bike Active 26,https://s.ek.ua/jpg/2783572.jpg,Stylus.ua,з Києва,8 591 .
Like2Bike Active 26,https://s.ek.ua/jpg/2783572.jpg,MTA.ua,з Києва,8 299 .
Like2Bike Active 26,https://s.ek.ua/jpg/2783572.jpg,Rozetka.ua,з Києва,10 920 .
Like2Bike Active 26,https://s.ek.ua/jpg/2783572.jpg,Rozetka.ua,з Києва,13 164 .
Like2Bike Active 26,https://s.ek.ua/jpg/2783572.jpg,Rozetka.ua,з Києва,10 879 .
Like2Bike Active 26,https://s.ek.ua/jpg/2783572.jpg,Rozetka.ua,з Києва,7 945 .
AZIMUT Power 26,https://s.ek.ua/jpg/407038.jpg,Rozetka.ua,з Києва,9 799 .
AZIMUT Power 26,https://s.ek.ua/jpg/407038.jpg,Rozetka.ua,з Києва,8 999 .
Ardis Hermes MTB 26 frame 19,https://s.ek.ua/jpg/1538629.jpg,АЛЛО,Ужгород,11 345 .
Ardis Hermes MTB 26 frame 19,https://s.ek.ua/jpg/1538629.jpg,Moyo.ua,Ужгород,11 345 .
Ardis Hermes MTB 26 frame 19,https://s.ek.ua/jpg/1538629.jpg,Rozetka.ua,з Києва,11 345 .
KTM Ultra Sport 29,https://s.ek.ua/jpg/2784766.jpg,Velotime.com.ua,з Києва,51 170 .
KTM Ultra Sport 29,https://s.ek.ua/jpg/2784766.jpg,Velomarket.org.ua,з Києва,51 170 .
KTM Ultra Sport 29,https://s.ek.ua/jpg/2784766.jpg,VeloGO.com.ua,з Києва,51 170 .
KTM Ultra Sport 29,https://s.ek.ua/jpg/2784766.jpg,Цифра,з Києва,51 171 .
KTM Ultra Sport 29,https://s.ek.ua/jpg/2784766.jpg,Stylus.ua,з Києва,51 171 .
KTM Ultra Sport 29,https://s.ek.ua/jpg/2784766.jpg,Rozetka.ua,з Києва,52 927 .
Pride Sprocket 8.1,https://s.ek.ua/jpg/2861165.jpg,Velomarket.org.ua,з Києва,20 160 .
Pride Sprocket 8.1,https://s.ek.ua/jpg/2861165.jpg,VeloGO.com.ua,з Києва,20 160 .
Pride Sprocket 8.1,https://s.ek.ua/jpg/2861165.jpg,Enko.com.ua,з Кривого Рогу,20 160 .
Pride Sprocket 8.1,https://s.ek.ua/jpg/2861165.jpg,Groosha.ua,з Києва,20 160 .
Pride Sprocket 8.1,https://s.ek.ua/jpg/2861165.jpg,MTA.ua,з Києва,20 160 .
Pride Sprocket 8.1,https://s.ek.ua/jpg/2861165.jpg,Rozetka.ua,з Києва,20 160 .
Pride RocX 8.1 FLB,https://s.ek.ua/jpg/2503593.jpg,Velomarket.org.ua,з Києва,19 118 .
Pride RocX 8.1 FLB,https://s.ek.ua/jpg/2503593.jpg,VeloGO.com.ua,з Києва,19 118 .
Pride RocX 8.1 FLB,https://s.ek.ua/jpg/2503593.jpg,Цифра,з Києва,19 119 .
Pride RocX 8.1 FLB,https://s.ek.ua/jpg/2503593.jpg,Stylus.ua,з Києва,19 119 .
Pride RocX 8.1 FLB,https://s.ek.ua/jpg/2503593.jpg,Groosha.ua,з Києва,19 118 .
Pride RocX 8.1 FLB,https://s.ek.ua/jpg/2503593.jpg,Enko.com.ua,з Кривого Рогу,19 118 .
Pride RocX 8.1 FLB,https://s.ek.ua/jpg/2503593.jpg,Rozetka.ua,з Києва,19 119 .
Marin Presidio 3,https://s.ek.ua/jpg/2647845.jpg,VeloGO.com.ua,з Києва,42 798 .
Marin Presidio 3,https://s.ek.ua/jpg/2647845.jpg,Цифра,з Києва,42 798 .
Marin Presidio 3,https://s.ek.ua/jpg/2647845.jpg,Stylus.ua,з Києва,42 798 .
Marin Presidio 3,https://s.ek.ua/jpg/2647845.jpg,Groosha.ua,з Києва,42 798 .
Marin Presidio 3,https://s.ek.ua/jpg/2647845.jpg,Enko.com.ua,з Кривого Рогу,42 798 .
Marin Presidio 3,https://s.ek.ua/jpg/2647845.jpg,MTA.ua,з Києва,42 798 .
Marin Presidio 3,https://s.ek.ua/jpg/2647845.jpg,Rozetka.ua,з Києва,42 798 .
Merida One-Sixty 8000,https://s.ek.ua/jpg/2871250.jpg,Velotime.com.ua,з Києва,323 904 .
Merida One-Sixty 8000,https://s.ek.ua/jpg/2871250.jpg,Velomarket.org.ua,з Києва,323 904 .
Merida One-Sixty 8000,https://s.ek.ua/jpg/2871250.jpg,VeloGO.com.ua,з Києва,323 904 .
Marin Nicasio,https://s.ek.ua/jpg/2701914.jpg,Velomarket.org.ua,з Києва,28 161 .
Marin Nicasio,https://s.ek.ua/jpg/2701914.jpg,VeloGO.com.ua,з Києва,28 161 .
Marin Nicasio,https://s.ek.ua/jpg/2701914.jpg,Axm.com.ua,з Харкова,31 560 .
Marin Nicasio,https://s.ek.ua/jpg/2701914.jpg,Groosha.ua,з Києва,28 161 .
Marin Nicasio,https://s.ek.ua/jpg/2701914.jpg,Enko.com.ua,з Кривого Рогу,28 161 .
Marin Nicasio,https://s.ek.ua/jpg/2701914.jpg,Rozetka.ua,з Києва,28 161 .
Marin Nicasio,https://s.ek.ua/jpg/2701914.jpg,VeloGO.com.ua,з Києва,28 161 .
Profi MTB 2605,https://s.ek.ua/jpg/2785945.jpg,Rozetka.ua,з Києва,13 673 .
Profi MTB 2605,https://s.ek.ua/jpg/2785945.jpg,Rozetka.ua,з Києва,13 673 .
Profi MTB 2605,https://s.ek.ua/jpg/2785945.jpg,Rozetka.ua,з Києва,8 535 .
Profi MTB 2605,https://s.ek.ua/jpg/2785945.jpg,Rozetka.ua,з Києва,8 535 .
Profi MTB 2605,https://s.ek.ua/jpg/2785945.jpg,Rozetka.ua,з Києва,8 250 .
Profi MTB 2605,https://s.ek.ua/jpg/2785945.jpg,Rozetka.ua,з Києва,12 933 .
Profi MTB 2605,https://s.ek.ua/jpg/2785945.jpg,Rozetka.ua,з Києва,12 933 .
Profi MTB2602,https://s.ek.ua/jpg/2785946.jpg,Цифра,з Києва,8 988 .
Profi MTB2602,https://s.ek.ua/jpg/2785946.jpg,Rozetka.ua,з Києва,15 115 .
Profi MTB2602,https://s.ek.ua/jpg/2785946.jpg,Цифра,з Києва,8 988 .
Profi MTB2602,https://s.ek.ua/jpg/2785946.jpg,Rozetka.ua,з Києва,15 115 .
Profi MTB2602,https://s.ek.ua/jpg/2785946.jpg,Rozetka.ua,з Києва,9 443 .
Profi MTB2602,https://s.ek.ua/jpg/2785946.jpg,Rozetka.ua,з Києва,9 440 .
Profi MTB2602,https://s.ek.ua/jpg/2785946.jpg,Rozetka.ua,з Києва,9 124 .
Trek Marlin 7 Gen 3 29,https://s.ek.ua/jpg/2537372.jpg,Velotime.com.ua,з Києва,53 200 .
Trek Marlin 7 Gen 3 29,https://s.ek.ua/jpg/2537372.jpg,Velomarket.org.ua,з Києва,53 200 .
Trek Marlin 7 Gen 3 29,https://s.ek.ua/jpg/2537372.jpg,Velotime.com.ua,з Києва,53 200 .
Trek Marlin 7 Gen 3 29,https://s.ek.ua/jpg/2537372.jpg,Velotime.com.ua,з Києва,53 200 .
Trek Marlin 7 Gen 3 29,https://s.ek.ua/jpg/2537372.jpg,Velotime.com.ua,з Києва,53 200 .
Trek Marlin 7 Gen 3 29,https://s.ek.ua/jpg/2537372.jpg,Velomarket.org.ua,з Києва,53 200 .
TRINX M600 Pro,https://s.ek.ua/jpg/2205386.jpg,АЛЛО,Ужгород,16 716 .
TRINX M600 Pro,https://s.ek.ua/jpg/2205386.jpg,Enko.com.ua,з Кривого Рогу,16 028 .
TRINX M600 Pro,https://s.ek.ua/jpg/2205386.jpg,Groosha.ua,з Києва,17 696 .
TRINX M600 Pro,https://s.ek.ua/jpg/2205386.jpg,Itbox.ua,з Києва,16 716 .
TRINX M600 Pro,https://s.ek.ua/jpg/2205386.jpg,Brain.com.ua,з Києва,16 716 .
TRINX M600 Pro,https://s.ek.ua/jpg/2205386.jpg,Comtrading.ua,з Києва,13 788 .
TRINX M600 Pro,https://s.ek.ua/jpg/2205386.jpg,MTA.ua,з Києва,16 716 .
Marin Kentfield 1,https://s.ek.ua/jpg/2273039.jpg,VeloGO.com.ua,з Києва,19 824 .
Marin Kentfield 1,https://s.ek.ua/jpg/2273039.jpg,Цифра,з Києва,19 825 .
Marin Kentfield 1,https://s.ek.ua/jpg/2273039.jpg,Stylus.ua,з Києва,19 825 .
Marin Kentfield 1,https://s.ek.ua/jpg/2273039.jpg,Groosha.ua,з Києва,19 824 .
Marin Kentfield 1,https://s.ek.ua/jpg/2273039.jpg,Enko.com.ua,з Кривого Рогу,19 824 .
Marin Kentfield 1,https://s.ek.ua/jpg/2273039.jpg,Rozetka.ua,з Києва,19 824 .
GT Grade Elite,https://s.ek.ua/jpg/2397272.jpg,Velomarket.org.ua,з Києва,29 371 .
GT Grade Elite,https://s.ek.ua/jpg/2397272.jpg,VeloGO.com.ua,з Києва,29 371 .
GT Grade Elite,https://s.ek.ua/jpg/2397272.jpg,Цифра,з Києва,29 371 .
GT Grade Elite,https://s.ek.ua/jpg/2397272.jpg,Stylus.ua,з Києва,29 371 .
GT Grade Elite,https://s.ek.ua/jpg/2397272.jpg,Groosha.ua,з Києва,29 371 .
GT Grade Elite,https://s.ek.ua/jpg/2397272.jpg,Enko.com.ua,з Кривого Рогу,29 371 .
GT Grade Elite,https://s.ek.ua/jpg/2397272.jpg,Rozetka.ua,з Києва,41 958 .
Leon GR-90 DD,https://s.ek.ua/jpg/2246633.jpg,VeloGO.com.ua,з Києва,18 633 .
Leon GR-90 DD,https://s.ek.ua/jpg/2246633.jpg,АЛЛО,Ужгород,26 688 .
Leon GR-90 DD,https://s.ek.ua/jpg/2246633.jpg,Цифра,з Києва,18 633 .
Leon GR-90 DD,https://s.ek.ua/jpg/2246633.jpg,Stylus.ua,з Києва,18 633 .
Leon GR-90 DD,https://s.ek.ua/jpg/2246633.jpg,Moyo.ua,Ужгород,28 122 .
Leon GR-90 DD,https://s.ek.ua/jpg/2246633.jpg,Kvshop.com.ua,з Києва,18 633 .
Leon GR-90 DD,https://s.ek.ua/jpg/2246633.jpg,Groosha.ua,з Києва,18 633 .
KTM Chicago 291,https://s.ek.ua/jpg/2443226.jpg,Velotime.com.ua,з Києва,34 400 .
KTM Chicago 291,https://s.ek.ua/jpg/2443226.jpg,Velomarket.org.ua,з Києва,34 400 .
KTM Chicago 291,https://s.ek.ua/jpg/2443226.jpg,VeloGO.com.ua,з Києва,34 400 .
KTM Chicago 291,https://s.ek.ua/jpg/2443226.jpg,Kvshop.com.ua,з Києва,33 600 .
KTM Chicago 291,https://s.ek.ua/jpg/2443226.jpg,Itbox.ua,з Києва,33 600 .
KTM Chicago 291,https://s.ek.ua/jpg/2443226.jpg,Brain.com.ua,з Києва,33 600 .
KTM Chicago 291,https://s.ek.ua/jpg/2443226.jpg,Enko.com.ua,з Кривого Рогу,33 600 .
Marin Bobcat Trail 5 27.5,https://s.ek.ua/jpg/2183174.jpg,VeloGO.com.ua,з Києва,37 758 .
Marin Bobcat Trail 5 27.5,https://s.ek.ua/jpg/2183174.jpg,Цифра,з Києва,37 758 .
Marin Bobcat Trail 5 27.5,https://s.ek.ua/jpg/2183174.jpg,Stylus.ua,з Києва,37 758 .
Marin Bobcat Trail 5 27.5,https://s.ek.ua/jpg/2183174.jpg,Enko.com.ua,з Кривого Рогу,37 758 .
Marin Bobcat Trail 5 27.5,https://s.ek.ua/jpg/2183174.jpg,Rozetka.ua,з Києва,37 758 .
Merida Big.Trail 200,https://s.ek.ua/jpg/2623178.jpg,Velotime.com.ua,з Києва,33 490 .
Merida Big.Trail 200,https://s.ek.ua/jpg/2623178.jpg,Velomarket.org.ua,з Києва,33 490 .
Merida Big.Trail 200,https://s.ek.ua/jpg/2623178.jpg,VeloGO.com.ua,з Києва,33 491 .
Merida Big.Seven 15 SE,https://s.ek.ua/jpg/2858512.jpg,Velotime.com.ua,з Києва,25 326 .
Merida Big.Seven 15 SE,https://s.ek.ua/jpg/2858512.jpg,Velomarket.org.ua,з Києва,25 326 .
Merida Big.Seven 15 SE,https://s.ek.ua/jpg/2858512.jpg,VeloGO.com.ua,з Києва,25 326 .
Merida Big.Seven 15 SE,https://s.ek.ua/jpg/2858512.jpg,Velotime.com.ua,з Києва,25 326 .
Merida Big.Seven 15 SE,https://s.ek.ua/jpg/2858512.jpg,Velomarket.org.ua,з Києва,25 326 .
Ardis BigFoot 26,https://s.ek.ua/jpg/2219858.jpg,АЛЛО,Ужгород,16 175 .
Ardis BigFoot 26,https://s.ek.ua/jpg/2219858.jpg,Moyo.ua,Ужгород,16 175 .
Ardis BigFoot 26,https://s.ek.ua/jpg/2219858.jpg,Groosha.ua,з Києва,15 324 .
Ardis BigFoot 26,https://s.ek.ua/jpg/2219858.jpg,Rozetka.ua,з Києва,16 175 .
Comanche Tomahawk 29 frame 23,https://s.ek.ua/jpg/1541094.jpg,Velotime.com.ua,з Києва,23 291 .
Comanche Tomahawk 29 frame 23,https://s.ek.ua/jpg/1541094.jpg,Velomarket.org.ua,з Києва,23 291 .
Comanche Tomahawk 29 frame 23,https://s.ek.ua/jpg/1541094.jpg,Rozetka.ua,з Києва,24 455 .
Crossride Westside 26,https://s.ek.ua/jpg/1426258.jpg,АЛЛО,Ужгород,7 199 .
Crossride Westside 26,https://s.ek.ua/jpg/1426258.jpg,Moyo.ua,Ужгород,7 470 .
Crossride Westside 26,https://s.ek.ua/jpg/1426258.jpg,Rozetka.ua,з Києва,7 470 .
Crossride Westside 26,https://s.ek.ua/jpg/1426258.jpg,АЛЛО,Ужгород,7 199 .
Crossride Westside 26,https://s.ek.ua/jpg/1426258.jpg,АЛЛО,Ужгород,7 470 .
Crossride Westside 26,https://s.ek.ua/jpg/1426258.jpg,АЛЛО,Ужгород,7 470 .
Crossride Westside 26,https://s.ek.ua/jpg/1426258.jpg,Moyo.ua,Ужгород,7 470 .
Winner Special 27.5,https://s.ek.ua/jpg/2255455.jpg,VeloGO.com.ua,з Києва,21 672 .
Winner Special 27.5,https://s.ek.ua/jpg/2255455.jpg,Groosha.ua,з Києва,21 672 .
Winner Special 27.5,https://s.ek.ua/jpg/2255455.jpg,VeloGO.com.ua,з Києва,21 672 .
Winner Special 27.5,https://s.ek.ua/jpg/2255455.jpg,Groosha.ua,з Києва,21 672 .
Crossride Shark 26,https://s.ek.ua/jpg/1629166.jpg,Rozetka.ua,з Києва,6 234 .
Crossride Shark 26,https://s.ek.ua/jpg/1629166.jpg,Rozetka.ua,з Києва,6 234 .
Crossride Shark 26,https://s.ek.ua/jpg/1629166.jpg,Rozetka.ua,з Києва,6 234 .
Dorozhnik Ruby 26,https://s.ek.ua/jpg/2694571.jpg,VeloGO.com.ua,з Києва,11 093 .
Dorozhnik Ruby 26,https://s.ek.ua/jpg/2694571.jpg,Цифра,з Києва,11 093 .
Dorozhnik Ruby 26,https://s.ek.ua/jpg/2694571.jpg,Stylus.ua,з Києва,11 093 .
Dorozhnik Ruby 26,https://s.ek.ua/jpg/2694571.jpg,Kvshop.com.ua,з Києва,11 093 .
Dorozhnik Ruby 26,https://s.ek.ua/jpg/2694571.jpg,Groosha.ua,з Києва,11 093 .
Dorozhnik Ruby 26,https://s.ek.ua/jpg/2694571.jpg,Itbox.ua,з Києва,11 093 .
Dorozhnik Ruby 26,https://s.ek.ua/jpg/2694571.jpg,Brain.com.ua,з Києва,11 093 .
Ardis Rocky Boy MTB 20,https://s.ek.ua/jpg/419128.jpg,Groosha.ua,з Києва,5 924 .
Ardis Rocky Boy MTB 20,https://s.ek.ua/jpg/419128.jpg,Rozetka.ua,з Києва,6 347 .
Ardis Rocky Boy MTB 20,https://s.ek.ua/jpg/419128.jpg,Groosha.ua,з Києва,5 924 .
Ardis Rocky Boy MTB 20,https://s.ek.ua/jpg/419128.jpg,Rozetka.ua,з Києва,6 347 .
ORBEA Rise H30,https://s.ek.ua/jpg/2786713.jpg,VeloGO.com.ua,з Києва,205 095 .
ORBEA Rise H30,https://s.ek.ua/jpg/2786713.jpg,Rozetka.ua,з Києва,205 095 .
Discovery Prestige Man 26,https://s.ek.ua/jpg/2694612.jpg,АЛЛО,Ужгород,7 999 .
Discovery Prestige Man 26,https://s.ek.ua/jpg/2694612.jpg,Цифра,з Києва,8 040 .
Discovery Prestige Man 26,https://s.ek.ua/jpg/2694612.jpg,Stylus.ua,з Києва,8 040 .
Discovery Prestige Man 26,https://s.ek.ua/jpg/2694612.jpg,Repka.ua,з Києва,8 040 .
Discovery Prestige Man 26,https://s.ek.ua/jpg/2694612.jpg,Kvshop.com.ua,з Києва,8 039 .
Discovery Prestige Man 26,https://s.ek.ua/jpg/2694612.jpg,Itbox.ua,з Києва,8 039 .
Discovery Prestige Man 26,https://s.ek.ua/jpg/2694612.jpg,Brain.com.ua,з Києва,8 039 .
Author Outset 26,https://s.ek.ua/jpg/2433962.jpg,Velotime.com.ua,з Києва,17 140 .
Author Outset 26,https://s.ek.ua/jpg/2433962.jpg,Velomarket.org.ua,з Києва,17 140 .
Author Outset 26,https://s.ek.ua/jpg/2433962.jpg,Цифра,з Києва,20 160 .
Author Outset 26,https://s.ek.ua/jpg/2433962.jpg,Stylus.ua,з Києва,20 160 .
ORBEA Onna 10,https://s.ek.ua/jpg/2441611.jpg,АЛЛО,Ужгород,49 753 .
ORBEA Onna 10,https://s.ek.ua/jpg/2441611.jpg,VeloGO.com.ua,з Києва,41 461 .
ORBEA Onna 10,https://s.ek.ua/jpg/2441611.jpg,Palladium.ua,з Києва,41 461 .
ORBEA Onna 10,https://s.ek.ua/jpg/2441611.jpg,Mobitek.com.ua,з Києва,35 039 .
ORBEA Onna 10,https://s.ek.ua/jpg/2441611.jpg,Rozetka.ua,з Києва,41 461 .
Profi MTB2601-2,https://s.ek.ua/jpg/2784697.jpg,Цифра,з Києва,8 876 .
Profi MTB2601-2,https://s.ek.ua/jpg/2784697.jpg,Rozetka.ua,з Києва,14 926 .
Profi MTB2601-2,https://s.ek.ua/jpg/2784697.jpg,Цифра,з Києва,8 876 .
Profi MTB2601-2,https://s.ek.ua/jpg/2784697.jpg,Rozetka.ua,з Києва,14 926 .
Profi MTB2601-2,https://s.ek.ua/jpg/2784697.jpg,Rozetka.ua,з Києва,9 325 .
Profi MTB2601-2,https://s.ek.ua/jpg/2784697.jpg,Rozetka.ua,з Києва,9 325 .
Profi MTB2601-2,https://s.ek.ua/jpg/2784697.jpg,Rozetka.ua,з Києва,9 011 .
Pride Marvel 9.3 SR,https://s.ek.ua/jpg/2785935.jpg,Velomarket.org.ua,з Києва,22 890 .
Pride Marvel 9.3 SR,https://s.ek.ua/jpg/2785935.jpg,VeloGO.com.ua,з Києва,22 890 .
Pride Marvel 9.3 SR,https://s.ek.ua/jpg/2785935.jpg,Цифра,з Києва,22 890 .
Pride Marvel 9.3 SR,https://s.ek.ua/jpg/2785935.jpg,Stylus.ua,з Києва,22 890 .
Pride Marvel 9.3 SR,https://s.ek.ua/jpg/2785935.jpg,Enko.com.ua,з Кривого Рогу,22 890 .
Pride Marvel 9.3 SR,https://s.ek.ua/jpg/2785935.jpg,Groosha.ua,з Києва,22 890 .
Pride Marvel 9.3 SR,https://s.ek.ua/jpg/2785935.jpg,Rozetka.ua,з Києва,22 890 .
Ardis M15 26 frame 13,https://s.ek.ua/jpg/1384778.jpg,АЛЛО,Ужгород,9 155 .
Ardis M15 26 frame 13,https://s.ek.ua/jpg/1384778.jpg,Moyo.ua,Ужгород,9 155 .
Ardis M15 26 frame 13,https://s.ek.ua/jpg/1384778.jpg,Rozetka.ua,з Києва,9 155 .
Ardis M15 26 frame 13,https://s.ek.ua/jpg/1384778.jpg,АЛЛО,Ужгород,9 155 .
Ardis M15 26 frame 13,https://s.ek.ua/jpg/1384778.jpg,АЛЛО,Ужгород,9 155 .
Ardis M15 26 frame 13,https://s.ek.ua/jpg/1384778.jpg,АЛЛО,Ужгород,9 155 .
Ardis M15 26 frame 13,https://s.ek.ua/jpg/1384778.jpg,Moyo.ua,Ужгород,9 155 .
Marin Kentfield 2,https://s.ek.ua/jpg/2380728.jpg,VeloGO.com.ua,з Києва,25 578 .
Marin Kentfield 2,https://s.ek.ua/jpg/2380728.jpg,Цифра,з Києва,25 579 .
Marin Kentfield 2,https://s.ek.ua/jpg/2380728.jpg,Stylus.ua,з Києва,25 579 .
Marin Kentfield 2,https://s.ek.ua/jpg/2380728.jpg,Enko.com.ua,з Кривого Рогу,25 578 .
Marin Kentfield 2,https://s.ek.ua/jpg/2380728.jpg,Groosha.ua,з Києва,25 578 .
Marin Kentfield 2,https://s.ek.ua/jpg/2380728.jpg,MTA.ua,з Києва,25 578 .
Marin Kentfield 2,https://s.ek.ua/jpg/2380728.jpg,Rozetka.ua,з Києва,25 578 .
Discovery Kelly AM DD,https://s.ek.ua/jpg/2624844.jpg,АЛЛО,Ужгород,7 384 .
Discovery Kelly AM DD,https://s.ek.ua/jpg/2624844.jpg,Rozetka.ua,з Києва,7 900 .
Author Integra,https://s.ek.ua/jpg/2500511.jpg,Velotime.com.ua,з Києва,21 300 .
Author Integra,https://s.ek.ua/jpg/2500511.jpg,Velomarket.org.ua,з Києва,21 300 .
Author Integra,https://s.ek.ua/jpg/2500511.jpg,Цифра,з Києва,26 380 .
Author Integra,https://s.ek.ua/jpg/2500511.jpg,Stylus.ua,з Києва,26 380 .
Winner Impulse 29,https://s.ek.ua/jpg/2624924.jpg,VeloGO.com.ua,з Києва,17 888 .
Winner Impulse 29,https://s.ek.ua/jpg/2624924.jpg,Цифра,з Києва,17 889 .
Winner Impulse 29,https://s.ek.ua/jpg/2624924.jpg,Stylus.ua,з Києва,17 889 .
Winner Impulse 29,https://s.ek.ua/jpg/2624924.jpg,Groosha.ua,з Києва,17 888 .
Winner Impulse 29,https://s.ek.ua/jpg/2624924.jpg,Rozetka.ua,з Києва,18 748 .
Winner Impulse 29,https://s.ek.ua/jpg/2624924.jpg,Rozetka.ua,з Києва,18 748 .
Winner Impulse 29,https://s.ek.ua/jpg/2624924.jpg,Rozetka.ua,з Києва,18 748 .
Leon HD 80 DD,https://s.ek.ua/jpg/2748292.jpg,АЛЛО,Ужгород,17 391 .
Leon HD 80 DD,https://s.ek.ua/jpg/2748292.jpg,VeloGO.com.ua,з Києва,17 391 .
Leon HD 80 DD,https://s.ek.ua/jpg/2748292.jpg,Цифра,з Києва,17 391 .
Leon HD 80 DD,https://s.ek.ua/jpg/2748292.jpg,Stylus.ua,з Києва,17 391 .
Leon HD 80 DD,https://s.ek.ua/jpg/2748292.jpg,Moyo.ua,Ужгород,17 391 .
Leon HD 80 DD,https://s.ek.ua/jpg/2748292.jpg,Groosha.ua,з Києва,17 390 .
Leon HD 80 DD,https://s.ek.ua/jpg/2748292.jpg,Itbox.ua,з Києва,17 390 .
Crosser Fat Bike 26,https://s.ek.ua/jpg/2507540.jpg,Rozetka.ua,з Києва,9 499 .
Crosser Fat Bike 26,https://s.ek.ua/jpg/2507540.jpg,Rozetka.ua,з Києва,8 099 .
Crosser Fat Bike 26,https://s.ek.ua/jpg/2507540.jpg,Rozetka.ua,з Києва,9 499 .
Formula Cursor Woman DD 28,https://s.ek.ua/jpg/2705252.jpg,Groosha.ua,з Києва,11 027 .
Formula Cursor Woman DD 28,https://s.ek.ua/jpg/2705252.jpg,Itbox.ua,з Києва,11 027 .
Formula Cursor Woman DD 28,https://s.ek.ua/jpg/2705252.jpg,Brain.com.ua,з Києва,11 027 .
Formula Cursor Woman DD 28,https://s.ek.ua/jpg/2705252.jpg,MTA.ua,з Києва,11 027 .
Formula Cursor Woman DD 28,https://s.ek.ua/jpg/2705252.jpg,Rozetka.ua,з Києва,11 027 .
Formula Cursor Woman DD 28,https://s.ek.ua/jpg/2705252.jpg,Rozetka.ua,з Києва,10 829 .
Formula Cursor Woman DD 28,https://s.ek.ua/jpg/2705252.jpg,Rozetka.ua,з Києва,12 130 .
Ardis City Folding 20,https://s.ek.ua/jpg/1630982.jpg,АЛЛО,Ужгород,10 165 .
Ardis City Folding 20,https://s.ek.ua/jpg/1630982.jpg,Moyo.ua,Ужгород,12 187 .
Ardis City Folding 20,https://s.ek.ua/jpg/1630982.jpg,Groosha.ua,з Києва,11 521 .
Ardis City Folding 20,https://s.ek.ua/jpg/1630982.jpg,Rozetka.ua,з Києва,10 165 .
Ardis City Folding 20,https://s.ek.ua/jpg/1630982.jpg,АЛЛО,Ужгород,10 165 .
Ardis City Folding 20,https://s.ek.ua/jpg/1630982.jpg,АЛЛО,Ужгород,12 187 .
Ardis City Folding 20,https://s.ek.ua/jpg/1630982.jpg,Moyo.ua,Ужгород,10 165 .
KTM Chicago 272,https://s.ek.ua/jpg/2850707.jpg,Velotime.com.ua,з Києва,27 950 .
KTM Chicago 272,https://s.ek.ua/jpg/2850707.jpg,Velomarket.org.ua,з Києва,27 950 .
KTM Chicago 272,https://s.ek.ua/jpg/2850707.jpg,VeloGO.com.ua,з Києва,27 950 .
KTM Chicago 272,https://s.ek.ua/jpg/2850707.jpg,Цифра,з Києва,27 950 .
KTM Chicago 272,https://s.ek.ua/jpg/2850707.jpg,Stylus.ua,з Києва,27 950 .
KTM Chicago 272,https://s.ek.ua/jpg/2850707.jpg,Rozetka.ua,з Києва,30 284 .
ORBEA Carpe 20,https://s.ek.ua/jpg/1992356.jpg,АЛЛО,Ужгород,35 094 .
ORBEA Carpe 20,https://s.ek.ua/jpg/1992356.jpg,VeloGO.com.ua,з Києва,29 245 .
ORBEA Carpe 20,https://s.ek.ua/jpg/1992356.jpg,Palladium.ua,з Києва,29 245 .
ORBEA Carpe 20,https://s.ek.ua/jpg/1992356.jpg,Groosha.ua,з Києва,29 245 .
ORBEA Carpe 20,https://s.ek.ua/jpg/1992356.jpg,Mobitek.com.ua,з Києва,28 953 .
ORBEA Carpe 20,https://s.ek.ua/jpg/1992356.jpg,Rozetka.ua,з Києва,29 245 .
ORBEA Carpe 20,https://s.ek.ua/jpg/1992356.jpg,Groosha.ua,з Києва,29 245 .
Merida Big.Nine TR 600,https://s.ek.ua/jpg/2850813.jpg,Velotime.com.ua,з Києва,55 104 .
Merida Big.Nine TR 600,https://s.ek.ua/jpg/2850813.jpg,Velomarket.org.ua,з Києва,55 104 .
Merida Big.Nine TR 600,https://s.ek.ua/jpg/2850813.jpg,VeloGO.com.ua,з Києва,55 104 .
Merida Big.Nine 20-3x,https://s.ek.ua/jpg/2399857.jpg,Velotime.com.ua,з Києва,25 620 .
Merida Big.Nine 20-3x,https://s.ek.ua/jpg/2399857.jpg,Velomarket.org.ua,з Києва,25 620 .
Merida Big.Nine 20-3x,https://s.ek.ua/jpg/2399857.jpg,Velotime.com.ua,з Києва,25 620 .
Merida Big.Nine 20-3x,https://s.ek.ua/jpg/2399857.jpg,Velomarket.org.ua,з Києва,25 620 .
Merida Big.Nine 20,https://s.ek.ua/jpg/1966061.jpg,Velotime.com.ua,з Києва,23 999 .
Merida Big.Nine 20,https://s.ek.ua/jpg/1966061.jpg,Velomarket.org.ua,з Києва,23 999 .
Merida Big.Nine 20,https://s.ek.ua/jpg/1966061.jpg,Velotime.com.ua,з Києва,21 770 .
Merida Big.Nine 20,https://s.ek.ua/jpg/1966061.jpg,Velomarket.org.ua,з Києва,21 770 .
Cyclone AX 29,https://s.ek.ua/jpg/2850733.jpg,VeloGO.com.ua,з Києва,26 617 .
Cyclone AX 29,https://s.ek.ua/jpg/2850733.jpg,Цифра,з Києва,26 617 .
Cyclone AX 29,https://s.ek.ua/jpg/2850733.jpg,Stylus.ua,з Києва,26 617 .
Cyclone AX 29,https://s.ek.ua/jpg/2850733.jpg,Groosha.ua,з Києва,26 617 .
Cyclone AX 29,https://s.ek.ua/jpg/2850733.jpg,VeloGO.com.ua,з Києва,26 617 .
Cyclone AX 29,https://s.ek.ua/jpg/2850733.jpg,VeloGO.com.ua,з Києва,26 617 .
Cyclone AX 29,https://s.ek.ua/jpg/2850733.jpg,Цифра,з Києва,26 617 .
GT Avalanche Elite 29,https://s.ek.ua/jpg/2450956.jpg,Velomarket.org.ua,з Києва,35 070 .
GT Avalanche Elite 29,https://s.ek.ua/jpg/2450956.jpg,VeloGO.com.ua,з Києва,35 070 .
GT Avalanche Elite 29,https://s.ek.ua/jpg/2450956.jpg,Цифра,з Києва,35 070 .
GT Avalanche Elite 29,https://s.ek.ua/jpg/2450956.jpg,Stylus.ua,з Києва,35 070 .
GT Avalanche Elite 29,https://s.ek.ua/jpg/2450956.jpg,Enko.com.ua,з Кривого Рогу,35 070 .
GT Avalanche Elite 29,https://s.ek.ua/jpg/2450956.jpg,Rozetka.ua,з Києва,35 070 .
GT Avalanche Elite 27.5,https://s.ek.ua/jpg/2886812.jpg,Velomarket.org.ua,з Києва,33 600 .
GT Avalanche Elite 27.5,https://s.ek.ua/jpg/2886812.jpg,VeloGO.com.ua,з Києва,33 600 .
GT Avalanche Elite 27.5,https://s.ek.ua/jpg/2886812.jpg,Enko.com.ua,з Кривого Рогу,33 600 .
GT Avalanche Elite 27.5,https://s.ek.ua/jpg/2886812.jpg,MTA.ua,з Києва,33 600 .
GT Avalanche Elite 27.5,https://s.ek.ua/jpg/2886812.jpg,Velomarket.org.ua,з Києва,33 600 .
GT Zaskar LT Comp,https://s.ek.ua/jpg/2886259.jpg,Velomarket.org.ua,з Києва,38 640 .
GT Zaskar LT Comp,https://s.ek.ua/jpg/2886259.jpg,VeloGO.com.ua,з Києва,38 640 .
GT Zaskar LT Comp,https://s.ek.ua/jpg/2886259.jpg,Enko.com.ua,з Кривого Рогу,38 640 .
GT Zaskar LT Comp,https://s.ek.ua/jpg/2886259.jpg,Groosha.ua,з Києва,38 640 .
GT Zaskar LT Comp,https://s.ek.ua/jpg/2886259.jpg,MTA.ua,з Києва,38 640 .
GT Zaskar LT Comp,https://s.ek.ua/jpg/2886259.jpg,Velomarket.org.ua,з Києва,38 640 .
GT Zaskar LT Comp,https://s.ek.ua/jpg/2886259.jpg,VeloGO.com.ua,з Києва,38 640 .
Ardis Vintage CTB 26,https://s.ek.ua/jpg/740374.jpg,АЛЛО,Ужгород,12 580 .
Ardis Vintage CTB 26,https://s.ek.ua/jpg/740374.jpg,Moyo.ua,Ужгород,12 580 .
Ardis Vintage CTB 26,https://s.ek.ua/jpg/740374.jpg,Rozetka.ua,з Києва,12 580 .
Ardis Vintage CTB 26,https://s.ek.ua/jpg/740374.jpg,АЛЛО,Ужгород,12 580 .
Ardis Vintage CTB 26,https://s.ek.ua/jpg/740374.jpg,Moyo.ua,Ужгород,12 580 .
Ardis Vintage CTB 26,https://s.ek.ua/jpg/740374.jpg,Rozetka.ua,з Києва,12 580 .
Leon TR-90 DD 28,https://s.ek.ua/jpg/2418484.jpg,VeloGO.com.ua,з Києва,27 950 .
Leon TR-90 DD 28,https://s.ek.ua/jpg/2418484.jpg,Цифра,з Києва,27 950 .
Leon TR-90 DD 28,https://s.ek.ua/jpg/2418484.jpg,Stylus.ua,з Києва,27 950 .
Leon TR-90 DD 28,https://s.ek.ua/jpg/2418484.jpg,Repka.ua,з Києва,27 950 .
Leon TR-90 DD 28,https://s.ek.ua/jpg/2418484.jpg,Moyo.ua,Ужгород,27 950 .
Leon TR-90 DD 28,https://s.ek.ua/jpg/2418484.jpg,Kvshop.com.ua,з Києва,27 950 .
Leon TR-90 DD 28,https://s.ek.ua/jpg/2418484.jpg,Sokol.ua,з Києва,27 950 .
Ardis Titan HB 29 frame 19.5,https://s.ek.ua/jpg/1762925.jpg,АЛЛО,Ужгород,18 533 .
Ardis Titan HB 29 frame 19.5,https://s.ek.ua/jpg/1762925.jpg,Moyo.ua,Ужгород,18 533 .
Ardis Titan HB 29 frame 19.5,https://s.ek.ua/jpg/1762925.jpg,Rozetka.ua,з Києва,18 533 .
Ardis Titan HB 29 frame 19.5,https://s.ek.ua/jpg/1762925.jpg,Moyo.ua,Ужгород,18 533 .
Ardis Titan HB 29 frame 19.5,https://s.ek.ua/jpg/1762925.jpg,Rozetka.ua,з Києва,18 533 .
Ardis Titan 29 frame 19.5,https://s.ek.ua/jpg/1762899.jpg,Groosha.ua,з Києва,15 053 .
Ardis Titan 29 frame 19.5,https://s.ek.ua/jpg/1762899.jpg,Rozetka.ua,з Києва,15 894 .
Ardis Titan 29 frame 19.5,https://s.ek.ua/jpg/1762899.jpg,Rozetka.ua,з Києва,15 894 .
Cyclone SX,https://s.ek.ua/jpg/2624794.jpg,VeloGO.com.ua,з Києва,28 509 .
Cyclone SX,https://s.ek.ua/jpg/2624794.jpg,Groosha.ua,з Києва,28 509 .
Cyclone SX,https://s.ek.ua/jpg/2624794.jpg,VeloGO.com.ua,з Києва,28 509 .
Indiana Storica 130 7B 28,https://s.ek.ua/jpg/2458577.jpg,Ebox24.biz,з Львова,23 641 .
Indiana Storica 130 7B 28,https://s.ek.ua/jpg/2458577.jpg,Ebox24.biz,з Львова,26 000 .
Indiana Storica 130 7B 28,https://s.ek.ua/jpg/2458577.jpg,Ebox24.biz,з Львова,23 641 .
Indiana Storica 130 7B 28,https://s.ek.ua/jpg/2458577.jpg,Ebox24.biz,з Львова,20 438 .
Marin Stinson ST 1,https://s.ek.ua/jpg/2886304.jpg,Velomarket.org.ua,з Києва,20 580 .
Marin Stinson ST 1,https://s.ek.ua/jpg/2886304.jpg,VeloGO.com.ua,з Києва,20 580 .
Marin Stinson ST 1,https://s.ek.ua/jpg/2886304.jpg,Enko.com.ua,з Кривого Рогу,20 580 .
Marin Stinson ST 1,https://s.ek.ua/jpg/2886304.jpg,Groosha.ua,з Києва,20 580 .
Marin Stinson ST 1,https://s.ek.ua/jpg/2886304.jpg,MTA.ua,з Києва,20 580 .
Merida Speeder 100,https://s.ek.ua/jpg/2399887.jpg,Velotime.com.ua,з Києва,28 392 .
Merida Speeder 100,https://s.ek.ua/jpg/2399887.jpg,Velomarket.org.ua,з Києва,28 392 .
Merida Speeder 100,https://s.ek.ua/jpg/2399887.jpg,VeloGO.com.ua,з Києва,28 392 .
Merida Speeder 100,https://s.ek.ua/jpg/2399887.jpg,Velotime.com.ua,з Києва,28 392 .
Merida Speeder 100,https://s.ek.ua/jpg/2399887.jpg,Velotime.com.ua,з Києва,28 392 .
Merida Speeder 100,https://s.ek.ua/jpg/2399887.jpg,Velomarket.org.ua,з Києва,28 392 .
Merida Speeder 100,https://s.ek.ua/jpg/2399887.jpg,Velomarket.org.ua,з Києва,28 392 .
Merida Silex + 8000-E,https://s.ek.ua/jpg/1841775.jpg,Velotime.com.ua,з Києва,159 579 .
Merida Silex + 8000-E,https://s.ek.ua/jpg/1841775.jpg,Velomarket.org.ua,з Києва,159 579 .
Merida Silex + 8000-E,https://s.ek.ua/jpg/1841775.jpg,VeloGO.com.ua,з Києва,159 579 .
Ardis Santana CTB 26,Немає зображення,Moyo.ua,Ужгород,9 042 .
Ardis Santana CTB 26,Немає зображення,Rozetka.ua,з Києва,9 042 .
Pride Rocx Dirt Tour,https://s.ek.ua/jpg/2784608.jpg,Velomarket.org.ua,з Києва,39 102 .
Pride Rocx Dirt Tour,https://s.ek.ua/jpg/2784608.jpg,VeloGO.com.ua,з Києва,39 102 .
Pride Rocx Dirt Tour,https://s.ek.ua/jpg/2784608.jpg,Цифра,з Києва,39 102 .
Pride Rocx Dirt Tour,https://s.ek.ua/jpg/2784608.jpg,Stylus.ua,з Києва,39 102 .
Pride Rocx Dirt Tour,https://s.ek.ua/jpg/2784608.jpg,Axm.com.ua,з Харкова,44 128 .
Pride Rocx Dirt Tour,https://s.ek.ua/jpg/2784608.jpg,Groosha.ua,з Києва,39 102 .
Pride Rocx Dirt Tour,https://s.ek.ua/jpg/2784608.jpg,Enko.com.ua,з Кривого Рогу,39 102 .
Pride RocX 8.3,https://s.ek.ua/jpg/2701979.jpg,Velomarket.org.ua,з Києва,39 948 .
Pride RocX 8.3,https://s.ek.ua/jpg/2701979.jpg,VeloGO.com.ua,з Києва,39 948 .
Pride RocX 8.3,https://s.ek.ua/jpg/2701979.jpg,Цифра,з Києва,39 949 .
Pride RocX 8.3,https://s.ek.ua/jpg/2701979.jpg,Stylus.ua,з Києва,39 949 .
Pride RocX 8.3,https://s.ek.ua/jpg/2701979.jpg,Groosha.ua,з Києва,39 948 .
Pride RocX 8.3,https://s.ek.ua/jpg/2701979.jpg,Enko.com.ua,з Кривого Рогу,39 948 .
Pride RocX 8.3,https://s.ek.ua/jpg/2701979.jpg,Rozetka.ua,з Києва,41 536 .
Pride RocX 8.1,https://s.ek.ua/jpg/2444307.jpg,Velomarket.org.ua,з Києва,27 258 .
Pride RocX 8.1,https://s.ek.ua/jpg/2444307.jpg,VeloGO.com.ua,з Києва,27 258 .
Pride RocX 8.1,https://s.ek.ua/jpg/2444307.jpg,Цифра,з Києва,27 259 .
Pride RocX 8.1,https://s.ek.ua/jpg/2444307.jpg,Stylus.ua,з Києва,27 259 .
Pride RocX 8.1,https://s.ek.ua/jpg/2444307.jpg,Groosha.ua,з Києва,27 258 .
Pride RocX 8.1,https://s.ek.ua/jpg/2444307.jpg,Enko.com.ua,з Кривого Рогу,27 258 .
Pride RocX 8.1,https://s.ek.ua/jpg/2444307.jpg,Rozetka.ua,з Києва,27 258 .
Author Rival 29,https://s.ek.ua/jpg/2434240.jpg,Velotime.com.ua,з Києва,25 910 .
Author Rival 29,https://s.ek.ua/jpg/2434240.jpg,Velomarket.org.ua,з Києва,25 910 .
Author Rival 29,https://s.ek.ua/jpg/2434240.jpg,Цифра,з Києва,25 910 .
Author Rival 29,https://s.ek.ua/jpg/2434240.jpg,Stylus.ua,з Києва,25 911 .
Discovery Rider AM DD 26,https://s.ek.ua/jpg/2379225.jpg,Rozetka.ua,з Києва,8 420 .
Discovery Rider AM DD 26,https://s.ek.ua/jpg/2379225.jpg,Rozetka.ua,з Києва,8 420 .
Discovery Rider AM DD 26,https://s.ek.ua/jpg/2379225.jpg,Rozetka.ua,з Києва,7 800 .
Discovery Rider AM DD 26,https://s.ek.ua/jpg/2379225.jpg,Rozetka.ua,з Києва,7 800 .
Discovery Rider AM DD 26,https://s.ek.ua/jpg/2379225.jpg,Rozetka.ua,з Києва,7 800 .
Bergamont Revox 5 29,https://s.ek.ua/jpg/2386061.jpg,Velotime.com.ua,з Києва,28 775 .
Bergamont Revox 5 29,https://s.ek.ua/jpg/2386061.jpg,Velomarket.org.ua,з Києва,28 775 .
Bergamont Revox 5 29,https://s.ek.ua/jpg/2386061.jpg,Цифра,з Києва,28 775 .
Bergamont Revox 5 29,https://s.ek.ua/jpg/2386061.jpg,Stylus.ua,з Києва,28 775 .
Bergamont Revox 5 29,https://s.ek.ua/jpg/2386061.jpg,Groosha.ua,з Києва,28 775 .
Giant Revolt 2,https://s.ek.ua/jpg/2501371.jpg,Velotime.com.ua,з Києва,56 700 .
Giant Revolt 2,https://s.ek.ua/jpg/2501371.jpg,Velomarket.org.ua,з Києва,56 700 .
Giant Revolt 2,https://s.ek.ua/jpg/2501371.jpg,VeloGO.com.ua,з Києва,56 700 .
Giant Revolt 2,https://s.ek.ua/jpg/2501371.jpg,Цифра,з Києва,62 790 .
Giant Revolt 2,https://s.ek.ua/jpg/2501371.jpg,Stylus.ua,з Києва,62 790 .
Giant Revolt 2,https://s.ek.ua/jpg/2501371.jpg,Smartmag.biz.ua,Ужгород,53 000 .
Giant Revolt 2,https://s.ek.ua/jpg/2501371.jpg,Tehnopostavka.com.ua,з Одеси,52 884 .
Merida Reacto 8000,https://s.ek.ua/jpg/2886380.jpg,Velotime.com.ua,з Києва,230 496 .
Merida Reacto 8000,https://s.ek.ua/jpg/2886380.jpg,Velomarket.org.ua,з Києва,230 496 .
Merida Reacto 8000,https://s.ek.ua/jpg/2886380.jpg,VeloGO.com.ua,з Києва,230 496 .
Comanche Prairie Comp M frame 17,https://s.ek.ua/jpg/431086.jpg,Velotime.com.ua,з Києва,13 368 .
Comanche Prairie Comp M frame 17,https://s.ek.ua/jpg/431086.jpg,Velotime.com.ua,з Києва,13 368 .
ORBEA MX 50 29,https://s.ek.ua/jpg/1876586.jpg,АЛЛО,Ужгород,27 435 .
ORBEA MX 50 29,https://s.ek.ua/jpg/1876586.jpg,VeloGO.com.ua,з Києва,22 863 .
ORBEA MX 50 29,https://s.ek.ua/jpg/1876586.jpg,Rozetka.ua,з Києва,22 863 .
Profi MTB2903-5,https://s.ek.ua/jpg/2872216.jpg,Rozetka.ua,з Києва,17 167 .
Profi MTB2903-5,https://s.ek.ua/jpg/2872216.jpg,Rozetka.ua,з Києва,10 369 .
Profi MTB2903-5,https://s.ek.ua/jpg/2872216.jpg,Rozetka.ua,з Києва,16 252 .
Profi MTB2903-5,https://s.ek.ua/jpg/2872216.jpg,Rozetka.ua,з Києва,13 575 .
Profi MTB2903-5,https://s.ek.ua/jpg/2872216.jpg,Rozetka.ua,з Києва,14 999 .
Profi MTB2903-5,https://s.ek.ua/jpg/2872216.jpg,Rozetka.ua,з Києва,15 838 .
Profi MTB2903-5,https://s.ek.ua/jpg/2872216.jpg,Rozetka.ua,з Києва,8 468 .
Giant Momentum UX 9S 27.5,https://s.ek.ua/jpg/2502695.jpg,Velotime.com.ua,з Києва,33 390 .
Giant Momentum UX 9S 27.5,https://s.ek.ua/jpg/2502695.jpg,Velomarket.org.ua,з Києва,33 390 .
Ardis Lido 26,https://s.ek.ua/jpg/1090730.jpg,АЛЛО,Ужгород,10 839 .
Ardis Lido 26,https://s.ek.ua/jpg/1090730.jpg,Moyo.ua,Ужгород,8 481 .
Ardis Lido 26,https://s.ek.ua/jpg/1090730.jpg,Groosha.ua,з Києва,7 554 .
Ardis Lido 26,https://s.ek.ua/jpg/1090730.jpg,Rozetka.ua,з Києва,8 088 .
Ardis Lido 26,https://s.ek.ua/jpg/1090730.jpg,АЛЛО,Ужгород,10 839 .
Ardis Lido 26,https://s.ek.ua/jpg/1090730.jpg,АЛЛО,Ужгород,8 481 .
Ardis Lido 26,https://s.ek.ua/jpg/1090730.jpg,АЛЛО,Ужгород,8 481 .
KONA Lana'i 27.5,https://s.ek.ua/jpg/2720106.jpg,VeloGO.com.ua,з Києва,24 352 .
KONA Lana'i 27.5,https://s.ek.ua/jpg/2720106.jpg,Цифра,з Києва,24 352 .
KONA Lana'i 27.5,https://s.ek.ua/jpg/2720106.jpg,Stylus.ua,з Києва,24 352 .
KONA Lana'i 27.5,https://s.ek.ua/jpg/2720106.jpg,Rozetka.ua,з Києва,24 352 .
Voltronic Power Kentor 27.5 9Ah 500W,https://s.ek.ua/jpg/2873034.jpg,Enko.com.ua,з Кривого Рогу,50 182 .
Voltronic Power Kentor 27.5 9Ah 500W,https://s.ek.ua/jpg/2873034.jpg,Tehnopostavka.com.ua,з Одеси,50 172 .
Voltronic Power Kentor 27.5 9Ah 500W,https://s.ek.ua/jpg/2873034.jpg,Rozetka.ua,з Києва,59 085 .
Voltronic Power Kentor 27.5 9Ah 500W,https://s.ek.ua/jpg/2873034.jpg,Rozetka.ua,з Києва,61 182 .
Voltronic Power Kentor 27.5 9Ah 500W,https://s.ek.ua/jpg/2873034.jpg,Rozetka.ua,з Києва,58 720 .
Marin Kentfield ST 2,https://s.ek.ua/jpg/2720207.jpg,VeloGO.com.ua,з Києва,25 578 .
Marin Kentfield ST 2,https://s.ek.ua/jpg/2720207.jpg,Цифра,з Києва,25 579 .
Marin Kentfield ST 2,https://s.ek.ua/jpg/2720207.jpg,Stylus.ua,з Києва,25 579 .
Marin Kentfield ST 2,https://s.ek.ua/jpg/2720207.jpg,Enko.com.ua,з Кривого Рогу,25 578 .
Marin Kentfield ST 2,https://s.ek.ua/jpg/2720207.jpg,Rozetka.ua,з Києва,25 578 .
Marin Kentfield ST 1,https://s.ek.ua/jpg/2647715.jpg,VeloGO.com.ua,з Києва,19 824 .
Marin Kentfield ST 1,https://s.ek.ua/jpg/2647715.jpg,Цифра,з Києва,19 824 .
Marin Kentfield ST 1,https://s.ek.ua/jpg/2647715.jpg,Stylus.ua,з Києва,19 824 .
Marin Kentfield ST 1,https://s.ek.ua/jpg/2647715.jpg,Groosha.ua,з Києва,19 824 .
Marin Kentfield ST 1,https://s.ek.ua/jpg/2647715.jpg,Enko.com.ua,з Кривого Рогу,19 824 .
Marin Kentfield ST 1,https://s.ek.ua/jpg/2647715.jpg,Rozetka.ua,з Києва,19 824 .
Marin Kentfield ST 1,https://s.ek.ua/jpg/2647715.jpg,Rozetka.ua,з Києва,19 824 .
Marin Kentfield 2,https://s.ek.ua/jpg/2695571.jpg,VeloGO.com.ua,з Києва,25 578 .
Marin Kentfield 2,https://s.ek.ua/jpg/2695571.jpg,Цифра,з Києва,25 579 .
Marin Kentfield 2,https://s.ek.ua/jpg/2695571.jpg,Stylus.ua,з Києва,25 579 .
Marin Kentfield 2,https://s.ek.ua/jpg/2695571.jpg,Groosha.ua,з Києва,25 578 .
Marin Kentfield 2,https://s.ek.ua/jpg/2695571.jpg,Enko.com.ua,з Кривого Рогу,25 578 .
Marin Kentfield 2,https://s.ek.ua/jpg/2695571.jpg,Rozetka.ua,з Києва,25 578 .
Marin Kentfield 2,https://s.ek.ua/jpg/2695571.jpg,Rozetka.ua,з Києва,25 578 .
Marin Kentfield 1,https://s.ek.ua/jpg/2647705.jpg,VeloGO.com.ua,з Києва,19 824 .
Marin Kentfield 1,https://s.ek.ua/jpg/2647705.jpg,Цифра,з Києва,19 825 .
Marin Kentfield 1,https://s.ek.ua/jpg/2647705.jpg,Stylus.ua,з Києва,19 825 .
Marin Kentfield 1,https://s.ek.ua/jpg/2647705.jpg,Groosha.ua,з Києва,19 824 .
Marin Kentfield 1,https://s.ek.ua/jpg/2647705.jpg,Enko.com.ua,з Кривого Рогу,19 824 .
Marin Kentfield 1,https://s.ek.ua/jpg/2647705.jpg,Rozetka.ua,з Києва,19 824 .
Cyclone GSX,https://s.ek.ua/jpg/2850751.jpg,VeloGO.com.ua,з Києва,56 459 .
Cyclone GSX,https://s.ek.ua/jpg/2850751.jpg,Цифра,з Києва,56 459 .
Cyclone GSX,https://s.ek.ua/jpg/2850751.jpg,Stylus.ua,з Києва,56 459 .
Cyclone GSX,https://s.ek.ua/jpg/2850751.jpg,Groosha.ua,з Києва,56 459 .
Cyclone GSX,https://s.ek.ua/jpg/2850751.jpg,VeloGO.com.ua,з Києва,56 459 .
Cyclone GSX,https://s.ek.ua/jpg/2850751.jpg,Цифра,з Києва,56 459 .
Cyclone GSX,https://s.ek.ua/jpg/2850751.jpg,Stylus.ua,з Києва,56 459 .
GT Grade Sport,https://s.ek.ua/jpg/2695604.jpg,Velomarket.org.ua,з Києва,36 893 .
GT Grade Sport,https://s.ek.ua/jpg/2695604.jpg,VeloGO.com.ua,з Києва,36 893 .
GT Grade Sport,https://s.ek.ua/jpg/2695604.jpg,Цифра,з Києва,36 893 .
GT Grade Sport,https://s.ek.ua/jpg/2695604.jpg,Stylus.ua,з Києва,36 893 .
GT Grade Sport,https://s.ek.ua/jpg/2695604.jpg,Enko.com.ua,з Кривого Рогу,36 893 .
GT Grade Sport,https://s.ek.ua/jpg/2695604.jpg,Groosha.ua,з Києва,36 893 .
GT Grade Sport,https://s.ek.ua/jpg/2695604.jpg,Rozetka.ua,з Києва,46 116 .
Trek FX 2,https://s.ek.ua/jpg/2534254.jpg,Velotime.com.ua,з Києва,35 900 .
Trek FX 2,https://s.ek.ua/jpg/2534254.jpg,Velomarket.org.ua,з Києва,35 900 .
Ardis Extreme 27.5 frame 15,https://s.ek.ua/jpg/1822250.jpg,АЛЛО,Ужгород,13 760 .
Ardis Extreme 27.5 frame 15,https://s.ek.ua/jpg/1822250.jpg,Moyo.ua,Ужгород,13 760 .
Ardis Extreme 27.5 frame 15,https://s.ek.ua/jpg/1822250.jpg,Rozetka.ua,з Києва,13 760 .
Ardis Extreme 27.5 frame 15,https://s.ek.ua/jpg/1822250.jpg,АЛЛО,Ужгород,13 760 .
Ardis Extreme 27.5 frame 15,https://s.ek.ua/jpg/1822250.jpg,АЛЛО,Ужгород,13 760 .
Ardis Extreme 27.5 frame 15,https://s.ek.ua/jpg/1822250.jpg,Moyo.ua,Ужгород,13 760 .
Ardis Extreme 27.5 frame 15,https://s.ek.ua/jpg/1822250.jpg,Moyo.ua,Ужгород,13 760 .
Dorozhnik eONYX DD CS 20,https://s.ek.ua/jpg/2880151.jpg,VeloGO.com.ua,з Києва,37 354 .
Dorozhnik eONYX DD CS 20,https://s.ek.ua/jpg/2880151.jpg,Rozetka.ua,з Києва,34 634 .
Dorozhnik eONYX DD CS 20,https://s.ek.ua/jpg/2880151.jpg,VeloGO.com.ua,з Києва,34 634 .
Dorozhnik eONYX DD CS 20,https://s.ek.ua/jpg/2880151.jpg,VeloGO.com.ua,з Києва,34 634 .
Dorozhnik eONYX DD CS 20,https://s.ek.ua/jpg/2880151.jpg,VeloGO.com.ua,з Києва,37 354 .
Dorozhnik eONYX DD CS 20,https://s.ek.ua/jpg/2880151.jpg,VeloGO.com.ua,з Києва,37 354 .
Dorozhnik eONYX DD CS 20,https://s.ek.ua/jpg/2880151.jpg,Rozetka.ua,з Києва,37 354 .
Bianchi Duel Alivio Mix 29,https://s.ek.ua/jpg/2212947.jpg,VeloGO.com.ua,з Києва,27 360 .
Bianchi Duel Alivio Mix 29,https://s.ek.ua/jpg/2212947.jpg,VeloGO.com.ua,з Києва,27 360 .
Marin DSX 2,https://s.ek.ua/jpg/2720187.jpg,Velomarket.org.ua,з Києва,49 728 .
Marin DSX 2,https://s.ek.ua/jpg/2720187.jpg,VeloGO.com.ua,з Києва,49 728 .
Marin DSX 2,https://s.ek.ua/jpg/2720187.jpg,Цифра,з Києва,49 729 .
Marin DSX 2,https://s.ek.ua/jpg/2720187.jpg,Stylus.ua,з Києва,49 729 .
Marin DSX 2,https://s.ek.ua/jpg/2720187.jpg,Groosha.ua,з Києва,49 728 .
Marin DSX 2,https://s.ek.ua/jpg/2720187.jpg,Enko.com.ua,з Кривого Рогу,49 728 .
Marin DSX 2,https://s.ek.ua/jpg/2720187.jpg,Rozetka.ua,з Києва,49 728 .
Merida Crossway L 100,https://s.ek.ua/jpg/2871208.jpg,Velotime.com.ua,з Києва,30 828 .
Merida Crossway L 100,https://s.ek.ua/jpg/2871208.jpg,Velomarket.org.ua,з Києва,30 828 .
Merida Crossway L 100,https://s.ek.ua/jpg/2871208.jpg,VeloGO.com.ua,з Києва,30 828 .
Avanti Canyon Pro 27.5,https://s.ek.ua/jpg/2738300.jpg,Groosha.ua,з Києва,14 957 .
Avanti Canyon Pro 27.5,https://s.ek.ua/jpg/2738300.jpg,Groosha.ua,з Києва,14 957 .
Merida Big.Nine 80,https://s.ek.ua/jpg/2622388.jpg,Velotime.com.ua,з Києва,34 776 .
Merida Big.Nine 80,https://s.ek.ua/jpg/2622388.jpg,Velomarket.org.ua,з Києва,34 776 .
Merida Big.Nine 80,https://s.ek.ua/jpg/2622388.jpg,VeloGO.com.ua,з Києва,34 776 .
Merida Big.Nine 80,https://s.ek.ua/jpg/2622388.jpg,Velotime.com.ua,з Києва,34 776 .
Merida Big.Nine 80,https://s.ek.ua/jpg/2622388.jpg,Velomarket.org.ua,з Києва,34 776 .
Merida Big.Nine 80,https://s.ek.ua/jpg/2622388.jpg,VeloGO.com.ua,з Києва,34 776 .
Merida Big.Nine 700,https://s.ek.ua/jpg/2850156.jpg,Velotime.com.ua,з Києва,56 658 .
Merida Big.Nine 700,https://s.ek.ua/jpg/2850156.jpg,Velomarket.org.ua,з Києва,56 658 .
Merida Big.Nine 700,https://s.ek.ua/jpg/2850156.jpg,VeloGO.com.ua,з Києва,56 658 .
Merida Big.Nine 100-2x,https://s.ek.ua/jpg/2436761.jpg,Velotime.com.ua,з Києва,30 660 .
Merida Big.Nine 100-2x,https://s.ek.ua/jpg/2436761.jpg,Velomarket.org.ua,з Києва,30 660 .
Merida Big.Nine 100-2x,https://s.ek.ua/jpg/2436761.jpg,VeloGO.com.ua,з Києва,30 660 .
Merida Big.Nine 100-2x,https://s.ek.ua/jpg/2436761.jpg,Velotime.com.ua,з Києва,30 660 .
Merida Big.Nine 100-2x,https://s.ek.ua/jpg/2436761.jpg,Velomarket.org.ua,з Києва,30 660 .
GT Avalanche Comp 29,https://s.ek.ua/jpg/2886519.jpg,Velomarket.org.ua,з Києва,29 820 .
GT Avalanche Comp 29,https://s.ek.ua/jpg/2886519.jpg,VeloGO.com.ua,з Києва,29 820 .
GT Avalanche Comp 29,https://s.ek.ua/jpg/2886519.jpg,Enko.com.ua,з Кривого Рогу,29 820 .
GT Avalanche Comp 29,https://s.ek.ua/jpg/2886519.jpg,MTA.ua,з Києва,29 820 .
GT Avalanche Comp 29,https://s.ek.ua/jpg/2886519.jpg,Velomarket.org.ua,з Києва,29 820 .
GT Avalanche Comp 29,https://s.ek.ua/jpg/2886519.jpg,VeloGO.com.ua,з Києва,29 820 .
GT Avalanche Comp 29,https://s.ek.ua/jpg/2886519.jpg,Enko.com.ua,з Кривого Рогу,29 820 .
GT Avalanche Comp 29,https://s.ek.ua/jpg/2397277.jpg,Velomarket.org.ua,з Києва,30 660 .
GT Avalanche Comp 29,https://s.ek.ua/jpg/2397277.jpg,VeloGO.com.ua,з Києва,30 660 .
GT Avalanche Comp 29,https://s.ek.ua/jpg/2397277.jpg,Цифра,з Києва,30 660 .
GT Avalanche Comp 29,https://s.ek.ua/jpg/2397277.jpg,Stylus.ua,з Києва,30 660 .
GT Avalanche Comp 29,https://s.ek.ua/jpg/2397277.jpg,Enko.com.ua,з Кривого Рогу,30 660 .
GT Avalanche Comp 29,https://s.ek.ua/jpg/2397277.jpg,Rozetka.ua,з Києва,30 660 .
Scott Aspect 740,https://s.ek.ua/jpg/1955055.jpg,Velotime.com.ua,з Києва,34 186 .
Scott Aspect 740,https://s.ek.ua/jpg/1955055.jpg,Velomarket.org.ua,з Києва,34 186 .
Scott Aspect 740,https://s.ek.ua/jpg/1955055.jpg,VeloGO.com.ua,з Києва,42 000 .
Scott Aspect 740,https://s.ek.ua/jpg/1955055.jpg,Rozetka.ua,з Києва,42 000 .
GT Aggressor Expert 29,https://s.ek.ua/jpg/2886197.jpg,Velomarket.org.ua,з Києва,23 940 .
GT Aggressor Expert 29,https://s.ek.ua/jpg/2886197.jpg,VeloGO.com.ua,з Києва,23 940 .
GT Aggressor Expert 29,https://s.ek.ua/jpg/2886197.jpg,Enko.com.ua,з Кривого Рогу,23 940 .
GT Aggressor Expert 29,https://s.ek.ua/jpg/2886197.jpg,Groosha.ua,з Києва,23 940 .
GT Aggressor Expert 29,https://s.ek.ua/jpg/2886197.jpg,MTA.ua,з Києва,23 940 .
GT Aggressor Expert 29,https://s.ek.ua/jpg/2886197.jpg,VeloGO.com.ua,з Києва,23 940 .
GT Aggressor Expert 29,https://s.ek.ua/jpg/2886197.jpg,Enko.com.ua,з Кривого Рогу,23 940 .
Leon XC-50 AM HDD,https://s.ek.ua/jpg/2246656.jpg,АЛЛО,Ужгород,37 364 .
Leon XC-50 AM HDD,https://s.ek.ua/jpg/2246656.jpg,VeloGO.com.ua,з Києва,26 086 .
Leon XC-50 AM HDD,https://s.ek.ua/jpg/2246656.jpg,Цифра,з Києва,26 086 .
Leon XC-50 AM HDD,https://s.ek.ua/jpg/2246656.jpg,Stylus.ua,з Києва,26 086 .
Leon XC-50 AM HDD,https://s.ek.ua/jpg/2246656.jpg,Moyo.ua,Ужгород,31 137 .
Leon XC-50 AM HDD,https://s.ek.ua/jpg/2246656.jpg,Kvshop.com.ua,з Києва,26 086 .
Leon XC-50 AM HDD,https://s.ek.ua/jpg/2246656.jpg,Axm.com.ua,з Харкова,26 087 .
KTM Wild Cross 24,https://s.ek.ua/jpg/2480340.jpg,Velotime.com.ua,з Києва,21 930 .
KTM Wild Cross 24,https://s.ek.ua/jpg/2480340.jpg,Velomarket.org.ua,з Києва,21 930 .
KTM Wild Cross 24,https://s.ek.ua/jpg/2480340.jpg,VeloGO.com.ua,з Києва,21 930 .
KTM Wild Cross 24,https://s.ek.ua/jpg/2480340.jpg,Цифра,з Києва,21 930 .
KTM Wild Cross 24,https://s.ek.ua/jpg/2480340.jpg,Rozetka.ua,з Києва,23 776 .
KTM Wild Cross 24,https://s.ek.ua/jpg/2480340.jpg,Velotime.com.ua,з Києва,21 930 .
KTM Wild Cross 24,https://s.ek.ua/jpg/2480340.jpg,Velomarket.org.ua,з Києва,21 930 .
Leon TN-40 AM HDD,https://s.ek.ua/jpg/2246663.jpg,VeloGO.com.ua,з Києва,30 123 .
Leon TN-40 AM HDD,https://s.ek.ua/jpg/2246663.jpg,Цифра,з Києва,30 123 .
Leon TN-40 AM HDD,https://s.ek.ua/jpg/2246663.jpg,Stylus.ua,з Києва,30 123 .
Leon TN-40 AM HDD,https://s.ek.ua/jpg/2246663.jpg,Moyo.ua,Ужгород,47 784 .
Leon TN-40 AM HDD,https://s.ek.ua/jpg/2246663.jpg,Kvshop.com.ua,з Києва,30 123 .
Leon TN-40 AM HDD,https://s.ek.ua/jpg/2246663.jpg,Axm.com.ua,з Харкова,30 124 .
Leon TN-40 AM HDD,https://s.ek.ua/jpg/2246663.jpg,Enko.com.ua,з Кривого Рогу,30 123 .
Giant Talon 2 29,https://s.ek.ua/jpg/1959200.jpg,Velotime.com.ua,з Києва,30 019 .
Giant Talon 2 29,https://s.ek.ua/jpg/1959200.jpg,Velomarket.org.ua,з Києва,30 020 .
Merida Speeder 300,https://s.ek.ua/jpg/2871632.jpg,Velotime.com.ua,з Києва,41 370 .
Merida Speeder 300,https://s.ek.ua/jpg/2871632.jpg,Velomarket.org.ua,з Києва,41 370 .
Merida Speeder 300,https://s.ek.ua/jpg/2871632.jpg,VeloGO.com.ua,з Києва,41 370 .
Winner Solid GT 29,https://s.ek.ua/jpg/2850775.jpg,VeloGO.com.ua,з Києва,25 284 .
Winner Solid GT 29,https://s.ek.ua/jpg/2850775.jpg,Цифра,з Києва,25 284 .
Winner Solid GT 29,https://s.ek.ua/jpg/2850775.jpg,Stylus.ua,з Києва,25 284 .
Winner Solid GT 29,https://s.ek.ua/jpg/2850775.jpg,Groosha.ua,з Києва,25 284 .
Winner Solid GT 29,https://s.ek.ua/jpg/2850775.jpg,VeloGO.com.ua,з Києва,25 284 .
Winner Solid GT 29,https://s.ek.ua/jpg/2850775.jpg,Цифра,з Києва,25 284 .
Winner Solid GT 29,https://s.ek.ua/jpg/2850775.jpg,Stylus.ua,з Києва,25 284 .
Cyclone SLX,https://s.ek.ua/jpg/2624777.jpg,VeloGO.com.ua,з Києва,45 580 .
Cyclone SLX,https://s.ek.ua/jpg/2624777.jpg,Цифра,з Києва,45 580 .
Cyclone SLX,https://s.ek.ua/jpg/2624777.jpg,Stylus.ua,з Києва,45 580 .
Cyclone SLX,https://s.ek.ua/jpg/2624777.jpg,Groosha.ua,з Києва,45 580 .
Cyclone SLX,https://s.ek.ua/jpg/2624777.jpg,VeloGO.com.ua,з Києва,45 580 .
Cyclone SLX,https://s.ek.ua/jpg/2624777.jpg,Цифра,з Києва,45 580 .
Cyclone SLX,https://s.ek.ua/jpg/2624777.jpg,Stylus.ua,з Києва,45 580 .
Merida Silex 4000,https://s.ek.ua/jpg/2871612.jpg,Velotime.com.ua,з Києва,92 022 .
Merida Silex 4000,https://s.ek.ua/jpg/2871612.jpg,Velomarket.org.ua,з Києва,92 022 .
Merida Silex 300,https://s.ek.ua/jpg/2171471.jpg,Velotime.com.ua,з Києва,50 831 .
Merida Silex 300,https://s.ek.ua/jpg/2171471.jpg,Velomarket.org.ua,з Києва,50 831 .
Merida Silex 300,https://s.ek.ua/jpg/2171471.jpg,VeloGO.com.ua,з Києва,50 837 .
Merida Silex 300,https://s.ek.ua/jpg/2171471.jpg,Velotime.com.ua,з Києва,50 831 .
Merida Silex 300,https://s.ek.ua/jpg/2171471.jpg,Velomarket.org.ua,з Києва,50 831 .
Merida Silex 300,https://s.ek.ua/jpg/2171471.jpg,VeloGO.com.ua,з Києва,50 837 .
Scott Scale 24 Disc,https://s.ek.ua/jpg/2701504.jpg,Velotime.com.ua,з Києва,26 150 .
Scott Scale 24 Disc,https://s.ek.ua/jpg/2701504.jpg,Velomarket.org.ua,з Києва,26 150 .
Scott Scale 24 Disc,https://s.ek.ua/jpg/2701504.jpg,Velotime.com.ua,з Києва,26 150 .
Scott Scale 24 Disc,https://s.ek.ua/jpg/2701504.jpg,Velotime.com.ua,з Києва,26 150 .
Scott Scale 24 Disc,https://s.ek.ua/jpg/2701504.jpg,Velomarket.org.ua,з Києва,26 150 .
Scott Scale 24 Disc,https://s.ek.ua/jpg/2701504.jpg,Velomarket.org.ua,з Києва,26 150 .
Author Ronin,https://s.ek.ua/jpg/2038762.jpg,Velotime.com.ua,з Києва,47 000 .
Author Ronin,https://s.ek.ua/jpg/2038762.jpg,Velomarket.org.ua,з Києва,47 000 .
Pride RocX 8.4,https://s.ek.ua/jpg/2624894.jpg,Velomarket.org.ua,з Києва,54 012 .
Pride RocX 8.4,https://s.ek.ua/jpg/2624894.jpg,VeloGO.com.ua,з Києва,54 012 .
Pride RocX 8.4,https://s.ek.ua/jpg/2624894.jpg,Цифра,з Києва,54 012 .
Pride RocX 8.4,https://s.ek.ua/jpg/2624894.jpg,Stylus.ua,з Києва,54 012 .
Pride RocX 8.4,https://s.ek.ua/jpg/2624894.jpg,Groosha.ua,з Києва,54 012 .
Pride RocX 8.4,https://s.ek.ua/jpg/2624894.jpg,Enko.com.ua,з Кривого Рогу,54 012 .
Pride RocX 8.4,https://s.ek.ua/jpg/2624894.jpg,Rozetka.ua,з Києва,54 012 .
Marin Rift Zone 2 29,https://s.ek.ua/jpg/2850121.jpg,VeloGO.com.ua,з Києва,94 458 .
Marin Rift Zone 2 29,https://s.ek.ua/jpg/2850121.jpg,Цифра,з Києва,94 459 .
Marin Rift Zone 2 29,https://s.ek.ua/jpg/2850121.jpg,Stylus.ua,з Києва,94 459 .
Marin Rift Zone 2 29,https://s.ek.ua/jpg/2850121.jpg,Enko.com.ua,з Кривого Рогу,94 458 .
Marin Rift Zone 1 29,https://s.ek.ua/jpg/2850076.jpg,Velomarket.org.ua,з Києва,78 498 .
Marin Rift Zone 1 29,https://s.ek.ua/jpg/2850076.jpg,VeloGO.com.ua,з Києва,78 498 .
Marin Rift Zone 1 29,https://s.ek.ua/jpg/2850076.jpg,Цифра,з Києва,78 498 .
Marin Rift Zone 1 29,https://s.ek.ua/jpg/2850076.jpg,Stylus.ua,з Києва,78 498 .
Marin Rift Zone 1 29,https://s.ek.ua/jpg/2850076.jpg,Enko.com.ua,з Кривого Рогу,78 498 .
Marin Rift Zone 1 29,https://s.ek.ua/jpg/2850076.jpg,Groosha.ua,з Києва,78 498 .
Marin Rift Zone 1 29,https://s.ek.ua/jpg/2850076.jpg,MTA.ua,з Києва,78 498 .
Comanche Ranger Magnum Disc 27.5 frame 21,https://s.ek.ua/jpg/1540450.jpg,Velotime.com.ua,з Києва,15 444 .
Comanche Ranger Magnum Disc 27.5 frame 21,https://s.ek.ua/jpg/1540450.jpg,Velomarket.org.ua,з Києва,15 444 .
Marin Presidio 2,https://s.ek.ua/jpg/2647833.jpg,VeloGO.com.ua,з Києва,34 608 .
Marin Presidio 2,https://s.ek.ua/jpg/2647833.jpg,Цифра,з Києва,34 608 .
Marin Presidio 2,https://s.ek.ua/jpg/2647833.jpg,Stylus.ua,з Києва,34 608 .
Marin Presidio 2,https://s.ek.ua/jpg/2647833.jpg,Enko.com.ua,з Кривого Рогу,34 608 .
Marin Presidio 2,https://s.ek.ua/jpg/2647833.jpg,MTA.ua,з Києва,34 608 .
Marin Presidio 2,https://s.ek.ua/jpg/2647833.jpg,Rozetka.ua,з Києва,34 608 .
Marin Presidio 2,https://s.ek.ua/jpg/2647833.jpg,Rozetka.ua,з Києва,34 608 .
Comanche Prairie Disc 29 frame 19,https://s.ek.ua/jpg/1540260.jpg,Velotime.com.ua,з Києва,18 993 .
Comanche Prairie Disc 29 frame 19,https://s.ek.ua/jpg/1540260.jpg,Velomarket.org.ua,з Києва,18 993 .
Marin Nicasio,https://s.ek.ua/jpg/2418696.jpg,Цифра,з Києва,28 161 .
Marin Nicasio,https://s.ek.ua/jpg/2418696.jpg,Stylus.ua,з Києва,28 161 .
VNC MontRider A4 26,https://s.ek.ua/jpg/2657035.jpg,Stylus.ua,з Києва,11 995 .
VNC MontRider A4 26,https://s.ek.ua/jpg/2657035.jpg,Цифра,з Києва,11 635 .
VNC MontRider A4 26,https://s.ek.ua/jpg/2657035.jpg,Rozetka.ua,з Києва,11 995 .
VNC MontRider A3 FMN 26,https://s.ek.ua/jpg/2731980.jpg,Цифра,з Києва,11 053 .
VNC MontRider A3 FMN 26,https://s.ek.ua/jpg/2731980.jpg,Stylus.ua,з Києва,11 745 .
VNC MontRider A3 FMN 26,https://s.ek.ua/jpg/2731980.jpg,Groosha.ua,з Києва,11 745 .
VNC MontRider A3 FMN 26,https://s.ek.ua/jpg/2731980.jpg,Stylus.ua,з Києва,11 395 .
VNC MontRider A3 FMN 26,https://s.ek.ua/jpg/2731980.jpg,Stylus.ua,з Києва,10 197 .
VNC MontRider A3 FMN 26,https://s.ek.ua/jpg/2731980.jpg,Цифра,з Києва,11 393 .
VNC MontRider A3 FMN 26,https://s.ek.ua/jpg/2731980.jpg,Цифра,з Києва,9 891 .
Ardis Messina 26,https://s.ek.ua/jpg/783889.jpg,АЛЛО,Ужгород,7 470 .
Ardis Messina 26,https://s.ek.ua/jpg/783889.jpg,Moyo.ua,Ужгород,7 470 .
Ardis Messina 26,https://s.ek.ua/jpg/783889.jpg,Groosha.ua,з Києва,7 010 .
Ardis Messina 26,https://s.ek.ua/jpg/783889.jpg,Rozetka.ua,з Києва,7 470 .
Ardis Maxus MTB 26 frame 19,https://s.ek.ua/jpg/1538804.jpg,АЛЛО,Ужгород,11 345 .
Ardis Maxus MTB 26 frame 19,https://s.ek.ua/jpg/1538804.jpg,Moyo.ua,Ужгород,11 345 .
Ardis Maxus MTB 26 frame 19,https://s.ek.ua/jpg/1538804.jpg,Rozetka.ua,з Києва,11 345 .
Trek Marlin 8 Gen 3 29,https://s.ek.ua/jpg/2737561.jpg,Velotime.com.ua,з Києва,53 200 .
Trek Marlin 8 Gen 3 29,https://s.ek.ua/jpg/2737561.jpg,Velomarket.org.ua,з Києва,53 200 .
Trek Marlin 6 Gen 3 29,https://s.ek.ua/jpg/2537352.jpg,Velotime.com.ua,з Києва,41 900 .
Trek Marlin 6 Gen 3 29,https://s.ek.ua/jpg/2537352.jpg,Velomarket.org.ua,з Києва,41 900 .
Trek Marlin 6 Gen 3 29,https://s.ek.ua/jpg/2537352.jpg,Velotime.com.ua,з Києва,41 900 .
Trek Marlin 6 Gen 3 29,https://s.ek.ua/jpg/2537352.jpg,Velotime.com.ua,з Києва,41 900 .
Trek Marlin 6 Gen 3 29,https://s.ek.ua/jpg/2537352.jpg,Velomarket.org.ua,з Києва,41 900 .
Trek Marlin 6 Gen 3 29,https://s.ek.ua/jpg/2537352.jpg,Velomarket.org.ua,з Києва,41 900 .
Giant Liv Tempt 4 27.5,https://s.ek.ua/jpg/2502785.jpg,Velotime.com.ua,з Києва,26 460 .
Giant Liv Tempt 4 27.5,https://s.ek.ua/jpg/2502785.jpg,Velomarket.org.ua,з Києва,26 460 .
Giant Liv Tempt 4 27.5,https://s.ek.ua/jpg/2502785.jpg,VeloGO.com.ua,з Києва,26 460 .
KONA Lana'i 29,https://s.ek.ua/jpg/2720110.jpg,VeloGO.com.ua,з Києва,24 352 .
KONA Lana'i 29,https://s.ek.ua/jpg/2720110.jpg,Цифра,з Києва,24 352 .
KONA Lana'i 29,https://s.ek.ua/jpg/2720110.jpg,Stylus.ua,з Києва,24 352 .
KONA Lana'i 29,https://s.ek.ua/jpg/2720110.jpg,Rozetka.ua,з Києва,24 352 .
Corrado Kanio 3.0 MTB 26,https://s.ek.ua/jpg/431437.jpg,АЛЛО,Ужгород,11 738 .
Corrado Kanio 3.0 MTB 26,https://s.ek.ua/jpg/431437.jpg,Moyo.ua,Ужгород,11 738 .
Corrado Kanio 3.0 MTB 26,https://s.ek.ua/jpg/431437.jpg,Rozetka.ua,з Києва,11 738 .
Corrado Kanio 3.0 MTB 26,https://s.ek.ua/jpg/431437.jpg,АЛЛО,Ужгород,11 738 .
Corrado Kanio 3.0 MTB 26,https://s.ek.ua/jpg/431437.jpg,АЛЛО,Ужгород,11 738 .
Corrado Kanio 3.0 MTB 26,https://s.ek.ua/jpg/431437.jpg,АЛЛО,Ужгород,11 738 .
Corrado Kanio 3.0 MTB 26,https://s.ek.ua/jpg/431437.jpg,АЛЛО,Ужгород,10 089 .
Pride Jet Rocx 8.1,https://s.ek.ua/jpg/2680970.jpg,VeloGO.com.ua,з Києва,79 800 .
Pride Jet Rocx 8.1,https://s.ek.ua/jpg/2680970.jpg,Цифра,з Києва,79 801 .
Pride Jet Rocx 8.1,https://s.ek.ua/jpg/2680970.jpg,Stylus.ua,з Києва,79 801 .
Pride Jet Rocx 8.1,https://s.ek.ua/jpg/2680970.jpg,Groosha.ua,з Києва,79 800 .
Pride Jet Rocx 8.1,https://s.ek.ua/jpg/2680970.jpg,Enko.com.ua,з Кривого Рогу,79 800 .
Pride Jet Rocx 8.1,https://s.ek.ua/jpg/2680970.jpg,Rozetka.ua,з Києва,80 540 .
Pride Jet Rocx 8.1,https://s.ek.ua/jpg/2680970.jpg,Rozetka.ua,з Києва,79 800 .
Author Impulse II 27.5,https://s.ek.ua/jpg/2748202.jpg,Velotime.com.ua,з Києва,23 680 .
Author Impulse II 27.5,https://s.ek.ua/jpg/2748202.jpg,Velomarket.org.ua,з Києва,24 680 .
Author Impulse II 27.5,https://s.ek.ua/jpg/2748202.jpg,Цифра,з Києва,31 080 .
Author Impulse II 27.5,https://s.ek.ua/jpg/2748202.jpg,Stylus.ua,з Києва,31 080 .
Winner Ibiza 24,https://s.ek.ua/jpg/2656979.jpg,VeloGO.com.ua,з Києва,17 329 .
Winner Ibiza 24,https://s.ek.ua/jpg/2656979.jpg,Groosha.ua,з Києва,17 329 .
Winner Ibiza 24,https://s.ek.ua/jpg/2656979.jpg,VeloGO.com.ua,з Києва,17 329 .
Winner Ibiza 24,https://s.ek.ua/jpg/2656979.jpg,VeloGO.com.ua,з Києва,17 329 .
Winner Ibiza 24,https://s.ek.ua/jpg/2656979.jpg,Groosha.ua,з Києва,17 329 .
Winner Ibiza 24,https://s.ek.ua/jpg/2656979.jpg,Groosha.ua,з Києва,17 329 .
Ardis Getman 28,https://s.ek.ua/jpg/1630558.jpg,АЛЛО,Ужгород,7 357 .
Ardis Getman 28,https://s.ek.ua/jpg/1630558.jpg,Moyo.ua,Ужгород,7 357 .
Ardis Getman 28,https://s.ek.ua/jpg/1630558.jpg,Groosha.ua,з Києва,9 619 .
Ardis Getman 28,https://s.ek.ua/jpg/1630558.jpg,Rozetka.ua,з Києва,10 165 .
Ardis Getman 28,https://s.ek.ua/jpg/1630558.jpg,Moyo.ua,Ужгород,10 165 .
Ardis Getman 28,https://s.ek.ua/jpg/1630558.jpg,Moyo.ua,Ужгород,7 357 .
Ardis Getman 28,https://s.ek.ua/jpg/1630558.jpg,Moyo.ua,Ужгород,10 165 .
Trek FX 3 Disc,https://s.ek.ua/jpg/2655948.jpg,Velotime.com.ua,з Києва,44 900 .
Trek FX 3 Disc,https://s.ek.ua/jpg/2655948.jpg,Velomarket.org.ua,з Києва,44 900 .
Kugoo Flex K01,https://s.ek.ua/jpg/2849995.jpg,АЛЛО,Ужгород,23 999 .
Kugoo Flex K01,https://s.ek.ua/jpg/2849995.jpg,Touch,з Дніпра,23 499 .
Kugoo Flex K01,https://s.ek.ua/jpg/2849995.jpg,Setevuha.ua,з Києва,23 524 .
Kugoo Flex K01,https://s.ek.ua/jpg/2849995.jpg,COMFY.ua,з Києва,23 999 .
Kugoo Flex K01,https://s.ek.ua/jpg/2849995.jpg,Comtrading.ua,з Києва,21 983 .
Kugoo Flex K01,https://s.ek.ua/jpg/2849995.jpg,Rozetka.ua,з Києва,23 999 .
Kugoo Flex K01,https://s.ek.ua/jpg/2849995.jpg,Rozetka.ua,з Києва,26 999 .
Ardis Expert MTB 26,https://s.ek.ua/jpg/526195.jpg,АЛЛО,Ужгород,17 242 .
Ardis Expert MTB 26,https://s.ek.ua/jpg/526195.jpg,Moyo.ua,Ужгород,17 242 .
Ardis Expert MTB 26,https://s.ek.ua/jpg/526195.jpg,Rozetka.ua,з Києва,17 242 .
Giant Escape 2 City Disc,https://s.ek.ua/jpg/2502557.jpg,Velotime.com.ua,з Києва,32 760 .
Giant Escape 2 City Disc,https://s.ek.ua/jpg/2502557.jpg,Velomarket.org.ua,з Києва,32 760 .
Giant Escape 2 City Disc,https://s.ek.ua/jpg/2502557.jpg,VeloGO.com.ua,з Києва,32 760 .
Giant Escape 2 City Disc,https://s.ek.ua/jpg/2502557.jpg,Цифра,з Києва,32 760 .
Giant Escape 2 City Disc,https://s.ek.ua/jpg/2502557.jpg,Stylus.ua,з Києва,32 760 .
Spirit Fitness Echo 7.3 27.5,https://s.ek.ua/jpg/2255553.jpg,VeloGO.com.ua,з Києва,17 308 .
Spirit Fitness Echo 7.3 27.5,https://s.ek.ua/jpg/2255553.jpg,Stylus.ua,з Києва,17 308 .
CROSS Dragster Susp 24,https://s.ek.ua/jpg/2873058.jpg,Rozetka.ua,з Києва,7 400 .
CROSS Dragster Susp 24,https://s.ek.ua/jpg/2873058.jpg,Rozetka.ua,з Києва,7 400 .
CROSS Dragster Susp 24,https://s.ek.ua/jpg/2873058.jpg,Rozetka.ua,з Києва,7 400 .
Crosser DeMarche 700C 18spd frame 19,https://s.ek.ua/jpg/2873128.jpg,Crosser.com.ua,з Києва,16 199 .
Crosser DeMarche 700C 18spd frame 19,https://s.ek.ua/jpg/2873128.jpg,Crosser.com.ua,з Києва,16 299 .
Crosser DeMarche 700C 18spd frame 19,https://s.ek.ua/jpg/2873128.jpg,Crosser.com.ua,з Києва,16 199 .
Ardis CTB Ukr Bike 28,https://s.ek.ua/jpg/1630440.jpg,АЛЛО,Ужгород,7 133 .
Ardis CTB Ukr Bike 28,https://s.ek.ua/jpg/1630440.jpg,Moyo.ua,Ужгород,7 133 .
Ardis CTB Ukr Bike 28,https://s.ek.ua/jpg/1630440.jpg,Groosha.ua,з Києва,6 684 .
Ardis CTB Ukr Bike 28,https://s.ek.ua/jpg/1630440.jpg,Rozetka.ua,з Києва,7 133 .
Ardis CTB Ukr Bike 28,https://s.ek.ua/jpg/1630440.jpg,АЛЛО,Ужгород,7 133 .
Ardis CTB Ukr Bike 28,https://s.ek.ua/jpg/1630440.jpg,АЛЛО,Ужгород,7 133 .
Ardis CTB Ukr Bike 28,https://s.ek.ua/jpg/1630440.jpg,Moyo.ua,Ужгород,7 133 .
Author Classic,https://s.ek.ua/jpg/2434300.jpg,Velotime.com.ua,з Києва,21 500 .
Author Classic,https://s.ek.ua/jpg/2434300.jpg,Velomarket.org.ua,з Києва,21 500 .
Author Classic,https://s.ek.ua/jpg/2434300.jpg,Цифра,з Києва,26 670 .
Author Classic,https://s.ek.ua/jpg/2434300.jpg,Stylus.ua,з Києва,26 670 .
ORBEA Carpe 15,https://s.ek.ua/jpg/1992333.jpg,АЛЛО,Ужгород,39 781 .
ORBEA Carpe 15,https://s.ek.ua/jpg/1992333.jpg,VeloGO.com.ua,з Києва,33 151 .
ORBEA Carpe 15,https://s.ek.ua/jpg/1992333.jpg,Palladium.ua,з Києва,33 151 .
ORBEA Carpe 15,https://s.ek.ua/jpg/1992333.jpg,Groosha.ua,з Києва,33 151 .
ORBEA Carpe 15,https://s.ek.ua/jpg/1992333.jpg,Mobitek.com.ua,з Києва,32 819 .
ORBEA Carpe 15,https://s.ek.ua/jpg/1992333.jpg,Rozetka.ua,з Києва,33 151 .
ORBEA Carpe 15,https://s.ek.ua/jpg/1992333.jpg,Groosha.ua,з Києва,33 151 .
Merida Big.Seven 200,https://s.ek.ua/jpg/2405996.jpg,Velotime.com.ua,з Києва,32 760 .
Merida Big.Seven 200,https://s.ek.ua/jpg/2405996.jpg,Velomarket.org.ua,з Києва,32 760 .
Merida Big.Nine TR Limited,https://s.ek.ua/jpg/2851221.jpg,Velotime.com.ua,з Києва,72 240 .
Merida Big.Nine TR Limited,https://s.ek.ua/jpg/2851221.jpg,Velomarket.org.ua,з Києва,72 240 .
Merida Big.Nine TR Limited,https://s.ek.ua/jpg/2851221.jpg,VeloGO.com.ua,з Києва,72 240 .
Merida Big.Nine 300,https://s.ek.ua/jpg/2623125.jpg,Velotime.com.ua,з Києва,39 480 .
Merida Big.Nine 300,https://s.ek.ua/jpg/2623125.jpg,Velomarket.org.ua,з Києва,39 480 .
Merida Big.Nine 300,https://s.ek.ua/jpg/2623125.jpg,VeloGO.com.ua,з Києва,39 480 .
Merida Big.Nine 300,https://s.ek.ua/jpg/2623125.jpg,Velotime.com.ua,з Києва,39 480 .
Merida Big.Nine 300,https://s.ek.ua/jpg/2623125.jpg,Velomarket.org.ua,з Києва,39 480 .
Merida Big.Nine 300,https://s.ek.ua/jpg/2623125.jpg,VeloGO.com.ua,з Києва,39 480 .
Merida Big.Nine 20-3x,https://s.ek.ua/jpg/2406263.jpg,Velotime.com.ua,з Києва,25 620 .
Merida Big.Nine 20-3x,https://s.ek.ua/jpg/2406263.jpg,Velomarket.org.ua,з Києва,25 620 .
Merida Big.Nine 20-3x,https://s.ek.ua/jpg/2406263.jpg,VeloGO.com.ua,з Києва,25 620 .
CROSS Betty 24,https://s.ek.ua/jpg/2421083.jpg,Groosha.ua,з Києва,7 200 .
CROSS Betty 24,https://s.ek.ua/jpg/2421083.jpg,Groosha.ua,з Києва,7 200 .
CROSS Betty 24,https://s.ek.ua/jpg/2421083.jpg,Groosha.ua,з Києва,7 200 .
Crossride Avenue MTB 26,https://s.ek.ua/jpg/1153104.jpg,АЛЛО,Ужгород,9 042 .
Crossride Avenue MTB 26,https://s.ek.ua/jpg/1153104.jpg,Moyo.ua,Ужгород,9 042 .
Crossride Avenue MTB 26,https://s.ek.ua/jpg/1153104.jpg,Groosha.ua,з Києва,8 532 .
Crossride Avenue MTB 26,https://s.ek.ua/jpg/1153104.jpg,Rozetka.ua,з Києва,9 042 .
Giant ATX 27.5,https://s.ek.ua/jpg/2185574.jpg,Velomarket.org.ua,з Києва,21 210 .
Giant ATX 27.5,https://s.ek.ua/jpg/2185574.jpg,Velomarket.org.ua,з Києва,21 210 .
Author A-Matrix 26 D II,https://s.ek.ua/jpg/2500457.jpg,Velotime.com.ua,з Києва,19 570 .
Author A-Matrix 26 D II,https://s.ek.ua/jpg/2500457.jpg,Velomarket.org.ua,з Києва,19 570 .
Author A-Matrix 26 D II,https://s.ek.ua/jpg/2500457.jpg,Цифра,з Києва,19 570 .
Author A-Matrix 26 D II,https://s.ek.ua/jpg/2500457.jpg,Stylus.ua,з Києва,19 570 .
Author A-Matrix 26 D II,https://s.ek.ua/jpg/2500457.jpg,Будинок Іграшок,з Києва,19 570 .
Author A-Matrix 26 D II,https://s.ek.ua/jpg/2500457.jpg,Velotime.com.ua,з Києва,19 570 .
Author A-Matrix 26 D II,https://s.ek.ua/jpg/2500457.jpg,Velotime.com.ua,з Києва,19 570 .
Like2Bike Active 1.0 27.5,https://s.ek.ua/jpg/2783573.jpg,Rozetka.ua,з Києва,12 189 .
Like2Bike Active 1.0 27.5,https://s.ek.ua/jpg/2783573.jpg,Rozetka.ua,з Києва,13 034 .
Like2Bike Active 1.0 27.5,https://s.ek.ua/jpg/2783573.jpg,Rozetka.ua,з Києва,11 995 .
Indiana X-Rock 3.6 M,https://s.ek.ua/jpg/2456677.jpg,Rozetka.ua,з Києва,22 600 .
Indiana X-Rock 3.6 M,https://s.ek.ua/jpg/2456677.jpg,Rozetka.ua,з Києва,42 100 .
Indiana X-Road 1.0 M,https://s.ek.ua/jpg/2488727.jpg,Ebox24.biz,з Львова,14 159 .
Indiana X-Road 1.0 M,https://s.ek.ua/jpg/2488727.jpg,Ebox24.biz,з Львова,14 159 .
Indiana X-Road 1.0 M,https://s.ek.ua/jpg/2488727.jpg,Ebox24.biz,з Львова,15 339 .
Leon XC 80,https://s.ek.ua/jpg/2748309.jpg,АЛЛО,Ужгород,18 633 .
Leon XC 80,https://s.ek.ua/jpg/2748309.jpg,VeloGO.com.ua,з Києва,18 633 .
Leon XC 80,https://s.ek.ua/jpg/2748309.jpg,Цифра,з Києва,18 634 .
Leon XC 80,https://s.ek.ua/jpg/2748309.jpg,Stylus.ua,з Києва,18 634 .
Leon XC 80,https://s.ek.ua/jpg/2748309.jpg,Moyo.ua,Ужгород,21 315 .
Leon XC 80,https://s.ek.ua/jpg/2748309.jpg,Groosha.ua,з Києва,18 633 .
Leon XC 80,https://s.ek.ua/jpg/2748309.jpg,Itbox.ua,з Києва,18 633 .
Marin Wildcat Trail WFG 3,https://s.ek.ua/jpg/2380687.jpg,Velomarket.org.ua,з Києва,21 242 .
Marin Wildcat Trail WFG 3,https://s.ek.ua/jpg/2380687.jpg,VeloGO.com.ua,з Києва,21 242 .
Marin Wildcat Trail WFG 3,https://s.ek.ua/jpg/2380687.jpg,Цифра,з Києва,21 242 .
Marin Wildcat Trail WFG 3,https://s.ek.ua/jpg/2380687.jpg,Stylus.ua,з Києва,21 242 .
Marin Wildcat Trail WFG 3,https://s.ek.ua/jpg/2380687.jpg,Enko.com.ua,з Кривого Рогу,21 242 .
Marin Wildcat Trail WFG 3,https://s.ek.ua/jpg/2380687.jpg,Groosha.ua,з Києва,21 242 .
Marin Wildcat Trail WFG 3,https://s.ek.ua/jpg/2380687.jpg,Rozetka.ua,з Києва,21 496 .
Ardis Verona 26,https://s.ek.ua/jpg/1090750.jpg,Moyo.ua,Ужгород,7 694 .
Ardis Verona 26,https://s.ek.ua/jpg/1090750.jpg,Groosha.ua,з Києва,7 228 .
Ardis Verona 26,https://s.ek.ua/jpg/1090750.jpg,Rozetka.ua,з Києва,7 694 .
Ardis Varvar MTB 29,https://s.ek.ua/jpg/1822270.jpg,АЛЛО,Ужгород,16 006 .
Ardis Varvar MTB 29,https://s.ek.ua/jpg/1822270.jpg,Groosha.ua,з Києва,15 161 .
Ardis Varvar MTB 29,https://s.ek.ua/jpg/1822270.jpg,Moyo.ua,Ужгород,16 006 .
Ardis Varvar MTB 29,https://s.ek.ua/jpg/1822270.jpg,Rozetka.ua,з Києва,16 006 .
Ardis Varvar MTB 29,https://s.ek.ua/jpg/1822270.jpg,АЛЛО,Ужгород,16 006 .
Ardis Varvar MTB 29,https://s.ek.ua/jpg/1822270.jpg,Groosha.ua,з Києва,15 161 .
Ardis Varvar MTB 29,https://s.ek.ua/jpg/1822270.jpg,Groosha.ua,з Києва,15 161 .
Author Unica 26,https://s.ek.ua/jpg/2434199.jpg,Velotime.com.ua,з Києва,17 770 .
Author Unica 26,https://s.ek.ua/jpg/2434199.jpg,Velomarket.org.ua,з Києва,17 770 .
Author Unica 26,https://s.ek.ua/jpg/2434199.jpg,Цифра,з Києва,19 740 .
Author Unica 26,https://s.ek.ua/jpg/2434199.jpg,Stylus.ua,з Києва,19 740 .
Author Unica 26,https://s.ek.ua/jpg/2434199.jpg,Velotime.com.ua,з Києва,17 770 .
Author Unica 26,https://s.ek.ua/jpg/2434199.jpg,Velomarket.org.ua,з Києва,17 770 .
Author Unica 26,https://s.ek.ua/jpg/2434199.jpg,Цифра,з Києва,19 740 .
KTM Ultra Sport,https://s.ek.ua/jpg/2443354.jpg,Velotime.com.ua,з Києва,51 170 .
KTM Ultra Sport,https://s.ek.ua/jpg/2443354.jpg,Velomarket.org.ua,з Києва,51 170 .
KTM Ultra Sport,https://s.ek.ua/jpg/2443354.jpg,VeloGO.com.ua,з Києва,51 170 .
KTM Ultra Sport,https://s.ek.ua/jpg/2443354.jpg,Rozetka.ua,з Києва,52 927 .
Winner Traffic,https://s.ek.ua/jpg/2861180.jpg,VeloGO.com.ua,з Києва,26 832 .
Winner Traffic,https://s.ek.ua/jpg/2861180.jpg,Цифра,з Києва,26 832 .
Winner Traffic,https://s.ek.ua/jpg/2861180.jpg,Stylus.ua,з Києва,26 832 .
Winner Traffic,https://s.ek.ua/jpg/2861180.jpg,Groosha.ua,з Києва,26 832 .
Winner Traffic,https://s.ek.ua/jpg/2861180.jpg,VeloGO.com.ua,з Києва,26 832 .
Winner Traffic,https://s.ek.ua/jpg/2861180.jpg,VeloGO.com.ua,з Києва,26 832 .
Winner Traffic,https://s.ek.ua/jpg/2861180.jpg,Цифра,з Києва,26 832 .
Author Traction ASL 27.5,https://s.ek.ua/jpg/2397254.jpg,Velotime.com.ua,з Києва,38 910 .
Author Traction ASL 27.5,https://s.ek.ua/jpg/2397254.jpg,Velomarket.org.ua,з Києва,38 910 .
Author Traction ASL 27.5,https://s.ek.ua/jpg/2397254.jpg,Цифра,з Києва,45 780 .
Author Traction ASL 27.5,https://s.ek.ua/jpg/2397254.jpg,Stylus.ua,з Києва,45 781 .
Author Traction 27.5,https://s.ek.ua/jpg/2394179.jpg,Velotime.com.ua,з Києва,44 000 .
Author Traction 27.5,https://s.ek.ua/jpg/2394179.jpg,Velomarket.org.ua,з Києва,44 000 .
Author Traction 27.5,https://s.ek.ua/jpg/2394179.jpg,Цифра,з Києва,49 350 .
Author Traction 27.5,https://s.ek.ua/jpg/2394179.jpg,Stylus.ua,з Києва,49 351 .
Giant Talon 3 29,https://s.ek.ua/jpg/2701489.jpg,Velotime.com.ua,з Києва,28 140 .
Giant Talon 3 29,https://s.ek.ua/jpg/2701489.jpg,Velomarket.org.ua,з Києва,28 140 .
Giant Talon 3 29,https://s.ek.ua/jpg/1959556.jpg,Velotime.com.ua,з Києва,27 087 .
Giant Talon 3 29,https://s.ek.ua/jpg/1959556.jpg,Velomarket.org.ua,з Києва,27 087 .
Giant Talon 3 29,https://s.ek.ua/jpg/1959556.jpg,Velotime.com.ua,з Києва,27 087 .
Giant Talon 3 29,https://s.ek.ua/jpg/1959556.jpg,Velotime.com.ua,з Києва,27 087 .
Giant Talon 3 29,https://s.ek.ua/jpg/1959556.jpg,Velomarket.org.ua,з Києва,27 087 .
Giant Talon 3 29,https://s.ek.ua/jpg/1959556.jpg,Velomarket.org.ua,з Києва,27 087 .
Giant Talon 3 27.5,https://s.ek.ua/jpg/1959552.jpg,Velotime.com.ua,з Києва,27 087 .
Giant Talon 3 27.5,https://s.ek.ua/jpg/1959552.jpg,Velomarket.org.ua,з Києва,27 087 .
Giant Talon 3 27.5,https://s.ek.ua/jpg/1959552.jpg,Velotime.com.ua,з Києва,27 087 .
Giant Talon 3 27.5,https://s.ek.ua/jpg/1959552.jpg,Velomarket.org.ua,з Києва,27 087 .
Bergamont Sweep 4,https://s.ek.ua/jpg/2737342.jpg,Velotime.com.ua,з Києва,31 267 .
Bergamont Sweep 4,https://s.ek.ua/jpg/2737342.jpg,Velomarket.org.ua,з Києва,31 267 .
Bergamont Sweep 4,https://s.ek.ua/jpg/2737342.jpg,Цифра,з Києва,31 267 .
Bergamont Sweep 4,https://s.ek.ua/jpg/2737342.jpg,Stylus.ua,з Києва,31 267 .
Bergamont Sweep 4,https://s.ek.ua/jpg/2737342.jpg,Groosha.ua,з Києва,31 267 .
Cannondale SuperSix EVO 4,https://s.ek.ua/jpg/2634768.jpg,VeloGO.com.ua,з Києва,138 600 .
Cannondale SuperSix EVO 4,https://s.ek.ua/jpg/2634768.jpg,VeloGO.com.ua,з Києва,117 810 .
Marin Stinson 2,https://s.ek.ua/jpg/2647759.jpg,VeloGO.com.ua,з Києва,25 578 .
Marin Stinson 2,https://s.ek.ua/jpg/2647759.jpg,Enko.com.ua,з Кривого Рогу,25 578 .
Marin Stinson 2,https://s.ek.ua/jpg/2647759.jpg,Rozetka.ua,з Києва,25 578 .
Pride Stella 7.3,https://s.ek.ua/jpg/2249597.jpg,VeloGO.com.ua,з Києва,18 900 .
Pride Stella 7.3,https://s.ek.ua/jpg/2249597.jpg,Groosha.ua,з Києва,18 900 .
Pride Stella 7.3,https://s.ek.ua/jpg/2249597.jpg,Enko.com.ua,з Кривого Рогу,18 900 .
Pride Stella 7.3,https://s.ek.ua/jpg/2249597.jpg,Rozetka.ua,з Києва,18 900 .
Author Spirit ASL 29,https://s.ek.ua/jpg/2500558.jpg,Velotime.com.ua,з Києва,39 060 .
Author Spirit ASL 29,https://s.ek.ua/jpg/2500558.jpg,Velomarket.org.ua,з Києва,39 060 .
Author Spirit ASL 29,https://s.ek.ua/jpg/2500558.jpg,Цифра,з Києва,39 060 .
Author Spirit ASL 29,https://s.ek.ua/jpg/2500558.jpg,Stylus.ua,з Києва,39 061 .
Author Spirit ASL 27.5,https://s.ek.ua/jpg/2500544.jpg,Velotime.com.ua,з Києва,33 200 .
Author Spirit ASL 27.5,https://s.ek.ua/jpg/2500544.jpg,Velomarket.org.ua,з Києва,33 200 .
Author Spirit ASL 27.5,https://s.ek.ua/jpg/2500544.jpg,Цифра,з Києва,39 060 .
Author Spirit ASL 27.5,https://s.ek.ua/jpg/2500544.jpg,Stylus.ua,з Києва,39 061 .
Merida Speeder 300,https://s.ek.ua/jpg/2543805.jpg,Velotime.com.ua,з Києва,42 084 .
Merida Speeder 300,https://s.ek.ua/jpg/2543805.jpg,Velomarket.org.ua,з Києва,41 370 .
Merida Speeder 300,https://s.ek.ua/jpg/2543805.jpg,VeloGO.com.ua,з Києва,42 084 .
Merida Speeder 300,https://s.ek.ua/jpg/2543805.jpg,Velotime.com.ua,з Києва,41 370 .
Merida Speeder 300,https://s.ek.ua/jpg/2543805.jpg,Velomarket.org.ua,з Києва,42 084 .
Scott Spark 970,https://s.ek.ua/jpg/2737418.jpg,Velotime.com.ua,з Києва,156 350 .
Scott Spark 970,https://s.ek.ua/jpg/2737418.jpg,Velomarket.org.ua,з Києва,131 249 .
Scott Spark 970,https://s.ek.ua/jpg/2737418.jpg,VeloGO.com.ua,з Києва,131 250 .
Scott Spark 970,https://s.ek.ua/jpg/2737418.jpg,Rozetka.ua,з Києва,131 250 .
Scott Spark 970,https://s.ek.ua/jpg/2737418.jpg,Velotime.com.ua,з Києва,131 249 .
Scott Spark 970,https://s.ek.ua/jpg/2737418.jpg,Velomarket.org.ua,з Києва,156 350 .
Scott Spark 970,https://s.ek.ua/jpg/2737418.jpg,VeloGO.com.ua,з Києва,156 350 .
Author Solution 29,https://s.ek.ua/jpg/2434347.jpg,Velotime.com.ua,з Києва,32 760 .
Author Solution 29,https://s.ek.ua/jpg/2434347.jpg,Velomarket.org.ua,з Києва,32 760 .
Winner Solid DX 29,https://s.ek.ua/jpg/2850758.jpg,VeloGO.com.ua,з Києва,23 478 .
Winner Solid DX 29,https://s.ek.ua/jpg/2850758.jpg,Цифра,з Києва,23 479 .
Winner Solid DX 29,https://s.ek.ua/jpg/2850758.jpg,Stylus.ua,з Києва,23 479 .
Winner Solid DX 29,https://s.ek.ua/jpg/2850758.jpg,Groosha.ua,з Києва,23 478 .
Winner Solid DX 29,https://s.ek.ua/jpg/2850758.jpg,VeloGO.com.ua,з Києва,23 478 .
Winner Solid DX 29,https://s.ek.ua/jpg/2850758.jpg,VeloGO.com.ua,з Києва,23 478 .
Winner Solid DX 29,https://s.ek.ua/jpg/2850758.jpg,Цифра,з Києва,23 479 .
Author Simplex,https://s.ek.ua/jpg/2433968.jpg,Цифра,з Києва,33 600 .
Author Simplex,https://s.ek.ua/jpg/2433968.jpg,Stylus.ua,з Києва,33 600 .
Author Simplex,https://s.ek.ua/jpg/2433968.jpg,Rozetka.ua,з Києва,26 460 .
Author Simplex,https://s.ek.ua/jpg/2433968.jpg,Цифра,з Києва,33 600 .
Author Simplex,https://s.ek.ua/jpg/2433968.jpg,Цифра,з Києва,33 600 .
Author Simplex,https://s.ek.ua/jpg/2433968.jpg,Цифра,з Києва,33 600 .
Author Simplex,https://s.ek.ua/jpg/2433968.jpg,Цифра,з Києва,33 600 .
Merida Silex 400,https://s.ek.ua/jpg/2437578.jpg,Velotime.com.ua,з Києва,56 834 .
Merida Silex 400,https://s.ek.ua/jpg/2437578.jpg,Velomarket.org.ua,з Києва,56 834 .
Merida Silex 200,https://s.ek.ua/jpg/2622291.jpg,Velotime.com.ua,з Києва,53 970 .
Merida Silex 200,https://s.ek.ua/jpg/2622291.jpg,Velomarket.org.ua,з Києва,53 970 .
Merida Silex 200,https://s.ek.ua/jpg/2622291.jpg,VeloGO.com.ua,з Києва,53 970 .
Scott Scale 970,https://s.ek.ua/jpg/1768071.jpg,Velotime.com.ua,з Києва,63 000 .
Scott Scale 970,https://s.ek.ua/jpg/1768071.jpg,Velomarket.org.ua,з Києва,63 000 .
Scott Scale 970,https://s.ek.ua/jpg/1768071.jpg,VeloGO.com.ua,з Києва,63 000 .
Scott Scale 970,https://s.ek.ua/jpg/1768071.jpg,Rozetka.ua,з Києва,63 000 .
Scott Scale 970,https://s.ek.ua/jpg/1768071.jpg,Rozetka.ua,з Києва,63 000 .
Dorozhnik Sapphire PH 28,https://s.ek.ua/jpg/2399826.jpg,VeloGO.com.ua,з Києва,10 802 .
Dorozhnik Sapphire PH 28,https://s.ek.ua/jpg/2399826.jpg,АЛЛО,Ужгород,10 802 .
Dorozhnik Sapphire PH 28,https://s.ek.ua/jpg/2399826.jpg,Цифра,з Києва,10 802 .
Dorozhnik Sapphire PH 28,https://s.ek.ua/jpg/2399826.jpg,Stylus.ua,з Києва,10 802 .
Dorozhnik Sapphire PH 28,https://s.ek.ua/jpg/2399826.jpg,Kvshop.com.ua,з Києва,10 802 .
Dorozhnik Sapphire PH 28,https://s.ek.ua/jpg/2399826.jpg,Itbox.ua,з Києва,10 802 .
Dorozhnik Sapphire PH 28,https://s.ek.ua/jpg/2399826.jpg,Brain.com.ua,з Києва,10 802 .
Rondo RUUT AL2,https://s.ek.ua/jpg/2784719.jpg,Цифра,з Києва,54 432 .
Rondo RUUT AL2,https://s.ek.ua/jpg/2784719.jpg,Stylus.ua,з Києва,54 432 .
Rondo RUUT AL2,https://s.ek.ua/jpg/2784719.jpg,Enko.com.ua,з Кривого Рогу,54 432 .
Rondo RUUT AL2,https://s.ek.ua/jpg/2784719.jpg,Rozetka.ua,з Києва,58 388 .
Rondo RUUT AL2,https://s.ek.ua/jpg/2784719.jpg,Rozetka.ua,з Києва,68 040 .
Dorozhnik Ruby Planetary Hub,https://s.ek.ua/jpg/2667345.jpg,Rozetka.ua,з Києва,11 988 .
Dorozhnik Ruby Planetary Hub,https://s.ek.ua/jpg/2667345.jpg,Rozetka.ua,з Києва,11 500 .
Author Ronin,https://s.ek.ua/jpg/2434146.jpg,Velotime.com.ua,з Києва,68 880 .
Author Ronin,https://s.ek.ua/jpg/2434146.jpg,Velomarket.org.ua,з Києва,68 880 .
Comanche R-One frame 55,https://s.ek.ua/jpg/1540418.jpg,Velotime.com.ua,з Києва,69 693 .
Comanche R-One frame 55,https://s.ek.ua/jpg/1540418.jpg,Velomarket.org.ua,з Києва,69 693 .
Pride RocX 8.2 CF,https://s.ek.ua/jpg/2503568.jpg,Velomarket.org.ua,з Києва,39 690 .
Pride RocX 8.2 CF,https://s.ek.ua/jpg/2503568.jpg,VeloGO.com.ua,з Києва,39 690 .
Pride RocX 8.2 CF,https://s.ek.ua/jpg/2503568.jpg,Цифра,з Києва,39 691 .
Pride RocX 8.2 CF,https://s.ek.ua/jpg/2503568.jpg,Stylus.ua,з Києва,39 691 .
Pride RocX 8.2 CF,https://s.ek.ua/jpg/2503568.jpg,Groosha.ua,з Києва,39 690 .
Pride RocX 8.2 CF,https://s.ek.ua/jpg/2503568.jpg,Enko.com.ua,з Кривого Рогу,39 690 .
Pride RocX 8.2 CF,https://s.ek.ua/jpg/2503568.jpg,Rozetka.ua,з Києва,39 690 .
Giant Roam 4 Disc,https://s.ek.ua/jpg/2501539.jpg,Velotime.com.ua,з Києва,27 300 .
Giant Roam 4 Disc,https://s.ek.ua/jpg/2501539.jpg,Velomarket.org.ua,з Києва,27 300 .
Giant Roam 4 Disc,https://s.ek.ua/jpg/2501539.jpg,VeloGO.com.ua,з Києва,27 300 .
Giant Roam 4 Disc,https://s.ek.ua/jpg/2501539.jpg,Цифра,з Києва,27 300 .
Giant Roam 4 Disc,https://s.ek.ua/jpg/2501539.jpg,Stylus.ua,з Києва,27 300 .
Marin Rift Zone 1 29,https://s.ek.ua/jpg/2511946.jpg,VeloGO.com.ua,з Києва,78 498 .
Marin Rift Zone 1 29,https://s.ek.ua/jpg/2511946.jpg,Цифра,з Києва,78 498 .
Marin Rift Zone 1 29,https://s.ek.ua/jpg/2511946.jpg,Stylus.ua,з Києва,78 498 .
Marin Rift Zone 1 29,https://s.ek.ua/jpg/2511946.jpg,Enko.com.ua,з Кривого Рогу,78 498 .
Marin Rift Zone 1 29,https://s.ek.ua/jpg/2511946.jpg,Rozetka.ua,з Києва,78 498 .
Marin Rift Zone 1 29,https://s.ek.ua/jpg/2511946.jpg,Rozetka.ua,з Києва,78 498 .
Bergamont Revox 7 29,https://s.ek.ua/jpg/2386083.jpg,Velotime.com.ua,з Києва,38 025 .
Bergamont Revox 7 29,https://s.ek.ua/jpg/2386083.jpg,Velomarket.org.ua,з Києва,38 025 .
Giant Revolt 1,https://s.ek.ua/jpg/2501382.jpg,Velotime.com.ua,з Києва,78 120 .
Giant Revolt 1,https://s.ek.ua/jpg/2501382.jpg,Velomarket.org.ua,з Києва,78 120 .
Giant Revolt 1,https://s.ek.ua/jpg/2501382.jpg,VeloGO.com.ua,з Києва,78 120 .
Giant Revolt 1,https://s.ek.ua/jpg/2501382.jpg,Цифра,з Києва,78 120 .
Giant Revolt 1,https://s.ek.ua/jpg/2501382.jpg,Stylus.ua,з Києва,78 120 .
Dorozhnik Retro Planetary Hub,https://s.ek.ua/jpg/2694621.jpg,VeloGO.com.ua,з Києва,11 801 .
Dorozhnik Retro Planetary Hub,https://s.ek.ua/jpg/2694621.jpg,Цифра,з Києва,11 801 .
Dorozhnik Retro Planetary Hub,https://s.ek.ua/jpg/2694621.jpg,Stylus.ua,з Києва,11 801 .
Dorozhnik Retro Planetary Hub,https://s.ek.ua/jpg/2694621.jpg,Moyo.ua,Ужгород,11 801 .
Dorozhnik Retro Planetary Hub,https://s.ek.ua/jpg/2694621.jpg,Kvshop.com.ua,з Києва,11 800 .
Dorozhnik Retro Planetary Hub,https://s.ek.ua/jpg/2694621.jpg,Groosha.ua,з Києва,11 800 .
Dorozhnik Retro Planetary Hub,https://s.ek.ua/jpg/2694621.jpg,Itbox.ua,з Києва,11 800 .
Comanche Ranger Magnum Disc 29 frame 17.5,https://s.ek.ua/jpg/1215475.jpg,Velotime.com.ua,з Києва,15 795 .
Comanche Ranger Magnum Disc 29 frame 17.5,https://s.ek.ua/jpg/1215475.jpg,Velomarket.org.ua,з Києва,15 795 .
Comanche Prairie Comp 27.5 frame 16,https://s.ek.ua/jpg/1387448.jpg,Velotime.com.ua,з Києва,20 982 .
Comanche Prairie Comp 27.5 frame 16,https://s.ek.ua/jpg/1387448.jpg,Velomarket.org.ua,з Києва,20 982 .
ORBEA Onna 40,https://s.ek.ua/jpg/2441540.jpg,АЛЛО,Ужгород,33 890 .
ORBEA Onna 40,https://s.ek.ua/jpg/2441540.jpg,VeloGO.com.ua,з Києва,28 242 .
ORBEA Onna 40,https://s.ek.ua/jpg/2441540.jpg,Palladium.ua,з Києва,28 242 .
ORBEA Onna 40,https://s.ek.ua/jpg/2441540.jpg,Mobitek.com.ua,з Києва,23 867 .
ORBEA Onna 40,https://s.ek.ua/jpg/2441540.jpg,Rozetka.ua,з Києва,28 242 .
ORBEA Oiz H30 29,https://s.ek.ua/jpg/2036703.jpg,АЛЛО,Ужгород,117 121 .
ORBEA Oiz H30 29,https://s.ek.ua/jpg/2036703.jpg,VeloGO.com.ua,з Києва,97 601 .
ORBEA Oiz H30 29,https://s.ek.ua/jpg/2036703.jpg,Palladium.ua,з Києва,97 601 .
ORBEA Oiz H30 29,https://s.ek.ua/jpg/2036703.jpg,Mobitek.com.ua,з Києва,96 625 .
ORBEA Oiz H30 29,https://s.ek.ua/jpg/2036703.jpg,Rozetka.ua,з Києва,97 601 .
GHOST Nirvana Tour Base 27.5,https://s.ek.ua/jpg/2033140.jpg,Velotime.com.ua,з Києва,36 120 .
GHOST Nirvana Tour Base 27.5,https://s.ek.ua/jpg/2033140.jpg,Velomarket.org.ua,з Києва,36 120 .
GHOST Nirvana Tour Base 27.5,https://s.ek.ua/jpg/2033140.jpg,VeloGO.com.ua,з Києва,36 120 .
GHOST Nirvana Tour Base 27.5,https://s.ek.ua/jpg/2033140.jpg,Rozetka.ua,з Києва,37 379 .
Crossride Molly Lady MTB 24,https://s.ek.ua/jpg/1153181.jpg,Rozetka.ua,з Києва,7 582 .
Crossride Molly Lady MTB 24,https://s.ek.ua/jpg/1153181.jpg,Rozetka.ua,з Києва,7 582 .
Crossride Molly Lady MTB 24,https://s.ek.ua/jpg/1153181.jpg,Rozetka.ua,з Києва,7 582 .
Merida Matts 7.20,https://s.ek.ua/jpg/2406058.jpg,Velotime.com.ua,з Києва,22 169 .
Merida Matts 7.20,https://s.ek.ua/jpg/2406058.jpg,Velomarket.org.ua,з Києва,22 169 .
Merida Matts 7.20,https://s.ek.ua/jpg/2406058.jpg,Velotime.com.ua,з Києва,22 169 .
Merida Matts 7.20,https://s.ek.ua/jpg/2406058.jpg,Velomarket.org.ua,з Києва,22 169 .
Author Matrix 24,https://s.ek.ua/jpg/2500601.jpg,Velotime.com.ua,з Києва,15 080 .
Author Matrix 24,https://s.ek.ua/jpg/2500601.jpg,Velomarket.org.ua,з Києва,15 080 .
Author Matrix 24,https://s.ek.ua/jpg/2500601.jpg,Цифра,з Києва,15 080 .
Author Matrix 24,https://s.ek.ua/jpg/2500601.jpg,Будинок Іграшок,з Києва,15 080 .
Author Matrix 24,https://s.ek.ua/jpg/2500601.jpg,Rozetka.ua,з Києва,15 834 .
Author Matrix 24,https://s.ek.ua/jpg/2500601.jpg,Velotime.com.ua,з Києва,15 080 .
Author Matrix 24,https://s.ek.ua/jpg/2500601.jpg,Velomarket.org.ua,з Києва,15 080 .
Trek Marlin 6 29,https://s.ek.ua/jpg/2207713.jpg,Velotime.com.ua,з Києва,28 815 .
Trek Marlin 6 29,https://s.ek.ua/jpg/2207713.jpg,Velomarket.org.ua,з Києва,33 900 .
Trek Marlin 6 29,https://s.ek.ua/jpg/2207713.jpg,Velotime.com.ua,з Києва,28 815 .
Trek Marlin 6 29,https://s.ek.ua/jpg/2207713.jpg,Velotime.com.ua,з Києва,28 815 .
Trek Marlin 6 29,https://s.ek.ua/jpg/2207713.jpg,Velomarket.org.ua,з Києва,33 900 .
Trek Marlin 6 29,https://s.ek.ua/jpg/2207713.jpg,Velomarket.org.ua,з Києва,33 900 .
Trek Marlin 5 29,https://s.ek.ua/jpg/2184138.jpg,Velotime.com.ua,з Києва,27 000 .
Trek Marlin 5 29,https://s.ek.ua/jpg/2184138.jpg,Velomarket.org.ua,з Києва,27 000 .
Trek Marlin 5 29,https://s.ek.ua/jpg/2184138.jpg,Velotime.com.ua,з Києва,27 000 .
Trek Marlin 5 29,https://s.ek.ua/jpg/2184138.jpg,Velotime.com.ua,з Києва,27 000 .
Trek Marlin 5 29,https://s.ek.ua/jpg/2184138.jpg,Velotime.com.ua,з Києва,27 000 .
Trek Marlin 5 29,https://s.ek.ua/jpg/2184138.jpg,Velotime.com.ua,з Києва,27 000 .
Trek Marlin 5 29,https://s.ek.ua/jpg/2184138.jpg,Velotime.com.ua,з Києва,27 000 .
Dorozhnik Lux AM 26,https://s.ek.ua/jpg/2694516.jpg,АЛЛО,Ужгород,10 171 .
Dorozhnik Lux AM 26,https://s.ek.ua/jpg/2694516.jpg,VeloGO.com.ua,з Києва,10 171 .
Dorozhnik Lux AM 26,https://s.ek.ua/jpg/2694516.jpg,Цифра,з Києва,10 171 .
Dorozhnik Lux AM 26,https://s.ek.ua/jpg/2694516.jpg,Stylus.ua,з Києва,10 171 .
Dorozhnik Lux AM 26,https://s.ek.ua/jpg/2694516.jpg,Repka.ua,з Києва,9 935 .
Dorozhnik Lux AM 26,https://s.ek.ua/jpg/2694516.jpg,Moyo.ua,Ужгород,9 935 .
Dorozhnik Lux AM 26,https://s.ek.ua/jpg/2694516.jpg,Sokol.ua,з Києва,9 935 .
Ardis Lucas 29 frame 21,https://s.ek.ua/jpg/1631156.jpg,Moyo.ua,Ужгород,12 019 .
Ardis Lucas 29 frame 21,https://s.ek.ua/jpg/1631156.jpg,Rozetka.ua,з Києва,12 019 .
Giant Liv Alight 2 City Disc,https://s.ek.ua/jpg/2502588.jpg,Velotime.com.ua,з Києва,34 020 .
Giant Liv Alight 2 City Disc,https://s.ek.ua/jpg/2502588.jpg,Velomarket.org.ua,з Києва,34 020 .
Giant Liv Alight 2 City Disc,https://s.ek.ua/jpg/2502588.jpg,VeloGO.com.ua,з Києва,34 020 .
Author Linea,https://s.ek.ua/jpg/2500495.jpg,Velotime.com.ua,з Києва,17 790 .
Author Linea,https://s.ek.ua/jpg/2500495.jpg,Velomarket.org.ua,з Києва,17 790 .
Author Linea,https://s.ek.ua/jpg/2500495.jpg,Цифра,з Києва,21 080 .
Author Linea,https://s.ek.ua/jpg/2500495.jpg,Stylus.ua,з Києва,21 080 .
Marin Kentfield ST 1,https://s.ek.ua/jpg/2379284.jpg,VeloGO.com.ua,з Києва,19 824 .
Marin Kentfield ST 1,https://s.ek.ua/jpg/2379284.jpg,Цифра,з Києва,19 825 .
Marin Kentfield ST 1,https://s.ek.ua/jpg/2379284.jpg,Stylus.ua,з Києва,19 825 .
Marin Kentfield ST 1,https://s.ek.ua/jpg/2379284.jpg,Groosha.ua,з Києва,19 824 .
Marin Kentfield ST 1,https://s.ek.ua/jpg/2379284.jpg,Enko.com.ua,з Кривого Рогу,19 824 .
Marin Kentfield ST 1,https://s.ek.ua/jpg/2379284.jpg,Rozetka.ua,з Києва,19 824 .
Vega Joy Fat 2,https://s.ek.ua/jpg/2510611.jpg,Touch,з Дніпра,44 999 .
Vega Joy Fat 2,https://s.ek.ua/jpg/2510611.jpg,Rozetka.ua,з Києва,48 699 .
Vega Joy Fat 2,https://s.ek.ua/jpg/2510611.jpg,Touch,з Дніпра,44 999 .
Vega Joy Fat 2,https://s.ek.ua/jpg/2510611.jpg,Rozetka.ua,з Києва,48 699 .
Author Horizon ASL,https://s.ek.ua/jpg/2394193.jpg,Velotime.com.ua,з Києва,18 670 .
Author Horizon ASL,https://s.ek.ua/jpg/2394193.jpg,Velomarket.org.ua,з Києва,18 670 .
Author Horizon ASL,https://s.ek.ua/jpg/2394193.jpg,Цифра,з Києва,21 970 .
Author Horizon ASL,https://s.ek.ua/jpg/2394193.jpg,Stylus.ua,з Києва,21 970 .
Author Horizon ASL,https://s.ek.ua/jpg/2394193.jpg,Velotime.com.ua,з Києва,18 670 .
Author Horizon ASL,https://s.ek.ua/jpg/2394193.jpg,Velomarket.org.ua,з Києва,18 670 .
Atlantic Fusion NX 24,https://s.ek.ua/jpg/2399775.jpg,Groosha.ua,з Києва,8 938 .
Atlantic Fusion NX 24,https://s.ek.ua/jpg/2399775.jpg,Rozetka.ua,з Києва,7 990 .
CROSS Focus 24,https://s.ek.ua/jpg/2713738.jpg,Rozetka.ua,з Києва,7 326 .
CROSS Focus 24,https://s.ek.ua/jpg/2713738.jpg,Rozetka.ua,з Києва,7 326 .
CROSS Focus 24,https://s.ek.ua/jpg/2713738.jpg,Rozetka.ua,з Києва,8 624 .
CROSS Focus 24,https://s.ek.ua/jpg/2713738.jpg,Rozetka.ua,з Києва,8 624 .
CROSS Focus 24,https://s.ek.ua/jpg/2713738.jpg,Rozetka.ua,з Києва,8 624 .
CROSS Focus 24,https://s.ek.ua/jpg/2713738.jpg,Rozetka.ua,з Києва,8 624 .
CROSS Focus 24,https://s.ek.ua/jpg/2713738.jpg,Rozetka.ua,з Києва,8 624 .
Ardis Flex 26 frame 17,https://s.ek.ua/jpg/1630766.jpg,Moyo.ua,Ужгород,11 911 .
Ardis Flex 26 frame 17,https://s.ek.ua/jpg/1630766.jpg,Rozetka.ua,з Києва,10 839 .
Ardis Flex 26 frame 17,https://s.ek.ua/jpg/1630766.jpg,Moyo.ua,Ужгород,10 839 .
Ardis Flex 26 frame 17,https://s.ek.ua/jpg/1630766.jpg,Rozetka.ua,з Києва,10 839 .
Marin Fairfax 1,https://s.ek.ua/jpg/2720178.jpg,Velomarket.org.ua,з Києва,19 740 .
Marin Fairfax 1,https://s.ek.ua/jpg/2720178.jpg,VeloGO.com.ua,з Києва,19 740 .
Marin Fairfax 1,https://s.ek.ua/jpg/2720178.jpg,Цифра,з Києва,19 740 .
Marin Fairfax 1,https://s.ek.ua/jpg/2720178.jpg,Stylus.ua,з Києва,19 740 .
Marin Fairfax 1,https://s.ek.ua/jpg/2720178.jpg,Enko.com.ua,з Кривого Рогу,19 740 .
Marin Fairfax 1,https://s.ek.ua/jpg/2720178.jpg,Rozetka.ua,з Києва,19 740 .
Okai EB60,https://s.ek.ua/jpg/2785861.jpg,Orbitreki.com.ua,з Києва,59 999 .
Okai EB60,https://s.ek.ua/jpg/2785861.jpg,Onlinemall.com.ua,з Києва,59 999 .
Okai EB60,https://s.ek.ua/jpg/2785861.jpg,Justbuy.com.ua,з Києва,59 999 .
Okai EB60,https://s.ek.ua/jpg/2785861.jpg,Comtrading.ua,з Києва,59 999 .
Okai EB60,https://s.ek.ua/jpg/2785861.jpg,Setevuha.ua,з Києва,59 999 .
Okai EB60,https://s.ek.ua/jpg/2785861.jpg,Enko.com.ua,з Кривого Рогу,59 999 .
Okai EB60,https://s.ek.ua/jpg/2785861.jpg,FOXTROT.UA,Ужгород,59 999 .
KONA Dew Deluxe,https://s.ek.ua/jpg/2513823.jpg,VeloGO.com.ua,з Києва,29 514 .
KONA Dew Deluxe,https://s.ek.ua/jpg/2513823.jpg,Цифра,з Києва,31 068 .
KONA Dew Deluxe,https://s.ek.ua/jpg/2513823.jpg,Stylus.ua,з Києва,31 068 .
KONA Dew Deluxe,https://s.ek.ua/jpg/2513823.jpg,Rozetka.ua,з Києва,31 067 .
Scott Contessa Active 50 29,https://s.ek.ua/jpg/2207688.jpg,Velotime.com.ua,з Києва,32 550 .
Scott Contessa Active 50 29,https://s.ek.ua/jpg/2207688.jpg,Velomarket.org.ua,з Києва,32 550 .
Scott Contessa Active 50 29,https://s.ek.ua/jpg/2207688.jpg,VeloGO.com.ua,з Києва,32 550 .
Scott Contessa Active 50 29,https://s.ek.ua/jpg/2207688.jpg,Rozetka.ua,з Києва,32 550 .
Scott Contessa Active 50 29,https://s.ek.ua/jpg/2207688.jpg,Rozetka.ua,з Києва,32 550 .
Giant Contend AR 2,https://s.ek.ua/jpg/1954932.jpg,Velotime.com.ua,з Києва,68 034 .
Giant Contend AR 2,https://s.ek.ua/jpg/1954932.jpg,Velomarket.org.ua,з Києва,68 034 .
Giant Contend AR 2,https://s.ek.ua/jpg/1954932.jpg,VeloGO.com.ua,з Києва,68 040 .
Giant Contend AR 2,https://s.ek.ua/jpg/1954932.jpg,Цифра,з Києва,68 040 .
Giant Contend AR 2,https://s.ek.ua/jpg/1954932.jpg,Stylus.ua,з Києва,68 040 .
Author Compact ASL,https://s.ek.ua/jpg/2500530.jpg,Velotime.com.ua,з Києва,16 300 .
Author Compact ASL,https://s.ek.ua/jpg/2500530.jpg,Velomarket.org.ua,з Києва,16 300 .
Author Compact ASL,https://s.ek.ua/jpg/2500530.jpg,Цифра,з Києва,16 300 .
Author Compact ASL,https://s.ek.ua/jpg/2500530.jpg,Stylus.ua,з Києва,16 300 .
KONA Coco,https://s.ek.ua/jpg/2513859.jpg,VeloGO.com.ua,з Києва,25 742 .
KONA Coco,https://s.ek.ua/jpg/2513859.jpg,Цифра,з Києва,28 603 .
KONA Coco,https://s.ek.ua/jpg/2513859.jpg,Stylus.ua,з Києва,28 603 .
KONA Coco,https://s.ek.ua/jpg/2513859.jpg,Rozetka.ua,з Києва,28 602 .
Ardis Cleo MTB 26,https://s.ek.ua/jpg/791004.jpg,АЛЛО,Ужгород,10 278 .
Ardis Cleo MTB 26,https://s.ek.ua/jpg/791004.jpg,Moyo.ua,Ужгород,13 142 .
Ardis Cleo MTB 26,https://s.ek.ua/jpg/791004.jpg,Groosha.ua,з Києва,10 162 .
Ardis Cleo MTB 26,https://s.ek.ua/jpg/791004.jpg,Rozetka.ua,з Києва,10 278 .
Ardis Cleo MTB 26,https://s.ek.ua/jpg/791004.jpg,АЛЛО,Ужгород,10 278 .
Ardis Cleo MTB 26,https://s.ek.ua/jpg/791004.jpg,АЛЛО,Ужгород,13 142 .
Ardis Cleo MTB 26,https://s.ek.ua/jpg/791004.jpg,АЛЛО,Ужгород,13 142 .
Marin Bolinas Ridge 2 27.5,https://s.ek.ua/jpg/2273142.jpg,Velomarket.org.ua,з Києва,25 578 .
Marin Bolinas Ridge 2 27.5,https://s.ek.ua/jpg/2273142.jpg,VeloGO.com.ua,з Києва,25 578 .
Marin Bolinas Ridge 2 27.5,https://s.ek.ua/jpg/2273142.jpg,Enko.com.ua,з Кривого Рогу,25 578 .
Marin Bolinas Ridge 2 27.5,https://s.ek.ua/jpg/2273142.jpg,Rozetka.ua,з Києва,25 578 .
Ardis Blaze 29 frame 19,https://s.ek.ua/jpg/2738376.jpg,АЛЛО,Ужгород,12 636 .
Ardis Blaze 29 frame 19,https://s.ek.ua/jpg/2738376.jpg,Rozetka.ua,з Києва,12 636 .
Ardis Blaze 29 frame 19,https://s.ek.ua/jpg/2738376.jpg,АЛЛО,Ужгород,12 636 .
Ardis Blaze 29 frame 19,https://s.ek.ua/jpg/2738376.jpg,АЛЛО,Ужгород,12 636 .
Ardis Blaze 29 frame 19,https://s.ek.ua/jpg/2738376.jpg,АЛЛО,Ужгород,12 636 .
Ardis Blaze 29 frame 19,https://s.ek.ua/jpg/2738376.jpg,АЛЛО,Ужгород,12 636 .
Ardis Blaze 29 frame 19,https://s.ek.ua/jpg/2738376.jpg,Rozetka.ua,з Києва,12 636 .
Merida Big.Seven 20-3x,https://s.ek.ua/jpg/2436587.jpg,Velotime.com.ua,з Києва,23 999 .
Merida Big.Seven 20-3x,https://s.ek.ua/jpg/2436587.jpg,Velomarket.org.ua,з Києва,23 999 .
Merida Big.Seven 20-2x,https://s.ek.ua/jpg/2418768.jpg,Velotime.com.ua,з Києва,25 914 .
Merida Big.Seven 20-2x,https://s.ek.ua/jpg/2418768.jpg,Velomarket.org.ua,з Києва,25 914 .
Merida Big.Seven 20-2x,https://s.ek.ua/jpg/2418768.jpg,VeloGO.com.ua,з Києва,25 914 .
Merida Big.Seven 20-2x,https://s.ek.ua/jpg/2418768.jpg,Velotime.com.ua,з Києва,25 914 .
Merida Big.Seven 20-2x,https://s.ek.ua/jpg/2418768.jpg,Velotime.com.ua,з Києва,25 914 .
Merida Big.Seven 20-2x,https://s.ek.ua/jpg/2418768.jpg,Velotime.com.ua,з Києва,25 914 .
Merida Big.Seven 20-2x,https://s.ek.ua/jpg/2418768.jpg,Velomarket.org.ua,з Києва,25 914 .
Merida Big.Nine 80,https://s.ek.ua/jpg/2850168.jpg,Velotime.com.ua,з Києва,34 776 .
Merida Big.Nine 80,https://s.ek.ua/jpg/2850168.jpg,Velomarket.org.ua,з Києва,34 776 .
Merida Big.Nine 80,https://s.ek.ua/jpg/2850168.jpg,VeloGO.com.ua,з Києва,34 776 .
Merida Big.Nine 60-3x,https://s.ek.ua/jpg/2622274.jpg,Velotime.com.ua,з Києва,33 936 .
Merida Big.Nine 60-3x,https://s.ek.ua/jpg/2622274.jpg,Velomarket.org.ua,з Києва,33 936 .
Merida Big.Nine 60-3x,https://s.ek.ua/jpg/2622274.jpg,VeloGO.com.ua,з Києва,33 936 .
Merida Big.Nine 60-3x,https://s.ek.ua/jpg/2622274.jpg,Velotime.com.ua,з Києва,33 936 .
Merida Big.Nine 60-3x,https://s.ek.ua/jpg/2622274.jpg,Velotime.com.ua,з Києва,33 936 .
Merida Big.Nine 60-3x,https://s.ek.ua/jpg/2622274.jpg,Velotime.com.ua,з Києва,33 936 .
Merida Big.Nine 60-3x,https://s.ek.ua/jpg/2622274.jpg,Velomarket.org.ua,з Києва,33 936 .
Merida Big.Nine 500,https://s.ek.ua/jpg/2437534.jpg,Velotime.com.ua,з Києва,41 412 .
Merida Big.Nine 500,https://s.ek.ua/jpg/2437534.jpg,Velomarket.org.ua,з Києва,41 412 .
Merida Big.Nine 500,https://s.ek.ua/jpg/2437534.jpg,VeloGO.com.ua,з Києва,41 412 .
Merida Big.Nine 500,https://s.ek.ua/jpg/2437534.jpg,Velotime.com.ua,з Києва,41 412 .
Merida Big.Nine 500,https://s.ek.ua/jpg/2437534.jpg,Velomarket.org.ua,з Києва,41 412 .
Merida Big.Nine 400,https://s.ek.ua/jpg/2171419.jpg,Velotime.com.ua,з Києва,40 278 .
Merida Big.Nine 400,https://s.ek.ua/jpg/2171419.jpg,Velomarket.org.ua,з Києва,40 278 .
Merida Big.Nine 3000,https://s.ek.ua/jpg/2437630.jpg,Velotime.com.ua,з Києва,71 400 .
Merida Big.Nine 3000,https://s.ek.ua/jpg/2437630.jpg,Velomarket.org.ua,з Києва,71 400 .
Merida Big.Nine 20,https://s.ek.ua/jpg/2849313.jpg,Velotime.com.ua,з Києва,29 316 .
Merida Big.Nine 20,https://s.ek.ua/jpg/2849313.jpg,Velomarket.org.ua,з Києва,29 316 .
Merida Big.Nine 20,https://s.ek.ua/jpg/2849313.jpg,VeloGO.com.ua,з Києва,29 316 .
Merida Big.Nine 20,https://s.ek.ua/jpg/2849313.jpg,Velotime.com.ua,з Києва,29 316 .
Merida Big.Nine 20,https://s.ek.ua/jpg/2849313.jpg,Velomarket.org.ua,з Києва,29 316 .
Merida Big.Nine 20,https://s.ek.ua/jpg/2849313.jpg,VeloGO.com.ua,з Києва,29 316 .
Merida Big.Nine 200,https://s.ek.ua/jpg/2849296.jpg,Velotime.com.ua,з Києва,39 480 .
Merida Big.Nine 200,https://s.ek.ua/jpg/2849296.jpg,Velomarket.org.ua,з Києва,39 480 .
Merida Big.Nine 200,https://s.ek.ua/jpg/2849296.jpg,VeloGO.com.ua,з Києва,39 480 .
Merida Big.Nine 15 SE,https://s.ek.ua/jpg/2849268.jpg,Velotime.com.ua,з Києва,25 326 .
Merida Big.Nine 15 SE,https://s.ek.ua/jpg/2849268.jpg,Velomarket.org.ua,з Києва,25 326 .
Merida Big.Nine 15 SE,https://s.ek.ua/jpg/2849268.jpg,VeloGO.com.ua,з Києва,25 326 .
Merida Big.Nine 15 SE,https://s.ek.ua/jpg/2849268.jpg,Velotime.com.ua,з Києва,25 326 .
Merida Big.Nine 15 SE,https://s.ek.ua/jpg/2849268.jpg,Velomarket.org.ua,з Києва,25 326 .
Merida Big.Nine 100-3x,https://s.ek.ua/jpg/2503629.jpg,Velotime.com.ua,з Києва,30 660 .
Merida Big.Nine 100-3x,https://s.ek.ua/jpg/2503629.jpg,Velomarket.org.ua,з Києва,30 660 .
Profi Belle 26,https://s.ek.ua/jpg/2784695.jpg,Цифра,з Києва,11 220 .
Profi Belle 26,https://s.ek.ua/jpg/2784695.jpg,MTA.ua,з Києва,8 899 .
Profi Belle 26,https://s.ek.ua/jpg/2784695.jpg,Rozetka.ua,з Києва,16 033 .
Profi Belle 26,https://s.ek.ua/jpg/2784695.jpg,Rozetka.ua,з Києва,13 259 .
Profi Belle 26,https://s.ek.ua/jpg/2784695.jpg,Rozetka.ua,з Києва,8 992 .
Profi Belle 26,https://s.ek.ua/jpg/2784695.jpg,Rozetka.ua,з Києва,14 094 .
Profi Belle 26,https://s.ek.ua/jpg/2784695.jpg,Rozetka.ua,з Києва,14 912 .
Comanche BackFire 29 S-Pro frame 19,https://s.ek.ua/jpg/2533968.jpg,Velotime.com.ua,з Києва,33 594 .
Comanche BackFire 29 S-Pro frame 19,https://s.ek.ua/jpg/2533968.jpg,Velomarket.org.ua,з Києва,33 594 .
Comanche BackFire 29 S-Pro frame 19,https://s.ek.ua/jpg/2533968.jpg,Rozetka.ua,з Києва,35 274 .
Scott Aspect 940,https://s.ek.ua/jpg/1959924.jpg,Velotime.com.ua,з Києва,44 000 .
Scott Aspect 940,https://s.ek.ua/jpg/1959924.jpg,Velomarket.org.ua,з Києва,44 000 .
Scott Aspect 940,https://s.ek.ua/jpg/1959924.jpg,VeloGO.com.ua,з Києва,44 000 .
Scott Aspect 940,https://s.ek.ua/jpg/1959924.jpg,Rozetka.ua,з Києва,44 000 .
Giant ARX 26,https://s.ek.ua/jpg/1982031.jpg,Velotime.com.ua,з Києва,20 895 .
Giant ARX 26,https://s.ek.ua/jpg/1982031.jpg,Velomarket.org.ua,з Києва,20 895 .
Winner Alpina 27.5 (1x8,https://s.ek.ua/jpg/2252255.jpg,Rozetka.ua,з Києва,17 126 .
Winner Alpina 27.5 (1x8,https://s.ek.ua/jpg/2252255.jpg,Rozetka.ua,з Києва,17 126 .
Winner Alpina 27.5 (1x8,https://s.ek.ua/jpg/2252255.jpg,Rozetka.ua,з Києва,17 126 .
Winner Alpina 27.5 (1x8,https://s.ek.ua/jpg/2252255.jpg,Rozetka.ua,з Києва,17 126 .
Winner Alpina 27.5 (1x8,https://s.ek.ua/jpg/2252255.jpg,Rozetka.ua,з Києва,17 126 .
Winner Alpina 27.5 (1x8,https://s.ek.ua/jpg/2252255.jpg,Rozetka.ua,з Києва,17 126 .
Winner Alpina 27.5 (1x8,https://s.ek.ua/jpg/2252255.jpg,Rozetka.ua,з Києва,17 126 .
GT Zaskar LT Elite 29,https://s.ek.ua/jpg/2850055.jpg,Velomarket.org.ua,з Києва,58 380 .
GT Zaskar LT Elite 29,https://s.ek.ua/jpg/2850055.jpg,VeloGO.com.ua,з Києва,58 380 .
GT Zaskar LT Elite 29,https://s.ek.ua/jpg/2850055.jpg,Цифра,з Києва,58 380 .
GT Zaskar LT Elite 29,https://s.ek.ua/jpg/2850055.jpg,Stylus.ua,з Києва,58 380 .
GT Zaskar LT Elite 29,https://s.ek.ua/jpg/2850055.jpg,Enko.com.ua,з Кривого Рогу,58 380 .
GT Zaskar LT Elite 29,https://s.ek.ua/jpg/2850055.jpg,Groosha.ua,з Києва,58 380 .
GT Zaskar LT Elite 29,https://s.ek.ua/jpg/2850055.jpg,MTA.ua,з Києва,58 380 .
Giant Yukon 2,https://s.ek.ua/jpg/1834178.jpg,Цифра,з Києва,73 500 .
Giant Yukon 2,https://s.ek.ua/jpg/1834178.jpg,Stylus.ua,з Києва,73 500 .
Giant Yukon 1,https://s.ek.ua/jpg/1834209.jpg,Velotime.com.ua,з Києва,102 889 .
Giant Yukon 1,https://s.ek.ua/jpg/1834209.jpg,Velomarket.org.ua,з Києва,102 890 .
Giant Yukon 1,https://s.ek.ua/jpg/1834209.jpg,VeloGO.com.ua,з Києва,102 900 .
Giant Yukon 1,https://s.ek.ua/jpg/1834209.jpg,Цифра,з Києва,102 900 .
Giant Yukon 1,https://s.ek.ua/jpg/1834209.jpg,Stylus.ua,з Києва,102 900 .
Giant XTC Advanced 29 2,https://s.ek.ua/jpg/2502611.jpg,Velotime.com.ua,з Києва,126 000 .
Giant XTC Advanced 29 2,https://s.ek.ua/jpg/2502611.jpg,Velomarket.org.ua,з Києва,126 000 .
Indiana X-Road 1.0 D,https://s.ek.ua/jpg/2446476.jpg,Ebox24.biz,з Львова,14 749 .
Indiana X-Road 1.0 D,https://s.ek.ua/jpg/2446476.jpg,Ebox24.biz,з Львова,15 339 .
Indiana X-Pulser 2.7 D,https://s.ek.ua/jpg/2456635.jpg,Ebox24.biz,з Львова,15 339 .
Indiana X-Pulser 2.7 D,https://s.ek.ua/jpg/2456635.jpg,Ebox24.biz,з Львова,15 339 .
Indiana X-Pulser 2.6 M,https://s.ek.ua/jpg/2446486.jpg,Tehnopostavka.com.ua,з Одеси,14 500 .
Indiana X-Pulser 2.6 M,https://s.ek.ua/jpg/2446486.jpg,Rozetka.ua,з Києва,17 679 .
Indiana X-Pulser 2.6 M,https://s.ek.ua/jpg/2446486.jpg,Rozetka.ua,з Києва,17 900 .
Leon XC-40 AM HDD,https://s.ek.ua/jpg/2393142.jpg,VeloGO.com.ua,з Києва,29 192 .
Leon XC-40 AM HDD,https://s.ek.ua/jpg/2393142.jpg,Цифра,з Києва,29 192 .
Leon XC-40 AM HDD,https://s.ek.ua/jpg/2393142.jpg,Stylus.ua,з Києва,29 192 .
Leon XC-40 AM HDD,https://s.ek.ua/jpg/2393142.jpg,Moyo.ua,Ужгород,36 856 .
Leon XC-40 AM HDD,https://s.ek.ua/jpg/2393142.jpg,Kvshop.com.ua,з Києва,29 192 .
Leon XC-40 AM HDD,https://s.ek.ua/jpg/2393142.jpg,Axm.com.ua,з Харкова,29 193 .
Leon XC-40 AM HDD,https://s.ek.ua/jpg/2393142.jpg,Enko.com.ua,з Кривого Рогу,29 192 .
TRINX X1 Pro 29,https://s.ek.ua/jpg/2205376.jpg,Groosha.ua,з Києва,21 519 .
TRINX X1 Pro 29,https://s.ek.ua/jpg/2205376.jpg,Groosha.ua,з Києва,21 519 .
KONA Woo,https://s.ek.ua/jpg/2719526.jpg,VeloGO.com.ua,з Києва,81 260 .
KONA Woo,https://s.ek.ua/jpg/2719526.jpg,Rozetka.ua,з Києва,81 260 .
Marin Wildcat Trail WFG 2,https://s.ek.ua/jpg/2380715.jpg,Velomarket.org.ua,з Києва,23 268 .
Marin Wildcat Trail WFG 2,https://s.ek.ua/jpg/2380715.jpg,VeloGO.com.ua,з Києва,23 268 .
Marin Wildcat Trail WFG 2,https://s.ek.ua/jpg/2380715.jpg,Цифра,з Києва,23 269 .
Marin Wildcat Trail WFG 2,https://s.ek.ua/jpg/2380715.jpg,Stylus.ua,з Києва,23 269 .
Marin Wildcat Trail WFG 2,https://s.ek.ua/jpg/2380715.jpg,Groosha.ua,з Києва,23 268 .
Marin Wildcat Trail WFG 2,https://s.ek.ua/jpg/2380715.jpg,Enko.com.ua,з Кривого Рогу,23 268 .
Marin Wildcat Trail WFG 2,https://s.ek.ua/jpg/2380715.jpg,Rozetka.ua,з Києва,23 268 .
Author Vertigo 29,https://s.ek.ua/jpg/2393163.jpg,Velotime.com.ua,з Києва,25 000 .
Author Vertigo 29,https://s.ek.ua/jpg/2393163.jpg,Velomarket.org.ua,з Києва,25 000 .
Author Vertigo 29,https://s.ek.ua/jpg/2393163.jpg,Цифра,з Києва,29 780 .
Author Vertigo 29,https://s.ek.ua/jpg/2393163.jpg,Stylus.ua,з Києва,29 780 .
Author Unica 26,https://s.ek.ua/jpg/2038709.jpg,Velotime.com.ua,з Києва,17 770 .
Author Unica 26,https://s.ek.ua/jpg/2038709.jpg,Velomarket.org.ua,з Києва,17 770 .
Author Unica 26,https://s.ek.ua/jpg/2038709.jpg,Velotime.com.ua,з Києва,17 770 .
Author Unica 26,https://s.ek.ua/jpg/2038709.jpg,Velomarket.org.ua,з Києва,17 770 .
KTM Ultra Ride 29,https://s.ek.ua/jpg/2444539.jpg,Velotime.com.ua,з Києва,47 515 .
KTM Ultra Ride 29,https://s.ek.ua/jpg/2444539.jpg,Velomarket.org.ua,з Києва,47 515 .
KTM Ultra Ride 29,https://s.ek.ua/jpg/2444539.jpg,VeloGO.com.ua,з Києва,47 515 .
KTM Ultra Ride 29,https://s.ek.ua/jpg/2444539.jpg,Цифра,з Києва,47 515 .
KTM Ultra Ride 29,https://s.ek.ua/jpg/2444539.jpg,Stylus.ua,з Києва,47 515 .
KTM Ultra Ride 29,https://s.ek.ua/jpg/2444539.jpg,Rozetka.ua,з Києва,49 151 .
KTM Ultra Fun 29,https://s.ek.ua/jpg/2443370.jpg,Velotime.com.ua,з Києва,40 205 .
KTM Ultra Fun 29,https://s.ek.ua/jpg/2443370.jpg,Velomarket.org.ua,з Києва,40 205 .
KTM Ultra Fun 29,https://s.ek.ua/jpg/2443370.jpg,VeloGO.com.ua,з Києва,40 205 .
KTM Ultra Fun 29,https://s.ek.ua/jpg/2443370.jpg,Kvshop.com.ua,з Києва,40 205 .
KTM Ultra Fun 29,https://s.ek.ua/jpg/2443370.jpg,Itbox.ua,з Києва,40 205 .
KTM Ultra Fun 29,https://s.ek.ua/jpg/2443370.jpg,Brain.com.ua,з Києва,40 205 .
KTM Ultra Fun 29,https://s.ek.ua/jpg/2443370.jpg,Enko.com.ua,з Кривого Рогу,40 205 .
KTM Ultra Flite,https://s.ek.ua/jpg/2443321.jpg,Velotime.com.ua,з Києва,43 860 .
KTM Ultra Flite,https://s.ek.ua/jpg/2443321.jpg,Velomarket.org.ua,з Києва,43 860 .
KTM Ultra Flite,https://s.ek.ua/jpg/2443321.jpg,VeloGO.com.ua,з Києва,43 860 .
KTM Ultra Flite,https://s.ek.ua/jpg/2443321.jpg,Kvshop.com.ua,з Києва,42 999 .
KTM Ultra Flite,https://s.ek.ua/jpg/2443321.jpg,Itbox.ua,з Києва,42 999 .
KTM Ultra Flite,https://s.ek.ua/jpg/2443321.jpg,Brain.com.ua,з Києва,42 999 .
KTM Ultra Flite,https://s.ek.ua/jpg/2443321.jpg,Enko.com.ua,з Кривого Рогу,42 999 .
Cyclone Ultima 24,https://s.ek.ua/jpg/2861315.jpg,VeloGO.com.ua,з Києва,20 425 .
Cyclone Ultima 24,https://s.ek.ua/jpg/2861315.jpg,Groosha.ua,з Києва,20 425 .
Cyclone Ultima 24,https://s.ek.ua/jpg/2861315.jpg,VeloGO.com.ua,з Києва,20 425 .
Cyclone Ultima 24,https://s.ek.ua/jpg/2861315.jpg,VeloGO.com.ua,з Києва,20 425 .
Cyclone Ultima 24,https://s.ek.ua/jpg/2861315.jpg,Groosha.ua,з Києва,20 425 .
Ardis Tucan 27.5 frame 16,https://s.ek.ua/jpg/2738331.jpg,АЛЛО,Ужгород,18 309 .
Ardis Tucan 27.5 frame 16,https://s.ek.ua/jpg/2738331.jpg,Moyo.ua,Ужгород,18 309 .
Ardis Tucan 27.5 frame 16,https://s.ek.ua/jpg/2738331.jpg,Groosha.ua,з Києва,17 335 .
Ardis Tucan 27.5 frame 16,https://s.ek.ua/jpg/2738331.jpg,Rozetka.ua,з Києва,18 309 .
Ardis Tucan 27.5 frame 16,https://s.ek.ua/jpg/2738331.jpg,АЛЛО,Ужгород,18 309 .
Ardis Tucan 27.5 frame 16,https://s.ek.ua/jpg/2738331.jpg,АЛЛО,Ужгород,18 309 .
Ardis Tucan 27.5 frame 16,https://s.ek.ua/jpg/2738331.jpg,АЛЛО,Ужгород,18 309 .
Ardis Trinity MTB 26,https://s.ek.ua/jpg/399522.jpg,АЛЛО,Ужгород,11 064 .
Ardis Trinity MTB 26,https://s.ek.ua/jpg/399522.jpg,Moyo.ua,Ужгород,11 064 .
Ardis Trinity MTB 26,https://s.ek.ua/jpg/399522.jpg,Rozetka.ua,з Києва,11 064 .
Giant Trinity Advanced,https://s.ek.ua/jpg/1829698.jpg,Velotime.com.ua,з Києва,116 327 .
Giant Trinity Advanced,https://s.ek.ua/jpg/1829698.jpg,Velomarket.org.ua,з Києва,116 327 .
Giant Trinity Advanced,https://s.ek.ua/jpg/1829698.jpg,VeloGO.com.ua,з Києва,116 340 .
Giant Trinity Advanced,https://s.ek.ua/jpg/1829698.jpg,Цифра,з Києва,116 340 .
Giant Trinity Advanced,https://s.ek.ua/jpg/1829698.jpg,Stylus.ua,з Києва,116 340 .
GT Transeo Comp,https://s.ek.ua/jpg/2450932.jpg,Velomarket.org.ua,з Києва,16 464 .
GT Transeo Comp,https://s.ek.ua/jpg/2450932.jpg,VeloGO.com.ua,з Києва,16 464 .
GT Transeo Comp,https://s.ek.ua/jpg/2450932.jpg,Цифра,з Києва,16 465 .
GT Transeo Comp,https://s.ek.ua/jpg/2450932.jpg,Stylus.ua,з Києва,16 465 .
GT Transeo Comp,https://s.ek.ua/jpg/2450932.jpg,Groosha.ua,з Києва,16 464 .
GT Transeo Comp,https://s.ek.ua/jpg/2450932.jpg,Enko.com.ua,з Кривого Рогу,16 464 .
GT Transeo Comp,https://s.ek.ua/jpg/2450932.jpg,Rozetka.ua,з Києва,20 580 .
Giant Trance X 3,https://s.ek.ua/jpg/2748961.jpg,Velotime.com.ua,з Києва,130 987 .
Giant Trance X 3,https://s.ek.ua/jpg/2748961.jpg,Velomarket.org.ua,з Києва,137 536 .
Giant Trance X 3,https://s.ek.ua/jpg/2748961.jpg,VeloGO.com.ua,з Києва,137 550 .
Giant Trance X 3,https://s.ek.ua/jpg/2748961.jpg,Цифра,з Києва,137 550 .
Giant Trance X 3,https://s.ek.ua/jpg/2748961.jpg,Stylus.ua,з Києва,137 550 .
Cannondale Trail 7 Feminine 29,https://s.ek.ua/jpg/2207840.jpg,VeloGO.com.ua,з Києва,25 288 .
Cannondale Trail 7 Feminine 29,https://s.ek.ua/jpg/2207840.jpg,VeloGO.com.ua,з Києва,25 288 .
Author Traction ASL 29,https://s.ek.ua/jpg/2500596.jpg,Velotime.com.ua,з Києва,40 900 .
Author Traction ASL 29,https://s.ek.ua/jpg/2500596.jpg,Velomarket.org.ua,з Києва,40 900 .
Author Traction ASL 29,https://s.ek.ua/jpg/2500596.jpg,Цифра,з Києва,46 620 .
Author Traction ASL 29,https://s.ek.ua/jpg/2500596.jpg,Stylus.ua,з Києва,46 621 .
Author Traction 29,https://s.ek.ua/jpg/2500585.jpg,Velotime.com.ua,з Києва,44 400 .
Author Traction 29,https://s.ek.ua/jpg/2500585.jpg,Velomarket.org.ua,з Києва,44 400 .
Author Traction 29,https://s.ek.ua/jpg/2500585.jpg,Цифра,з Києва,49 980 .
Author Traction 29,https://s.ek.ua/jpg/2500585.jpg,Stylus.ua,з Києва,49 981 .
Giant ToughRoad SLR 2,https://s.ek.ua/jpg/2502824.jpg,Velotime.com.ua,з Києва,54 600 .
Giant ToughRoad SLR 2,https://s.ek.ua/jpg/2502824.jpg,Velomarket.org.ua,з Києва,54 600 .
Giant ToughRoad SLR 2,https://s.ek.ua/jpg/2502824.jpg,VeloGO.com.ua,з Києва,54 600 .
Giant ToughRoad SLR 2,https://s.ek.ua/jpg/2502824.jpg,Цифра,з Києва,54 600 .
Giant ToughRoad SLR 2,https://s.ek.ua/jpg/2502824.jpg,Stylus.ua,з Києва,54 600 .
Giant ToughRoad SLR 1,https://s.ek.ua/jpg/2502840.jpg,Velotime.com.ua,з Києва,63 000 .
Giant ToughRoad SLR 1,https://s.ek.ua/jpg/2502840.jpg,Velomarket.org.ua,з Києва,63 000 .
Cannondale Topstone 3,https://s.ek.ua/jpg/2621854.jpg,VeloGO.com.ua,з Києва,54 138 .
Cannondale Topstone 3,https://s.ek.ua/jpg/2621854.jpg,VeloGO.com.ua,з Києва,54 138 .
Comanche Tomahawk S-Pro 29 frame 19,https://s.ek.ua/jpg/2534039.jpg,Velotime.com.ua,з Києва,26 870 .
Comanche Tomahawk S-Pro 29 frame 19,https://s.ek.ua/jpg/2534039.jpg,Velomarket.org.ua,з Києва,26 870 .
Comanche Tomahawk S-Pro 29 frame 19,https://s.ek.ua/jpg/2534039.jpg,Velotime.com.ua,з Києва,26 870 .
Comanche Tomahawk S-Pro 29 frame 19,https://s.ek.ua/jpg/2534039.jpg,Velomarket.org.ua,з Києва,26 870 .
Comanche Tomahawk 27.5 frame 19,https://s.ek.ua/jpg/1541006.jpg,Velotime.com.ua,з Києва,23 291 .
Comanche Tomahawk 27.5 frame 19,https://s.ek.ua/jpg/1541006.jpg,Velomarket.org.ua,з Києва,23 291 .
Comanche Tomahawk 27.5 frame 19,https://s.ek.ua/jpg/1541006.jpg,Velotime.com.ua,з Києва,23 291 .
Comanche Tomahawk 27.5 frame 19,https://s.ek.ua/jpg/1541006.jpg,Velomarket.org.ua,з Києва,23 291 .
Ardis Titan 27.5 frame 17,https://s.ek.ua/jpg/2872480.jpg,АЛЛО,Ужгород,14 499 .
Ardis Titan 27.5 frame 17,https://s.ek.ua/jpg/2872480.jpg,АЛЛО,Ужгород,14 499 .
Pride Ti-Rocx,https://s.ek.ua/jpg/2656196.jpg,VeloGO.com.ua,з Києва,124 950 .
Pride Ti-Rocx,https://s.ek.ua/jpg/2656196.jpg,Цифра,з Києва,124 950 .
Pride Ti-Rocx,https://s.ek.ua/jpg/2656196.jpg,Stylus.ua,з Києва,124 950 .
Pride Ti-Rocx,https://s.ek.ua/jpg/2656196.jpg,Enko.com.ua,з Кривого Рогу,124 950 .
Pride Ti-Rocx,https://s.ek.ua/jpg/2656196.jpg,Rozetka.ua,з Києва,124 950 .
Pride Ti-Rocx,https://s.ek.ua/jpg/2656196.jpg,Rozetka.ua,з Києва,147 000 .
VNC TimeRacer Team Shult,https://s.ek.ua/jpg/2731887.jpg,Stylus.ua,з Києва,51 274 .
VNC TimeRacer Team Shult,https://s.ek.ua/jpg/2731887.jpg,Цифра,з Києва,49 736 .
VNC TimeRacer Team Shult,https://s.ek.ua/jpg/2731887.jpg,Groosha.ua,з Києва,51 274 .
VNC TimeRacer A9 Empire Pro,https://s.ek.ua/jpg/2731869.jpg,Stylus.ua,з Києва,23 241 .
VNC TimeRacer A9 Empire Pro,https://s.ek.ua/jpg/2731869.jpg,Цифра,з Києва,22 544 .
VNC TimeRacer A9 Empire Pro,https://s.ek.ua/jpg/2731869.jpg,Groosha.ua,з Києва,23 241 .
Spirit Fitness Thunder 20,https://s.ek.ua/jpg/2255486.jpg,VeloGO.com.ua,з Києва,12 040 .
Spirit Fitness Thunder 20,https://s.ek.ua/jpg/2255486.jpg,Beskydy.com.ua,з Хмельницького,12 040 .
Author Thema 28,https://s.ek.ua/jpg/2434227.jpg,Velotime.com.ua,з Києва,14 600 .
Author Thema 28,https://s.ek.ua/jpg/2434227.jpg,Velomarket.org.ua,з Києва,14 600 .
Author Thema 28,https://s.ek.ua/jpg/2434227.jpg,Цифра,з Києва,18 060 .
Author Thema 28,https://s.ek.ua/jpg/2434227.jpg,Stylus.ua,з Києва,18 060 .
Author Thema 28,https://s.ek.ua/jpg/2434227.jpg,Velotime.com.ua,з Києва,14 600 .
Author Thema 28,https://s.ek.ua/jpg/2434227.jpg,Velomarket.org.ua,з Києва,14 600 .
Author Thema 28,https://s.ek.ua/jpg/2434227.jpg,Цифра,з Києва,18 060 .
VNC TerraWay A5 26,https://s.ek.ua/jpg/2731958.jpg,Stylus.ua,з Києва,13 195 .
VNC TerraWay A5 26,https://s.ek.ua/jpg/2731958.jpg,Цифра,з Києва,12 799 .
VNC TerraWay A5 26,https://s.ek.ua/jpg/2731958.jpg,Groosha.ua,з Києва,13 195 .
VNC TerraWay A5 26,https://s.ek.ua/jpg/2731958.jpg,Rozetka.ua,з Києва,13 195 .
VNC TerraWay A3 26,https://s.ek.ua/jpg/2731950.jpg,Stylus.ua,з Києва,11 546 .
VNC TerraWay A3 26,https://s.ek.ua/jpg/2731950.jpg,Цифра,з Києва,11 200 .
VNC TerraWay A3 26,https://s.ek.ua/jpg/2731950.jpg,Groosha.ua,з Києва,11 546 .
ORBEA Terra H40,https://s.ek.ua/jpg/2454198.jpg,VeloGO.com.ua,з Києва,81 241 .
ORBEA Terra H40,https://s.ek.ua/jpg/2454198.jpg,Rozetka.ua,з Києва,81 241 .
Marin Team Marin 1,https://s.ek.ua/jpg/2701942.jpg,Velomarket.org.ua,з Києва,55 356 .
Marin Team Marin 1,https://s.ek.ua/jpg/2701942.jpg,VeloGO.com.ua,з Києва,55 356 .
Marin Team Marin 1,https://s.ek.ua/jpg/2701942.jpg,Цифра,з Києва,55 356 .
Marin Team Marin 1,https://s.ek.ua/jpg/2701942.jpg,Stylus.ua,з Києва,55 356 .
Marin Team Marin 1,https://s.ek.ua/jpg/2701942.jpg,Enko.com.ua,з Кривого Рогу,55 356 .
Marin Team Marin 1,https://s.ek.ua/jpg/2701942.jpg,Rozetka.ua,з Києва,55 356 .
Giant TCX Advanced,https://s.ek.ua/jpg/1822419.jpg,Velotime.com.ua,з Києва,114 778 .
Giant TCX Advanced,https://s.ek.ua/jpg/1822419.jpg,Velomarket.org.ua,з Києва,114 781 .
Giant TCR Espoir 26,https://s.ek.ua/jpg/1328897.jpg,Цифра,з Києва,33 600 .
Giant TCR Espoir 26,https://s.ek.ua/jpg/1328897.jpg,Stylus.ua,з Києва,33 600 .
Giant TCR Advanced Pro 0 Disc,https://s.ek.ua/jpg/2730019.jpg,Velotime.com.ua,з Києва,263 312 .
Giant TCR Advanced Pro 0 Disc,https://s.ek.ua/jpg/2730019.jpg,Velomarket.org.ua,з Києва,263 313 .
Giant TCR Advanced Pro 0 Disc,https://s.ek.ua/jpg/2730019.jpg,VeloGO.com.ua,з Києва,263 340 .
Giant TCR Advanced Pro 0 Disc,https://s.ek.ua/jpg/2730019.jpg,Цифра,з Києва,263 340 .
Giant TCR Advanced Pro 0 Disc,https://s.ek.ua/jpg/2730019.jpg,Stylus.ua,з Києва,263 340 .
Giant TCR Advanced 1 Disc KOM,https://s.ek.ua/jpg/2749654.jpg,Velomarket.org.ua,з Києва,155 400 .
Giant TCR Advanced 1 Disc KOM,https://s.ek.ua/jpg/2749654.jpg,VeloGO.com.ua,з Києва,155 400 .
Giant TCR Advanced 1 Disc KOM,https://s.ek.ua/jpg/2749654.jpg,Цифра,з Києва,155 400 .
Giant TCR Advanced 1 Disc KOM,https://s.ek.ua/jpg/2749654.jpg,Stylus.ua,з Києва,155 400 .
Giant TCR Advanced 1,https://s.ek.ua/jpg/2896471.jpg,Velotime.com.ua,з Києва,172 200 .
Giant TCR Advanced 1,https://s.ek.ua/jpg/2896471.jpg,Velomarket.org.ua,з Києва,172 200 .
Giant TCR Advanced 1,https://s.ek.ua/jpg/2896471.jpg,VeloGO.com.ua,з Києва,172 200 .
Giant TCR Advanced 1,https://s.ek.ua/jpg/2896471.jpg,Цифра,з Києва,172 200 .
Giant TCR Advanced 1,https://s.ek.ua/jpg/2896471.jpg,Stylus.ua,з Києва,172 200 .
Giant Talon 5 29,https://s.ek.ua/jpg/2206964.jpg,Velotime.com.ua,з Києва,25 200 .
Giant Talon 5 29,https://s.ek.ua/jpg/2206964.jpg,Velomarket.org.ua,з Києва,25 200 .
Giant Talon 5 29,https://s.ek.ua/jpg/2206964.jpg,VeloGO.com.ua,з Києва,25 200 .
Giant Talon 5 29,https://s.ek.ua/jpg/2206964.jpg,Цифра,з Києва,25 200 .
Giant Talon 5 29,https://s.ek.ua/jpg/2206964.jpg,Stylus.ua,з Києва,25 200 .
Giant Talon 5 27.5,https://s.ek.ua/jpg/2206976.jpg,Velotime.com.ua,з Києва,25 200 .
Giant Talon 5 27.5,https://s.ek.ua/jpg/2206976.jpg,Velomarket.org.ua,з Києва,25 200 .
Giant Talon 5 27.5,https://s.ek.ua/jpg/2206976.jpg,VeloGO.com.ua,з Києва,25 200 .
Giant Talon 5 27.5,https://s.ek.ua/jpg/2206976.jpg,Цифра,з Києва,25 200 .
Giant Talon 5 27.5,https://s.ek.ua/jpg/2206976.jpg,Stylus.ua,з Києва,25 200 .
Giant Talon 4 29,https://s.ek.ua/jpg/2444351.jpg,Velotime.com.ua,з Києва,26 460 .
Giant Talon 4 29,https://s.ek.ua/jpg/2444351.jpg,Velomarket.org.ua,з Києва,26 460 .
Giant Talon 4 27.5,https://s.ek.ua/jpg/2185596.jpg,Velotime.com.ua,з Києва,26 460 .
Giant Talon 4 27.5,https://s.ek.ua/jpg/2185596.jpg,Velomarket.org.ua,з Києва,26 460 .
Giant Talon 4 27.5,https://s.ek.ua/jpg/2185596.jpg,VeloGO.com.ua,з Києва,26 460 .
Giant Talon 4 27.5,https://s.ek.ua/jpg/2185596.jpg,Цифра,з Києва,28 140 .
Giant Talon 4 27.5,https://s.ek.ua/jpg/2185596.jpg,Stylus.ua,з Києва,28 140 .
Giant Talon 3 29 GE,https://s.ek.ua/jpg/2701499.jpg,Velotime.com.ua,з Києва,32 550 .
Giant Talon 3 29 GE,https://s.ek.ua/jpg/2701499.jpg,Velomarket.org.ua,з Києва,32 550 .
Giant Talon 3 29,https://s.ek.ua/jpg/2444390.jpg,Velotime.com.ua,з Києва,27 720 .
Giant Talon 3 29,https://s.ek.ua/jpg/2444390.jpg,Velomarket.org.ua,з Києва,27 720 .
Giant Talon 3 29,https://s.ek.ua/jpg/2185587.jpg,Velotime.com.ua,з Києва,28 140 .
Giant Talon 3 29,https://s.ek.ua/jpg/2185587.jpg,Velomarket.org.ua,з Києва,28 140 .
Giant Talon 3 29,https://s.ek.ua/jpg/2185587.jpg,VeloGO.com.ua,з Києва,28 140 .
Giant Talon 3 29,https://s.ek.ua/jpg/2185587.jpg,Цифра,з Києва,28 140 .
Giant Talon 3 29,https://s.ek.ua/jpg/2185587.jpg,Stylus.ua,з Києва,28 140 .
Giant Talon 3 27.5 GE,https://s.ek.ua/jpg/2444503.jpg,Цифра,з Києва,32 550 .
Giant Talon 3 27.5 GE,https://s.ek.ua/jpg/2444503.jpg,Stylus.ua,з Києва,32 550 .
Giant Talon 3 27.5,https://s.ek.ua/jpg/2185585.jpg,Velotime.com.ua,з Києва,27 720 .
Giant Talon 3 27.5,https://s.ek.ua/jpg/2185585.jpg,Velomarket.org.ua,з Києва,27 720 .
Giant Talon 3 27.5,https://s.ek.ua/jpg/2185585.jpg,VeloGO.com.ua,з Києва,28 140 .
Giant Talon 3 27.5,https://s.ek.ua/jpg/2185585.jpg,Цифра,з Києва,28 140 .
Giant Talon 3 27.5,https://s.ek.ua/jpg/2185585.jpg,Stylus.ua,з Києва,28 140 .
Cannondale Synapse 3,https://s.ek.ua/jpg/2621881.jpg,VeloGO.com.ua,з Києва,44 125 .
Cannondale Synapse 3,https://s.ek.ua/jpg/2621881.jpg,VeloGO.com.ua,з Києва,44 125 .
KONA Sutra LTD,https://s.ek.ua/jpg/2513375.jpg,VeloGO.com.ua,з Києва,88 655 .
KONA Sutra LTD,https://s.ek.ua/jpg/2513375.jpg,Цифра,з Києва,88 655 .
KONA Sutra LTD,https://s.ek.ua/jpg/2513375.jpg,Stylus.ua,з Києва,88 655 .
KONA Sutra LTD,https://s.ek.ua/jpg/2513375.jpg,Rozetka.ua,з Києва,88 655 .
KONA Sutra LTD,https://s.ek.ua/jpg/2513879.jpg,VeloGO.com.ua,з Києва,80 295 .
KONA Sutra LTD,https://s.ek.ua/jpg/2513879.jpg,Цифра,з Києва,114 707 .
KONA Sutra LTD,https://s.ek.ua/jpg/2513879.jpg,Stylus.ua,з Києва,114 707 .
KONA Sutra LTD,https://s.ek.ua/jpg/2513879.jpg,Rozetka.ua,з Києва,114 707 .
KONA Sutra LTD,https://s.ek.ua/jpg/2513389.jpg,VeloGO.com.ua,з Києва,64 744 .
KONA Sutra LTD,https://s.ek.ua/jpg/2513389.jpg,Цифра,з Києва,107 908 .
KONA Sutra LTD,https://s.ek.ua/jpg/2513389.jpg,Stylus.ua,з Києва,107 908 .
KONA Sutra LTD,https://s.ek.ua/jpg/2513389.jpg,Rozetka.ua,з Києва,107 907 .
KONA Sutra,https://s.ek.ua/jpg/2513175.jpg,VeloGO.com.ua,з Києва,66 512 .
KONA Sutra,https://s.ek.ua/jpg/2513175.jpg,Цифра,з Києва,66 512 .
KONA Sutra,https://s.ek.ua/jpg/2513175.jpg,Stylus.ua,з Києва,66 512 .
KONA Sutra,https://s.ek.ua/jpg/2513175.jpg,Rozetka.ua,з Києва,66 512 .
Norco Storm 5 29,https://s.ek.ua/jpg/2534749.jpg,VeloGO.com.ua,з Києва,21 714 .
Norco Storm 5 29,https://s.ek.ua/jpg/2534749.jpg,VeloGO.com.ua,з Києва,21 714 .
Kinetic Storm 27.5,https://s.ek.ua/jpg/2248847.jpg,VeloGO.com.ua,з Києва,15 480 .
Kinetic Storm 27.5,https://s.ek.ua/jpg/2248847.jpg,Groosha.ua,з Києва,15 480 .
Kinetic Storm 27.5,https://s.ek.ua/jpg/2248847.jpg,VeloGO.com.ua,з Києва,15 480 .
Kinetic Storm 27.5,https://s.ek.ua/jpg/2248847.jpg,VeloGO.com.ua,з Києва,15 480 .
Kinetic Storm 27.5,https://s.ek.ua/jpg/2248847.jpg,VeloGO.com.ua,з Києва,15 480 .
Kinetic Storm 27.5,https://s.ek.ua/jpg/2248847.jpg,Groosha.ua,з Києва,15 480 .
Kinetic Storm 27.5,https://s.ek.ua/jpg/2248822.jpg,VeloGO.com.ua,з Києва,15 480 .
Kinetic Storm 27.5,https://s.ek.ua/jpg/2248822.jpg,Groosha.ua,з Києва,15 480 .
Indiana Storica 140 3B 28,https://s.ek.ua/jpg/2458585.jpg,Ebox24.biz,з Львова,16 561 .
Indiana Storica 140 3B 28,https://s.ek.ua/jpg/2458585.jpg,Ebox24.biz,з Львова,16 561 .
Indiana Storica 131 7B 28,https://s.ek.ua/jpg/2458589.jpg,Ebox24.biz,з Львова,23 641 .
Indiana Storica 131 7B 28,https://s.ek.ua/jpg/2458589.jpg,Ebox24.biz,з Львова,23 641 .
Indiana Storica 131 7B 28,https://s.ek.ua/jpg/2458589.jpg,Ebox24.biz,з Львова,23 641 .
GT Stomper HT Ace 24,https://s.ek.ua/jpg/2886227.jpg,Velomarket.org.ua,з Києва,21 840 .
GT Stomper HT Ace 24,https://s.ek.ua/jpg/2886227.jpg,VeloGO.com.ua,з Києва,21 840 .
GT Stomper HT Ace 24,https://s.ek.ua/jpg/2886227.jpg,Groosha.ua,з Києва,21 840 .
GT Stomper HT Ace 24,https://s.ek.ua/jpg/2886227.jpg,MTA.ua,з Києва,21 840 .
Marin Stinson ST 2,https://s.ek.ua/jpg/2695522.jpg,Velomarket.org.ua,з Києва,25 578 .
Marin Stinson ST 2,https://s.ek.ua/jpg/2695522.jpg,VeloGO.com.ua,з Києва,25 578 .
Marin Stinson ST 2,https://s.ek.ua/jpg/2695522.jpg,Цифра,з Києва,25 579 .
Marin Stinson ST 2,https://s.ek.ua/jpg/2695522.jpg,Stylus.ua,з Києва,25 579 .
Marin Stinson ST 2,https://s.ek.ua/jpg/2695522.jpg,Enko.com.ua,з Кривого Рогу,25 578 .
Marin Stinson ST 2,https://s.ek.ua/jpg/2695522.jpg,Groosha.ua,з Києва,25 578 .
Marin Stinson ST 1,https://s.ek.ua/jpg/2647695.jpg,VeloGO.com.ua,з Києва,20 580 .
Marin Stinson ST 1,https://s.ek.ua/jpg/2647695.jpg,Enko.com.ua,з Кривого Рогу,20 580 .
Pride Stella 7.2,https://s.ek.ua/jpg/2249521.jpg,Velomarket.org.ua,з Києва,16 380 .
Pride Stella 7.2,https://s.ek.ua/jpg/2249521.jpg,VeloGO.com.ua,з Києва,16 380 .
Pride Stella 7.2,https://s.ek.ua/jpg/2249521.jpg,Groosha.ua,з Києва,16 380 .
Pride Stella 7.2,https://s.ek.ua/jpg/2249521.jpg,Enko.com.ua,з Кривого Рогу,16 380 .
Pride Stella 7.2,https://s.ek.ua/jpg/2249521.jpg,Rozetka.ua,з Києва,16 380 .
Pride Stella 7.2,https://s.ek.ua/jpg/2249521.jpg,Rozetka.ua,з Києва,16 380 .
Pride Stella 6.1 Tourney,https://s.ek.ua/jpg/2398880.jpg,Velomarket.org.ua,з Києва,13 860 .
Pride Stella 6.1 Tourney,https://s.ek.ua/jpg/2398880.jpg,VeloGO.com.ua,з Києва,13 860 .
Pride Stella 6.1 Tourney,https://s.ek.ua/jpg/2398880.jpg,Groosha.ua,з Києва,13 860 .
Pride Stella 6.1 Tourney,https://s.ek.ua/jpg/2398880.jpg,Enko.com.ua,з Кривого Рогу,13 860 .
Pride Stella 6.1 Tourney,https://s.ek.ua/jpg/2398880.jpg,Rozetka.ua,з Києва,13 860 .
Pride Stella 6.1 Tourney,https://s.ek.ua/jpg/2398880.jpg,Rozetka.ua,з Києва,13 860 .
Pride Stella 6.1 Microshift,https://s.ek.ua/jpg/2398865.jpg,Velomarket.org.ua,з Києва,12 474 .
Pride Stella 6.1 Microshift,https://s.ek.ua/jpg/2398865.jpg,VeloGO.com.ua,з Києва,12 474 .
Pride Stella 6.1 Microshift,https://s.ek.ua/jpg/2398865.jpg,Groosha.ua,з Києва,12 474 .
Pride Stella 6.1 Microshift,https://s.ek.ua/jpg/2398865.jpg,Enko.com.ua,з Кривого Рогу,12 474 .
Pride Stella 6.1 Microshift,https://s.ek.ua/jpg/2398865.jpg,Rozetka.ua,з Києва,13 395 .
Pride Stella 6.1 Microshift,https://s.ek.ua/jpg/2398865.jpg,Rozetka.ua,з Києва,13 860 .
Rockrider ST120 frame S,https://s.ek.ua/jpg/2025359.jpg,Rozetka.ua,з Києва,26 060 .
Rockrider ST120 frame S,https://s.ek.ua/jpg/2025359.jpg,Rozetka.ua,з Києва,26 060 .
Rockrider ST120 frame S,https://s.ek.ua/jpg/2025359.jpg,Rozetka.ua,з Києва,23 460 .
Rockrider ST120 frame S,https://s.ek.ua/jpg/2025359.jpg,Rozetka.ua,з Києва,26 060 .
Rockrider ST120 frame S,https://s.ek.ua/jpg/2025359.jpg,Rozetka.ua,з Києва,26 060 .
Rockrider ST100 frame XS,https://s.ek.ua/jpg/2025296.jpg,Rozetka.ua,з Києва,18 910 .
Rockrider ST100 frame XS,https://s.ek.ua/jpg/2025296.jpg,Rozetka.ua,з Києва,18 910 .
Rockrider ST100 frame XS,https://s.ek.ua/jpg/2025296.jpg,Rozetka.ua,з Києва,16 310 .
GHOST Square Times 9.9 AL,https://s.ek.ua/jpg/2058135.jpg,Velotime.com.ua,з Києва,58 695 .
GHOST Square Times 9.9 AL,https://s.ek.ua/jpg/2058135.jpg,Velomarket.org.ua,з Києва,58 695 .
GHOST Square Speedline 8.8 AL,https://s.ek.ua/jpg/2033175.jpg,Velotime.com.ua,з Києва,40 635 .
GHOST Square Speedline 8.8 AL,https://s.ek.ua/jpg/2033175.jpg,Velomarket.org.ua,з Києва,40 635 .
GHOST Square Speedline 8.8 AL,https://s.ek.ua/jpg/2033175.jpg,Цифра,з Києва,40 635 .
GHOST Square Speedline 8.8 AL,https://s.ek.ua/jpg/2033175.jpg,Stylus.ua,з Києва,40 635 .
GHOST Square Speedline 8.8 AL,https://s.ek.ua/jpg/2033175.jpg,Rozetka.ua,з Києва,42 043 .
Author Spirit 29,https://s.ek.ua/jpg/2434278.jpg,Velotime.com.ua,з Києва,35 200 .
Author Spirit 29,https://s.ek.ua/jpg/2434278.jpg,Velomarket.org.ua,з Києва,35 200 .
Author Spirit 29,https://s.ek.ua/jpg/2434278.jpg,Цифра,з Києва,41 160 .
Author Spirit 29,https://s.ek.ua/jpg/2434278.jpg,Stylus.ua,з Києва,41 161 .
Scott Speedster Gravel 50,https://s.ek.ua/jpg/2737469.jpg,Velotime.com.ua,з Києва,66 500 .
Scott Speedster Gravel 50,https://s.ek.ua/jpg/2737469.jpg,Velomarket.org.ua,з Києва,66 500 .
Scott Speedster Gravel 50,https://s.ek.ua/jpg/2737469.jpg,VeloGO.com.ua,з Києва,66 500 .
Scott Speedster Gravel 50,https://s.ek.ua/jpg/2737469.jpg,Rozetka.ua,з Києва,66 500 .
Scott Speedster Gravel 40 EQ,https://s.ek.ua/jpg/2737440.jpg,Velotime.com.ua,з Києва,83 500 .
Scott Speedster Gravel 40 EQ,https://s.ek.ua/jpg/2737440.jpg,Velomarket.org.ua,з Києва,83 500 .
Scott Speedster Gravel 40 EQ,https://s.ek.ua/jpg/2737440.jpg,VeloGO.com.ua,з Києва,83 500 .
Scott Speedster Gravel 40 EQ,https://s.ek.ua/jpg/2737440.jpg,Rozetka.ua,з Києва,83 500 .
Scott Speedster Gravel 40 EQ,https://s.ek.ua/jpg/2635817.jpg,Velotime.com.ua,з Києва,80 000 .
Scott Speedster Gravel 40 EQ,https://s.ek.ua/jpg/2635817.jpg,Velomarket.org.ua,з Києва,80 000 .
Scott Speedster Gravel 40 EQ,https://s.ek.ua/jpg/2635817.jpg,VeloGO.com.ua,з Києва,80 000 .
Scott Speedster Gravel 40 EQ,https://s.ek.ua/jpg/2635817.jpg,Rozetka.ua,з Києва,80 000 .
Scott Speedster 50,https://s.ek.ua/jpg/2635805.jpg,Velotime.com.ua,з Києва,55 150 .
Scott Speedster 50,https://s.ek.ua/jpg/2635805.jpg,Velomarket.org.ua,з Києва,55 150 .
Scott Speedster 50,https://s.ek.ua/jpg/2635805.jpg,VeloGO.com.ua,з Києва,55 150 .
Scott Speedster 50,https://s.ek.ua/jpg/2635805.jpg,Rozetka.ua,з Києва,55 150 .
Scott Speedster 30,https://s.ek.ua/jpg/2635783.jpg,Velotime.com.ua,з Києва,57 500 .
Scott Speedster 30,https://s.ek.ua/jpg/2635783.jpg,Velomarket.org.ua,з Києва,57 500 .
Scott Speedster 30,https://s.ek.ua/jpg/2635783.jpg,VeloGO.com.ua,з Києва,57 500 .
Scott Speedster 30,https://s.ek.ua/jpg/2635783.jpg,Rozetka.ua,з Києва,57 500 .
Merida Speeder 200,https://s.ek.ua/jpg/2543793.jpg,Velotime.com.ua,з Києва,38 052 .
Merida Speeder 200,https://s.ek.ua/jpg/2543793.jpg,Velomarket.org.ua,з Києва,38 052 .
Merida Speeder 100,https://s.ek.ua/jpg/2622364.jpg,Velotime.com.ua,з Києва,33 222 .
Merida Speeder 100,https://s.ek.ua/jpg/2622364.jpg,Velomarket.org.ua,з Києва,33 222 .
Winner Special 27.5,https://s.ek.ua/jpg/2252800.jpg,VeloGO.com.ua,з Києва,20 597 .
Winner Special 27.5,https://s.ek.ua/jpg/2252800.jpg,Groosha.ua,з Києва,20 597 .
Winner Special 27.5,https://s.ek.ua/jpg/2252800.jpg,VeloGO.com.ua,з Києва,20 597 .
Winner Special 27.5,https://s.ek.ua/jpg/2252800.jpg,VeloGO.com.ua,з Києва,20 597 .
Winner Special 27.5,https://s.ek.ua/jpg/2252800.jpg,Groosha.ua,з Києва,20 597 .
Scott Spark 960,https://s.ek.ua/jpg/2737401.jpg,Velotime.com.ua,з Києва,150 000 .
Scott Spark 960,https://s.ek.ua/jpg/2737401.jpg,Velomarket.org.ua,з Києва,150 000 .
Scott Spark 960,https://s.ek.ua/jpg/2737401.jpg,VeloGO.com.ua,з Києва,150 000 .
Scott Spark 960,https://s.ek.ua/jpg/2039658.jpg,Velotime.com.ua,з Києва,114 999 .
Scott Spark 960,https://s.ek.ua/jpg/2039658.jpg,Velomarket.org.ua,з Києва,114 999 .
Scott Spark 950,https://s.ek.ua/jpg/2737355.jpg,Velotime.com.ua,з Києва,209 899 .
Scott Spark 950,https://s.ek.ua/jpg/2737355.jpg,Velomarket.org.ua,з Києва,209 899 .
Scott Spark 950,https://s.ek.ua/jpg/2737355.jpg,VeloGO.com.ua,з Києва,209 900 .
Scott Spark 950,https://s.ek.ua/jpg/2737355.jpg,Rozetka.ua,з Києва,209 900 .
Scott Spark 950,https://s.ek.ua/jpg/2737355.jpg,Velotime.com.ua,з Києва,209 900 .
Scott Spark 950,https://s.ek.ua/jpg/2737355.jpg,Velomarket.org.ua,з Києва,209 900 .
Scott Spark 950,https://s.ek.ua/jpg/2737363.jpg,Velomarket.org.ua,з Києва,187 449 .
Scott Spark 950,https://s.ek.ua/jpg/2737363.jpg,VeloGO.com.ua,з Києва,187 450 .
Scott Spark 950,https://s.ek.ua/jpg/2039477.jpg,Velotime.com.ua,з Києва,139 999 .
Scott Spark 950,https://s.ek.ua/jpg/2039477.jpg,Velomarket.org.ua,з Києва,139 999 .
Scott Spark 940,https://s.ek.ua/jpg/2039257.jpg,Velotime.com.ua,з Києва,162 499 .
Scott Spark 940,https://s.ek.ua/jpg/2039257.jpg,Velomarket.org.ua,з Києва,162 499 .
Author Solution ASL 29,https://s.ek.ua/jpg/2393171.jpg,Velotime.com.ua,з Києва,28 850 .
Author Solution ASL 29,https://s.ek.ua/jpg/2393171.jpg,Velomarket.org.ua,з Києва,28 850 .
Author Solution ASL 29,https://s.ek.ua/jpg/2393171.jpg,Цифра,з Києва,28 850 .
Author Solution ASL 29,https://s.ek.ua/jpg/2393171.jpg,Stylus.ua,з Києва,28 851 .
Author Solution ASL 27.5,https://s.ek.ua/jpg/2393166.jpg,Velotime.com.ua,з Києва,24 900 .
Author Solution ASL 27.5,https://s.ek.ua/jpg/2393166.jpg,Velomarket.org.ua,з Києва,24 900 .
Author Solution ASL 27.5,https://s.ek.ua/jpg/2393166.jpg,Цифра,з Києва,27 850 .
Author Solution ASL 27.5,https://s.ek.ua/jpg/2393166.jpg,Stylus.ua,з Києва,27 850 .
Author Solution 27.5,https://s.ek.ua/jpg/2434335.jpg,Velotime.com.ua,з Києва,32 130 .
Author Solution 27.5,https://s.ek.ua/jpg/2434335.jpg,Velomarket.org.ua,з Києва,32 130 .
Author Solution 27.5,https://s.ek.ua/jpg/2434335.jpg,Цифра,з Києва,32 130 .
Author Solution 27.5,https://s.ek.ua/jpg/2434335.jpg,Stylus.ua,з Києва,32 130 .
Author Solution 27.5,https://s.ek.ua/jpg/2237132.jpg,Цифра,з Києва,32 001 .
Author Solution 27.5,https://s.ek.ua/jpg/2237132.jpg,Stylus.ua,з Києва,32 001 .
Winner Solid WRX 29,https://s.ek.ua/jpg/2861177.jpg,VeloGO.com.ua,з Києва,27 950 .
Winner Solid WRX 29,https://s.ek.ua/jpg/2861177.jpg,Цифра,з Києва,27 950 .
Winner Solid WRX 29,https://s.ek.ua/jpg/2861177.jpg,Stylus.ua,з Києва,27 950 .
Winner Solid WRX 29,https://s.ek.ua/jpg/2861177.jpg,Groosha.ua,з Києва,27 950 .
Winner Solid WRX 29,https://s.ek.ua/jpg/2861177.jpg,VeloGO.com.ua,з Києва,27 950 .
Winner Solid WRX 29,https://s.ek.ua/jpg/2861177.jpg,VeloGO.com.ua,з Києва,27 950 .
Winner Solid WRX 29,https://s.ek.ua/jpg/2861177.jpg,Цифра,з Києва,27 950 .
Winner Solid WRX 29,https://s.ek.ua/jpg/2657013.jpg,VeloGO.com.ua,з Києва,27 133 .
Winner Solid WRX 29,https://s.ek.ua/jpg/2657013.jpg,Цифра,з Києва,27 133 .
Winner Solid WRX 29,https://s.ek.ua/jpg/2657013.jpg,Stylus.ua,з Києва,27 133 .
Winner Solid WRX 29,https://s.ek.ua/jpg/2657013.jpg,Groosha.ua,з Києва,27 133 .
Winner Solid WRX 29,https://s.ek.ua/jpg/2657013.jpg,Цифра,з Києва,27 133 .
Winner Solid WRX 29,https://s.ek.ua/jpg/2657013.jpg,Stylus.ua,з Києва,27 133 .
Winner Solid GT 29,https://s.ek.ua/jpg/2635645.jpg,VeloGO.com.ua,з Києва,24 338 .
Winner Solid GT 29,https://s.ek.ua/jpg/2635645.jpg,Groosha.ua,з Києва,24 338 .
Winner Solid GT 29,https://s.ek.ua/jpg/2635645.jpg,VeloGO.com.ua,з Києва,24 338 .
Winner Solid GT 29,https://s.ek.ua/jpg/2635645.jpg,Groosha.ua,з Києва,24 338 .
CROSS Smile 24,https://s.ek.ua/jpg/2421062.jpg,Groosha.ua,з Києва,7 400 .
CROSS Smile 24,https://s.ek.ua/jpg/2421062.jpg,Groosha.ua,з Києва,7 400 .
Cyclone SLX Pro Trail 2,https://s.ek.ua/jpg/2244711.jpg,VeloGO.com.ua,з Києва,34 486 .
Cyclone SLX Pro Trail 2,https://s.ek.ua/jpg/2244711.jpg,VeloGO.com.ua,з Києва,34 486 .
Ardis Slavutich 28TM,https://s.ek.ua/jpg/424530.jpg,Rozetka.ua,з Києва,6 796 .
Ardis Slavutich 28TM,https://s.ek.ua/jpg/424530.jpg,Rozetka.ua,з Києва,6 796 .
Ardis Slavutich 28,https://s.ek.ua/jpg/424540.jpg,АЛЛО,Ужгород,6 796 .
Ardis Slavutich 28,https://s.ek.ua/jpg/424540.jpg,Moyo.ua,Ужгород,6 796 .
Ardis Slavutich 28,https://s.ek.ua/jpg/424540.jpg,АЛЛО,Ужгород,6 796 .
Ardis Slavutich 28,https://s.ek.ua/jpg/424540.jpg,Moyo.ua,Ужгород,6 796 .
Specialized Sirrus 3.0,https://s.ek.ua/jpg/2445029.jpg,Ebox24.biz,з Львова,41 592 .
Specialized Sirrus 3.0,https://s.ek.ua/jpg/2445029.jpg,Ebox24.biz,з Львова,45 848 .
Specialized Sirrus 3.0,https://s.ek.ua/jpg/2445029.jpg,Ebox24.biz,з Львова,42 604 .
Merida Silex 700,https://s.ek.ua/jpg/2178058.jpg,Velotime.com.ua,з Києва,80 396 .
Merida Silex 700,https://s.ek.ua/jpg/2178058.jpg,Velomarket.org.ua,з Києва,80 396 .
Merida Silex 200,https://s.ek.ua/jpg/2858752.jpg,Velotime.com.ua,з Києва,54 600 .
Merida Silex 200,https://s.ek.ua/jpg/2858752.jpg,Velomarket.org.ua,з Києва,54 600 .
Merida Silex 200,https://s.ek.ua/jpg/2858752.jpg,VeloGO.com.ua,з Києва,54 600 .
Merida Silex 200,https://s.ek.ua/jpg/2858752.jpg,Velotime.com.ua,з Києва,54 600 .
Merida Silex 200,https://s.ek.ua/jpg/2858752.jpg,Velomarket.org.ua,з Києва,54 600 .
Merida Silex 200,https://s.ek.ua/jpg/2858752.jpg,VeloGO.com.ua,з Києва,54 600 .
Merida Silex 200,https://s.ek.ua/jpg/2622284.jpg,Velotime.com.ua,з Києва,42 197 .
Merida Silex 200,https://s.ek.ua/jpg/2622284.jpg,Velomarket.org.ua,з Києва,42 197 .
Merida Silex 200,https://s.ek.ua/jpg/2622284.jpg,VeloGO.com.ua,з Києва,42 197 .
Merida Silex 200,https://s.ek.ua/jpg/2622284.jpg,Velotime.com.ua,з Києва,42 197 .
Merida Silex 200,https://s.ek.ua/jpg/2622284.jpg,Velomarket.org.ua,з Києва,42 197 .
Merida Silex 200,https://s.ek.ua/jpg/2622284.jpg,VeloGO.com.ua,з Києва,42 197 .
Merida Scultura Endurance GR 5000,https://s.ek.ua/jpg/2878018.jpg,Velotime.com.ua,з Києва,111 258 .
Merida Scultura Endurance GR 5000,https://s.ek.ua/jpg/2878018.jpg,Velomarket.org.ua,з Києва,111 258 .
Merida Scultura Endurance GR 5000,https://s.ek.ua/jpg/2878018.jpg,VeloGO.com.ua,з Києва,111 258 .
Merida Scultura Endurance GR 5000,https://s.ek.ua/jpg/2878018.jpg,Velotime.com.ua,з Києва,111 258 .
Merida Scultura Endurance GR 5000,https://s.ek.ua/jpg/2878018.jpg,Velotime.com.ua,з Києва,111 258 .
Merida Scultura Endurance GR 5000,https://s.ek.ua/jpg/2878018.jpg,Velotime.com.ua,з Києва,111 258 .
Merida Scultura Endurance GR 5000,https://s.ek.ua/jpg/2878018.jpg,Velomarket.org.ua,з Києва,111 258 .
Merida Scultura Endurance GR 5000,https://s.ek.ua/jpg/2656108.jpg,Velotime.com.ua,з Києва,122 850 .
Merida Scultura Endurance GR 5000,https://s.ek.ua/jpg/2656108.jpg,Velomarket.org.ua,з Києва,122 850 .
Merida Scultura Endurance GR 5000,https://s.ek.ua/jpg/2656108.jpg,VeloGO.com.ua,з Києва,122 850 .
Merida Scultura Endurance 400,https://s.ek.ua/jpg/2656091.jpg,Velotime.com.ua,з Києва,74 970 .
Merida Scultura Endurance 400,https://s.ek.ua/jpg/2656091.jpg,Velomarket.org.ua,з Києва,74 970 .
Merida Scultura Endurance 400,https://s.ek.ua/jpg/2656091.jpg,VeloGO.com.ua,з Києва,74 970 .
Merida Scultura Endurance 400,https://s.ek.ua/jpg/2656091.jpg,Velomarket.org.ua,з Києва,74 970 .
Merida Scultura Endurance 4000,https://s.ek.ua/jpg/2878036.jpg,Velotime.com.ua,з Києва,98 280 .
Merida Scultura Endurance 4000,https://s.ek.ua/jpg/2878036.jpg,Velomarket.org.ua,з Києва,98 280 .
Merida Scultura Endurance 4000,https://s.ek.ua/jpg/2878036.jpg,VeloGO.com.ua,з Києва,98 280 .
Merida Scultura 5000,https://s.ek.ua/jpg/2878033.jpg,Velotime.com.ua,з Києва,133 308 .
Merida Scultura 5000,https://s.ek.ua/jpg/2878033.jpg,Velomarket.org.ua,з Києва,133 308 .
Merida Scultura 5000,https://s.ek.ua/jpg/2878033.jpg,Velotime.com.ua,з Києва,133 308 .
Merida Scultura 5000,https://s.ek.ua/jpg/2878033.jpg,Velotime.com.ua,з Києва,133 308 .
Merida Scultura 5000,https://s.ek.ua/jpg/2878033.jpg,Velomarket.org.ua,з Києва,133 308 .
Merida Scultura 5000,https://s.ek.ua/jpg/2878033.jpg,Velomarket.org.ua,з Києва,133 308 .
Scott Scale 980,https://s.ek.ua/jpg/2701514.jpg,Velotime.com.ua,з Києва,57 650 .
Scott Scale 980,https://s.ek.ua/jpg/2701514.jpg,Velomarket.org.ua,з Києва,57 650 .
Scott Scale 980,https://s.ek.ua/jpg/2701514.jpg,VeloGO.com.ua,з Києва,57 650 .
Scott Scale 980,https://s.ek.ua/jpg/2701514.jpg,Rozetka.ua,з Києва,57 650 .
Scott Scale 980,https://s.ek.ua/jpg/2455715.jpg,Velotime.com.ua,з Києва,55 150 .
Scott Scale 980,https://s.ek.ua/jpg/2455715.jpg,Velomarket.org.ua,з Києва,55 150 .
Scott Scale 980,https://s.ek.ua/jpg/2455715.jpg,VeloGO.com.ua,з Києва,55 150 .
Scott Scale 980,https://s.ek.ua/jpg/2455715.jpg,Rozetka.ua,з Києва,55 150 .
Scott Scale 980,https://s.ek.ua/jpg/2455715.jpg,Rozetka.ua,з Києва,55 150 .
Scott Scale 980,https://s.ek.ua/jpg/1960980.jpg,Velotime.com.ua,з Києва,55 000 .
Scott Scale 980,https://s.ek.ua/jpg/1960980.jpg,Velomarket.org.ua,з Києва,55 000 .
Scott Scale 980,https://s.ek.ua/jpg/1960980.jpg,VeloGO.com.ua,з Києва,55 000 .
Scott Scale 980,https://s.ek.ua/jpg/1960980.jpg,Rozetka.ua,з Києва,55 000 .
Scott Scale 970,https://s.ek.ua/jpg/2701537.jpg,Velotime.com.ua,з Києва,73 400 .
Scott Scale 970,https://s.ek.ua/jpg/2701537.jpg,Velomarket.org.ua,з Києва,73 400 .
Scott Scale 970,https://s.ek.ua/jpg/2701537.jpg,VeloGO.com.ua,з Києва,73 400 .
Scott Scale 970,https://s.ek.ua/jpg/2701537.jpg,Rozetka.ua,з Києва,73 400 .
Scott Scale 970,https://s.ek.ua/jpg/2455743.jpg,Velotime.com.ua,з Києва,66 150 .
Scott Scale 970,https://s.ek.ua/jpg/2455743.jpg,Velomarket.org.ua,з Києва,66 150 .
Scott Scale 970,https://s.ek.ua/jpg/2455743.jpg,VeloGO.com.ua,з Києва,66 150 .
Scott Scale 965,https://s.ek.ua/jpg/2701565.jpg,Velotime.com.ua,з Києва,78 649 .
Scott Scale 965,https://s.ek.ua/jpg/2701565.jpg,Velomarket.org.ua,з Києва,78 649 .
Scott Scale 965,https://s.ek.ua/jpg/2701565.jpg,VeloGO.com.ua,з Києва,78 650 .
Scott Scale 965,https://s.ek.ua/jpg/2701565.jpg,Rozetka.ua,з Києва,78 650 .
Scott Scale 965,https://s.ek.ua/jpg/2737481.jpg,Velotime.com.ua,з Києва,70 900 .
Scott Scale 965,https://s.ek.ua/jpg/2737481.jpg,Velomarket.org.ua,з Києва,70 900 .
Scott Scale 960,https://s.ek.ua/jpg/2701570.jpg,Velotime.com.ua,з Києва,94 399 .
Scott Scale 960,https://s.ek.ua/jpg/2701570.jpg,Velomarket.org.ua,з Києва,94 399 .
Scott Scale 960,https://s.ek.ua/jpg/2701570.jpg,VeloGO.com.ua,з Києва,94 400 .
Scott Scale 960,https://s.ek.ua/jpg/2635867.jpg,Velotime.com.ua,з Києва,86 649 .
Scott Scale 960,https://s.ek.ua/jpg/2635867.jpg,Velomarket.org.ua,з Києва,86 649 .
Scott Scale 960,https://s.ek.ua/jpg/2635867.jpg,VeloGO.com.ua,з Києва,86 650 .
Scott Scale 960,https://s.ek.ua/jpg/1960167.jpg,Velotime.com.ua,з Києва,68 250 .
Scott Scale 960,https://s.ek.ua/jpg/1960167.jpg,Velomarket.org.ua,з Києва,68 250 .
Scott Scale 960,https://s.ek.ua/jpg/1960167.jpg,VeloGO.com.ua,з Києва,68 250 .
Scott Scale 960,https://s.ek.ua/jpg/1960167.jpg,Rozetka.ua,з Києва,68 250 .
Scott Scale 950,https://s.ek.ua/jpg/2635767.jpg,Velotime.com.ua,з Києва,99 749 .
Scott Scale 950,https://s.ek.ua/jpg/2635767.jpg,Velomarket.org.ua,з Києва,100 912 .
Scott Scale 950,https://s.ek.ua/jpg/2635767.jpg,VeloGO.com.ua,з Києва,99 750 .
Scott Scale 950,https://s.ek.ua/jpg/1960043.jpg,Velotime.com.ua,з Києва,89 249 .
Scott Scale 950,https://s.ek.ua/jpg/1960043.jpg,Velomarket.org.ua,з Києва,89 249 .
Scott Scale 950,https://s.ek.ua/jpg/1960043.jpg,VeloGO.com.ua,з Києва,99 750 .
Scott Scale 950,https://s.ek.ua/jpg/1960043.jpg,Rozetka.ua,з Києва,99 750 .
Scott Scale 940,https://s.ek.ua/jpg/2635730.jpg,Velotime.com.ua,з Києва,100 000 .
Scott Scale 940,https://s.ek.ua/jpg/2635730.jpg,Velomarket.org.ua,з Києва,100 000 .
Scott Scale 940,https://s.ek.ua/jpg/2635730.jpg,VeloGO.com.ua,з Києва,100 000 .
Scott Scale 930,https://s.ek.ua/jpg/2701587.jpg,Velotime.com.ua,з Києва,120 649 .
Scott Scale 930,https://s.ek.ua/jpg/2701587.jpg,Velomarket.org.ua,з Києва,120 649 .
Scott Scale 930,https://s.ek.ua/jpg/2701587.jpg,VeloGO.com.ua,з Києва,120 650 .
Scott Scale 925,https://s.ek.ua/jpg/2701598.jpg,Velotime.com.ua,з Києва,136 399 .
Scott Scale 925,https://s.ek.ua/jpg/2701598.jpg,Velomarket.org.ua,з Києва,136 399 .
Scott Scale 925,https://s.ek.ua/jpg/2701598.jpg,VeloGO.com.ua,з Києва,136 400 .
Scott Scale 920,https://s.ek.ua/jpg/2701607.jpg,Velotime.com.ua,з Києва,157 399 .
Scott Scale 920,https://s.ek.ua/jpg/2701607.jpg,Velomarket.org.ua,з Києва,157 399 .
Scott Scale 920,https://s.ek.ua/jpg/2701607.jpg,VeloGO.com.ua,з Києва,157 400 .
Scott Scale 24 Rigid,https://s.ek.ua/jpg/2785996.jpg,Velotime.com.ua,з Києва,25 000 .
Scott Scale 24 Rigid,https://s.ek.ua/jpg/2785996.jpg,Velomarket.org.ua,з Києва,25 000 .
Scott Scale 24 Rigid,https://s.ek.ua/jpg/2785996.jpg,VeloGO.com.ua,з Києва,25 000 .
Scott Scale 24 Rigid,https://s.ek.ua/jpg/2785996.jpg,Rozetka.ua,з Києва,25 000 .
Ardis Santana 2 CTB 24,https://s.ek.ua/jpg/424402.jpg,АЛЛО,Ужгород,9 042 .
Ardis Santana 2 CTB 24,https://s.ek.ua/jpg/424402.jpg,Rozetka.ua,з Києва,9 042 .
Comanche Saga,https://s.ek.ua/jpg/1387442.jpg,Velotime.com.ua,з Києва,16 393 .
Comanche Saga,https://s.ek.ua/jpg/1387442.jpg,Velomarket.org.ua,з Києва,16 393 .
Comanche Saga,https://s.ek.ua/jpg/1387442.jpg,Velotime.com.ua,з Києва,16 393 .
Comanche Saga,https://s.ek.ua/jpg/1387442.jpg,Velomarket.org.ua,з Києва,16 393 .
Dorozhnik Ruby Planetary Hub,https://s.ek.ua/jpg/2861134.jpg,VeloGO.com.ua,з Києва,12 591 .
Dorozhnik Ruby Planetary Hub,https://s.ek.ua/jpg/2861134.jpg,Moyo.ua,Ужгород,12 591 .
Dorozhnik Ruby Planetary Hub,https://s.ek.ua/jpg/2861134.jpg,Groosha.ua,з Києва,11 590 .
Dorozhnik Ruby Planetary Hub,https://s.ek.ua/jpg/2861134.jpg,MTA.ua,з Києва,12 591 .
Dorozhnik Ruby Planetary Hub,https://s.ek.ua/jpg/2861134.jpg,Rozetka.ua,з Києва,13 850 .
Dorozhnik Ruby Planetary Hub,https://s.ek.ua/jpg/2850572.jpg,VeloGO.com.ua,з Києва,12 591 .
Dorozhnik Ruby Planetary Hub,https://s.ek.ua/jpg/2850572.jpg,Moyo.ua,Ужгород,12 591 .
Dorozhnik Ruby Planetary Hub,https://s.ek.ua/jpg/2850572.jpg,Groosha.ua,з Києва,11 590 .
Dorozhnik Ruby Planetary Hub,https://s.ek.ua/jpg/2850572.jpg,MTA.ua,з Києва,12 591 .
Dorozhnik Ruby Planetary Hub,https://s.ek.ua/jpg/2850572.jpg,Rozetka.ua,з Києва,12 591 .
Dorozhnik Ruby 26,https://s.ek.ua/jpg/2199299.jpg,VeloGO.com.ua,з Києва,9 532 .
Dorozhnik Ruby 26,https://s.ek.ua/jpg/2199299.jpg,Moyo.ua,Ужгород,9 532 .
Dorozhnik Ruby 26,https://s.ek.ua/jpg/2199299.jpg,Groosha.ua,з Києва,8 771 .
Dorozhnik Ruby 26,https://s.ek.ua/jpg/2199299.jpg,MTA.ua,з Києва,9 532 .
Dorozhnik Ruby 26,https://s.ek.ua/jpg/2199299.jpg,Rozetka.ua,з Києва,9 532 .
Dorozhnik Ruby 26,https://s.ek.ua/jpg/2199299.jpg,Rozetka.ua,з Києва,9 532 .
Dorozhnik Ruby 26,https://s.ek.ua/jpg/2199299.jpg,Rozetka.ua,з Києва,10 765 .
Scott Roxter 26,https://s.ek.ua/jpg/2029148.jpg,Velotime.com.ua,з Києва,23 500 .
Scott Roxter 26,https://s.ek.ua/jpg/2029148.jpg,Velomarket.org.ua,з Києва,23 500 .
Scott Roxter 24,https://s.ek.ua/jpg/2028982.jpg,Velotime.com.ua,з Києва,26 150 .
Scott Roxter 24,https://s.ek.ua/jpg/2028982.jpg,Velomarket.org.ua,з Києва,26 150 .
KONA Rove NRB,https://s.ek.ua/jpg/2720063.jpg,VeloGO.com.ua,з Києва,56 312 .
KONA Rove NRB,https://s.ek.ua/jpg/2720063.jpg,Цифра,з Києва,56 312 .
KONA Rove NRB,https://s.ek.ua/jpg/2720063.jpg,Stylus.ua,з Києва,56 312 .
KONA Rove NRB,https://s.ek.ua/jpg/2720063.jpg,Rozetka.ua,з Києва,56 312 .
KONA Rove LTD,https://s.ek.ua/jpg/2513360.jpg,VeloGO.com.ua,з Києва,79 772 .
KONA Rove LTD,https://s.ek.ua/jpg/2513360.jpg,Цифра,з Києва,79 773 .
KONA Rove LTD,https://s.ek.ua/jpg/2513360.jpg,Stylus.ua,з Києва,79 773 .
KONA Rove LTD,https://s.ek.ua/jpg/2513360.jpg,Rozetka.ua,з Києва,79 772 .
KONA Rove DL,https://s.ek.ua/jpg/2512864.jpg,VeloGO.com.ua,з Києва,59 500 .
KONA Rove DL,https://s.ek.ua/jpg/2512864.jpg,Цифра,з Києва,59 501 .
KONA Rove DL,https://s.ek.ua/jpg/2512864.jpg,Stylus.ua,з Києва,59 500 .
KONA Rove DL,https://s.ek.ua/jpg/2512864.jpg,Rozetka.ua,з Києва,59 500 .
KONA Rove AL/DL,https://s.ek.ua/jpg/2720044.jpg,VeloGO.com.ua,з Києва,34 212 .
KONA Rove AL/DL,https://s.ek.ua/jpg/2720044.jpg,Цифра,з Києва,34 213 .
KONA Rove AL/DL,https://s.ek.ua/jpg/2720044.jpg,Stylus.ua,з Києва,34 213 .
KONA Rove AL/DL,https://s.ek.ua/jpg/2720044.jpg,Rozetka.ua,з Києва,34 212 .
KONA Rove AL 700,https://s.ek.ua/jpg/2635679.jpg,VeloGO.com.ua,з Києва,28 475 .
KONA Rove AL 700,https://s.ek.ua/jpg/2635679.jpg,Цифра,з Києва,28 476 .
KONA Rove AL 700,https://s.ek.ua/jpg/2635679.jpg,Stylus.ua,з Києва,28 475 .
KONA Rove AL 700,https://s.ek.ua/jpg/2635679.jpg,Rozetka.ua,з Києва,28 475 .
KONA Rove AL 650,https://s.ek.ua/jpg/2720073.jpg,VeloGO.com.ua,з Києва,28 475 .
KONA Rove AL 650,https://s.ek.ua/jpg/2720073.jpg,Цифра,з Києва,28 476 .
KONA Rove AL 650,https://s.ek.ua/jpg/2720073.jpg,Stylus.ua,з Києва,28 475 .
KONA Rove AL 650,https://s.ek.ua/jpg/2720073.jpg,Rozetka.ua,з Києва,28 475 .
KONA Rove,https://s.ek.ua/jpg/2513308.jpg,VeloGO.com.ua,з Києва,44 625 .
KONA Rove,https://s.ek.ua/jpg/2513308.jpg,Цифра,з Києва,44 625 .
KONA Rove,https://s.ek.ua/jpg/2513308.jpg,Stylus.ua,з Києва,44 625 .
KONA Rove,https://s.ek.ua/jpg/2513308.jpg,Rozetka.ua,з Києва,44 625 .
Pride RocX Tour 27.5,https://s.ek.ua/jpg/2503560.jpg,Velomarket.org.ua,з Києва,42 966 .
Pride RocX Tour 27.5,https://s.ek.ua/jpg/2503560.jpg,VeloGO.com.ua,з Києва,42 966 .
Pride RocX Tour 27.5,https://s.ek.ua/jpg/2503560.jpg,Цифра,з Києва,42 967 .
Pride RocX Tour 27.5,https://s.ek.ua/jpg/2503560.jpg,Stylus.ua,з Києва,42 967 .
Pride RocX Tour 27.5,https://s.ek.ua/jpg/2503560.jpg,Groosha.ua,з Києва,42 966 .
Pride RocX Tour 27.5,https://s.ek.ua/jpg/2503560.jpg,Enko.com.ua,з Кривого Рогу,42 966 .
Pride RocX Tour 27.5,https://s.ek.ua/jpg/2503560.jpg,Rozetka.ua,з Києва,42 966 .
Pride RocX Tour,https://s.ek.ua/jpg/2503538.jpg,Velomarket.org.ua,з Києва,42 966 .
Pride RocX Tour,https://s.ek.ua/jpg/2503538.jpg,VeloGO.com.ua,з Києва,42 966 .
Pride RocX Tour,https://s.ek.ua/jpg/2503538.jpg,Цифра,з Києва,42 967 .
Pride RocX Tour,https://s.ek.ua/jpg/2503538.jpg,Stylus.ua,з Києва,42 967 .
Pride RocX Tour,https://s.ek.ua/jpg/2503538.jpg,Groosha.ua,з Києва,42 966 .
Pride RocX Tour,https://s.ek.ua/jpg/2503538.jpg,Enko.com.ua,з Кривого Рогу,42 966 .
Pride RocX Tour,https://s.ek.ua/jpg/2503538.jpg,Rozetka.ua,з Києва,42 966 .
Pride RocX Tour,https://s.ek.ua/jpg/2503554.jpg,Axm.com.ua,з Харкова,38 046 .
Pride RocX Tour,https://s.ek.ua/jpg/2503554.jpg,Axm.com.ua,з Харкова,38 046 .
Author Rival II 29,https://s.ek.ua/jpg/2748151.jpg,Velotime.com.ua,з Києва,22 000 .
Author Rival II 29,https://s.ek.ua/jpg/2748151.jpg,Velomarket.org.ua,з Києва,23 350 .
Author Rival II 29,https://s.ek.ua/jpg/2748151.jpg,Цифра,з Києва,29 190 .
Author Rival II 29,https://s.ek.ua/jpg/2748151.jpg,Stylus.ua,з Києва,29 190 .
Author Rival II 29,https://s.ek.ua/jpg/2748151.jpg,Velotime.com.ua,з Києва,23 350 .
Author Rival II 27.5,https://s.ek.ua/jpg/2748197.jpg,Velotime.com.ua,з Києва,22 000 .
Author Rival II 27.5,https://s.ek.ua/jpg/2748197.jpg,Velomarket.org.ua,з Києва,23 180 .
Author Rival II 27.5,https://s.ek.ua/jpg/2748197.jpg,Цифра,з Києва,28 980 .
Author Rival II 27.5,https://s.ek.ua/jpg/2748197.jpg,Stylus.ua,з Києва,28 980 .
Author Rival II 27.5,https://s.ek.ua/jpg/2748197.jpg,Velotime.com.ua,з Києва,23 180 .
Marin Rift Zone 2 29,https://s.ek.ua/jpg/2511977.jpg,VeloGO.com.ua,з Києва,94 458 .
Marin Rift Zone 2 29,https://s.ek.ua/jpg/2511977.jpg,Цифра,з Києва,94 459 .
Marin Rift Zone 2 29,https://s.ek.ua/jpg/2511977.jpg,Stylus.ua,з Києва,94 459 .
Marin Rift Zone 2 29,https://s.ek.ua/jpg/2511977.jpg,Enko.com.ua,з Кривого Рогу,94 458 .
Marin Rift Zone 2 29,https://s.ek.ua/jpg/2511977.jpg,Rozetka.ua,з Києва,94 458 .
Marin Rift Zone 2 29,https://s.ek.ua/jpg/2511977.jpg,Rozetka.ua,з Києва,94 458 .
Bergamont Revox 6 29,https://s.ek.ua/jpg/2386071.jpg,Velotime.com.ua,з Києва,32 744 .
Bergamont Revox 6 29,https://s.ek.ua/jpg/2386071.jpg,Velomarket.org.ua,з Києва,32 744 .
Bergamont Revox 6 29,https://s.ek.ua/jpg/2386071.jpg,Цифра,з Києва,32 744 .
Bergamont Revox 6 29,https://s.ek.ua/jpg/2386071.jpg,Stylus.ua,з Києва,32 744 .
Bergamont Revox 6 29,https://s.ek.ua/jpg/2386071.jpg,Groosha.ua,з Києва,32 744 .
Bergamont Revox 4 FMN 29,https://s.ek.ua/jpg/2737327.jpg,Velotime.com.ua,з Києва,27 452 .
Bergamont Revox 4 FMN 29,https://s.ek.ua/jpg/2737327.jpg,Velomarket.org.ua,з Києва,27 452 .
Bergamont Revox 4 FMN 29,https://s.ek.ua/jpg/2737327.jpg,Цифра,з Києва,27 452 .
Bergamont Revox 4 FMN 29,https://s.ek.ua/jpg/2737327.jpg,Stylus.ua,з Києва,25 531 .
Bergamont Revox 4 FMN 29,https://s.ek.ua/jpg/2737327.jpg,Groosha.ua,з Києва,27 452 .
Bergamont Revox 4 FMN 27.5,https://s.ek.ua/jpg/2737320.jpg,Velotime.com.ua,з Києва,27 452 .
Bergamont Revox 4 FMN 27.5,https://s.ek.ua/jpg/2737320.jpg,Velomarket.org.ua,з Києва,27 452 .
Bergamont Revox 4 FMN 27.5,https://s.ek.ua/jpg/2737320.jpg,Цифра,з Києва,27 452 .
Bergamont Revox 4 FMN 27.5,https://s.ek.ua/jpg/2737320.jpg,Stylus.ua,з Києва,27 452 .
Bergamont Revox 4 FMN 27.5,https://s.ek.ua/jpg/2737320.jpg,Groosha.ua,з Києва,27 452 .
Bergamont Revox 4 29,https://s.ek.ua/jpg/2386108.jpg,Velotime.com.ua,з Києва,26 649 .
Bergamont Revox 4 29,https://s.ek.ua/jpg/2386108.jpg,Velomarket.org.ua,з Києва,26 649 .
Bergamont Revox 4 29,https://s.ek.ua/jpg/2386108.jpg,Цифра,з Києва,26 649 .
Bergamont Revox 4 29,https://s.ek.ua/jpg/2386108.jpg,Stylus.ua,з Києва,26 649 .
Bergamont Revox 4 29,https://s.ek.ua/jpg/2386108.jpg,Groosha.ua,з Києва,26 649 .
Bergamont Revox 4 29,https://s.ek.ua/jpg/2386108.jpg,Velotime.com.ua,з Києва,26 649 .
Bergamont Revox 4 29,https://s.ek.ua/jpg/2386108.jpg,Velomarket.org.ua,з Києва,26 649 .
Bergamont Revox 3 FMN 29,https://s.ek.ua/jpg/2737315.jpg,Velotime.com.ua,з Києва,23 858 .
Bergamont Revox 3 FMN 29,https://s.ek.ua/jpg/2737315.jpg,Velomarket.org.ua,з Києва,23 858 .
Bergamont Revox 3 FMN 29,https://s.ek.ua/jpg/2737315.jpg,Цифра,з Києва,23 858 .
Bergamont Revox 3 FMN 29,https://s.ek.ua/jpg/2737315.jpg,Stylus.ua,з Києва,23 858 .
Bergamont Revox 3 FMN 29,https://s.ek.ua/jpg/2737315.jpg,Groosha.ua,з Києва,23 858 .
Bergamont Revox 3 FMN 27.5,https://s.ek.ua/jpg/2737305.jpg,Velotime.com.ua,з Києва,23 858 .
Bergamont Revox 3 FMN 27.5,https://s.ek.ua/jpg/2737305.jpg,Velomarket.org.ua,з Києва,23 858 .
Bergamont Revox 3 FMN 27.5,https://s.ek.ua/jpg/2737305.jpg,Цифра,з Києва,23 858 .
Bergamont Revox 3 FMN 27.5,https://s.ek.ua/jpg/2737305.jpg,Stylus.ua,з Києва,23 585 .
Bergamont Revox 3 FMN 27.5,https://s.ek.ua/jpg/2737305.jpg,Groosha.ua,з Києва,23 858 .
Bergamont Revox 3 27.5,https://s.ek.ua/jpg/2737260.jpg,Velotime.com.ua,з Києва,23 594 .
Bergamont Revox 3 27.5,https://s.ek.ua/jpg/2737260.jpg,Velomarket.org.ua,з Києва,23 594 .
Bergamont Revox 3 27.5,https://s.ek.ua/jpg/2737260.jpg,Цифра,з Києва,23 594 .
Bergamont Revox 3 27.5,https://s.ek.ua/jpg/2737260.jpg,Stylus.ua,з Києва,23 594 .
Bergamont Revox 3 27.5,https://s.ek.ua/jpg/2737260.jpg,Groosha.ua,з Києва,23 594 .
Bergamont Revox 2 29,https://s.ek.ua/jpg/2737249.jpg,Velotime.com.ua,з Києва,20 598 .
Bergamont Revox 2 29,https://s.ek.ua/jpg/2737249.jpg,Velomarket.org.ua,з Києва,20 598 .
Bergamont Revox 2 29,https://s.ek.ua/jpg/2737249.jpg,Цифра,з Києва,20 598 .
Bergamont Revox 2 29,https://s.ek.ua/jpg/2737249.jpg,Stylus.ua,з Києва,20 598 .
Bergamont Revox 2 29,https://s.ek.ua/jpg/2737249.jpg,Groosha.ua,з Києва,20 598 .
Bergamont Revox 2 29,https://s.ek.ua/jpg/2737249.jpg,Velotime.com.ua,з Києва,20 598 .
Bergamont Revox 2 29,https://s.ek.ua/jpg/2737249.jpg,Velomarket.org.ua,з Києва,20 598 .
Bergamont Revox 2 27.5,https://s.ek.ua/jpg/2737233.jpg,Velotime.com.ua,з Києва,20 598 .
Bergamont Revox 2 27.5,https://s.ek.ua/jpg/2737233.jpg,Velomarket.org.ua,з Києва,20 598 .
Bergamont Revox 2 27.5,https://s.ek.ua/jpg/2737233.jpg,Цифра,з Києва,20 598 .
Bergamont Revox 2 27.5,https://s.ek.ua/jpg/2737233.jpg,Stylus.ua,з Києва,20 598 .
Bergamont Revox 2 27.5,https://s.ek.ua/jpg/2737233.jpg,Groosha.ua,з Києва,20 598 .
Bergamont Revox 2 27.5,https://s.ek.ua/jpg/2737233.jpg,Velotime.com.ua,з Києва,20 598 .
Bergamont Revox 2 27.5,https://s.ek.ua/jpg/2737233.jpg,Velomarket.org.ua,з Києва,20 598 .
Giant Revolt X Advanced Pro 2,https://s.ek.ua/jpg/2748821.jpg,Velotime.com.ua,з Києва,195 300 .
Giant Revolt X Advanced Pro 2,https://s.ek.ua/jpg/2748821.jpg,Velomarket.org.ua,з Києва,195 300 .
Giant Revolt X Advanced Pro 2,https://s.ek.ua/jpg/2748821.jpg,VeloGO.com.ua,з Києва,195 300 .
Giant Revolt X Advanced Pro 2,https://s.ek.ua/jpg/2748821.jpg,Цифра,з Києва,195 300 .
Giant Revolt X Advanced Pro 2,https://s.ek.ua/jpg/2748821.jpg,Stylus.ua,з Києва,195 300 .
Giant Revolt X Advanced Pro 1,https://s.ek.ua/jpg/2748792.jpg,Velotime.com.ua,з Києва,264 600 .
Giant Revolt X Advanced Pro 1,https://s.ek.ua/jpg/2748792.jpg,Velomarket.org.ua,з Києва,264 600 .
Giant Revolt X Advanced Pro 1,https://s.ek.ua/jpg/2748792.jpg,VeloGO.com.ua,з Києва,264 600 .
Giant Revolt X Advanced Pro 1,https://s.ek.ua/jpg/2748792.jpg,Цифра,з Києва,264 600 .
Giant Revolt X Advanced Pro 1,https://s.ek.ua/jpg/2748792.jpg,Stylus.ua,з Києва,264 600 .
Giant Revolt X 1,https://s.ek.ua/jpg/2748772.jpg,Velotime.com.ua,з Києва,151 200 .
Giant Revolt X 1,https://s.ek.ua/jpg/2748772.jpg,Velomarket.org.ua,з Києва,151 200 .
Giant Revolt X 1,https://s.ek.ua/jpg/2748772.jpg,VeloGO.com.ua,з Києва,151 200 .
Giant Revolt X 1,https://s.ek.ua/jpg/2748772.jpg,Цифра,з Києва,151 200 .
Giant Revolt X 1,https://s.ek.ua/jpg/2748772.jpg,Stylus.ua,з Києва,151 200 .
Giant Revolt Advanced Pro 1,https://s.ek.ua/jpg/2501482.jpg,Velomarket.org.ua,з Києва,245 700 .
Giant Revolt Advanced Pro 1,https://s.ek.ua/jpg/2501482.jpg,VeloGO.com.ua,з Києва,245 700 .
Giant Revolt Advanced Pro 1,https://s.ek.ua/jpg/2501482.jpg,Цифра,з Києва,245 700 .
Giant Revolt Advanced Pro 1,https://s.ek.ua/jpg/2501482.jpg,Stylus.ua,з Києва,245 700 .
Giant Revolt Advanced Pro 1,https://s.ek.ua/jpg/2501467.jpg,Velomarket.org.ua,з Києва,245 700 .
Giant Revolt Advanced Pro 1,https://s.ek.ua/jpg/2501467.jpg,VeloGO.com.ua,з Києва,245 700 .
Giant Revolt Advanced Pro 1,https://s.ek.ua/jpg/2501467.jpg,Цифра,з Києва,245 700 .
Giant Revolt Advanced Pro 1,https://s.ek.ua/jpg/2501467.jpg,Stylus.ua,з Києва,245 700 .
Giant Revolt Advanced 2,https://s.ek.ua/jpg/2887705.jpg,Velotime.com.ua,з Києва,165 900 .
Giant Revolt Advanced 2,https://s.ek.ua/jpg/2887705.jpg,Velomarket.org.ua,з Києва,165 900 .
Giant Revolt Advanced 1,https://s.ek.ua/jpg/2501458.jpg,Velotime.com.ua,з Києва,193 189 .
Giant Revolt Advanced 1,https://s.ek.ua/jpg/2501458.jpg,Velomarket.org.ua,з Києва,193 190 .
Giant Revolt Advanced 1,https://s.ek.ua/jpg/2501458.jpg,VeloGO.com.ua,з Києва,193 200 .
Giant Revolt Advanced 1,https://s.ek.ua/jpg/2501458.jpg,Цифра,з Києва,193 200 .
Giant Revolt Advanced 1,https://s.ek.ua/jpg/2501458.jpg,Stylus.ua,з Києва,193 200 .
Giant Revolt 1,https://s.ek.ua/jpg/1954900.jpg,Velotime.com.ua,з Києва,69 919 .
Giant Revolt 1,https://s.ek.ua/jpg/1954900.jpg,Velomarket.org.ua,з Києва,69 920 .
Giant Revolt 0,https://s.ek.ua/jpg/2896443.jpg,Velotime.com.ua,з Києва,92 400 .
Giant Revolt 0,https://s.ek.ua/jpg/2896443.jpg,Velomarket.org.ua,з Києва,92 400 .
Giant Revolt 0,https://s.ek.ua/jpg/2896443.jpg,VeloGO.com.ua,з Києва,92 400 .
Giant Revolt 0,https://s.ek.ua/jpg/2896443.jpg,Цифра,з Києва,92 400 .
Giant Revolt 0,https://s.ek.ua/jpg/2896443.jpg,Stylus.ua,з Києва,92 400 .
Giant Revolt 0,https://s.ek.ua/jpg/2501395.jpg,Velotime.com.ua,з Києва,89 040 .
Giant Revolt 0,https://s.ek.ua/jpg/2501395.jpg,Velomarket.org.ua,з Києва,89 040 .
Giant Revolt 0,https://s.ek.ua/jpg/2501395.jpg,VeloGO.com.ua,з Києва,89 040 .
Pride Revenge 9.1,https://s.ek.ua/jpg/2656159.jpg,Velomarket.org.ua,з Києва,36 960 .
Pride Revenge 9.1,https://s.ek.ua/jpg/2656159.jpg,VeloGO.com.ua,з Києва,36 960 .
Pride Revenge 9.1,https://s.ek.ua/jpg/2656159.jpg,Цифра,з Києва,36 961 .
Pride Revenge 9.1,https://s.ek.ua/jpg/2656159.jpg,Stylus.ua,з Києва,36 961 .
Pride Revenge 9.1,https://s.ek.ua/jpg/2656159.jpg,Groosha.ua,з Києва,36 960 .
Pride Revenge 9.1,https://s.ek.ua/jpg/2656159.jpg,Enko.com.ua,з Кривого Рогу,36 960 .
Pride Revenge 9.1,https://s.ek.ua/jpg/2656159.jpg,Rozetka.ua,з Києва,36 960 .
Dorozhnik Retro 28,https://s.ek.ua/jpg/1804410.jpg,Rozetka.ua,з Києва,29 647 .
Dorozhnik Retro 28,https://s.ek.ua/jpg/1804410.jpg,Rozetka.ua,з Києва,31 207 .
Merida Reacto Disc 9000-E,https://s.ek.ua/jpg/1840535.jpg,Velotime.com.ua,з Києва,424 494 .
Merida Reacto Disc 9000-E,https://s.ek.ua/jpg/1840535.jpg,Velomarket.org.ua,з Києва,424 494 .
Merida Reacto Disc 6000,https://s.ek.ua/jpg/1772045.jpg,Velotime.com.ua,з Києва,111 300 .
Merida Reacto Disc 6000,https://s.ek.ua/jpg/1772045.jpg,Velomarket.org.ua,з Києва,111 300 .
Merida Reacto 6000,https://s.ek.ua/jpg/2871494.jpg,Velotime.com.ua,з Києва,176 064 .
Merida Reacto 6000,https://s.ek.ua/jpg/2871494.jpg,Velomarket.org.ua,з Києва,176 064 .
Merida Reacto 6000,https://s.ek.ua/jpg/2871494.jpg,VeloGO.com.ua,з Києва,176 064 .
Merida Reacto 6000,https://s.ek.ua/jpg/2871494.jpg,Velotime.com.ua,з Києва,176 064 .
Merida Reacto 6000,https://s.ek.ua/jpg/2871494.jpg,Velomarket.org.ua,з Києва,176 064 .
Merida Reacto 5000,https://s.ek.ua/jpg/2886357.jpg,Velotime.com.ua,з Києва,138 600 .
Merida Reacto 5000,https://s.ek.ua/jpg/2886357.jpg,Velomarket.org.ua,з Києва,138 600 .
Merida Reacto 5000,https://s.ek.ua/jpg/1953728.jpg,Velotime.com.ua,з Києва,106 279 .
Merida Reacto 5000,https://s.ek.ua/jpg/1953728.jpg,Velomarket.org.ua,з Києва,106 279 .
Comanche Ranger Magnum Comp frame 13,https://s.ek.ua/jpg/1877706.jpg,Velotime.com.ua,з Києва,13 689 .
Comanche Ranger Magnum Comp frame 13,https://s.ek.ua/jpg/1877706.jpg,Velomarket.org.ua,з Києва,13 689 .
Comanche Ranger Colt 1.0 frame 11,https://s.ek.ua/jpg/428811.jpg,Velotime.com.ua,з Києва,10 697 .
Comanche Ranger Colt 1.0 frame 11,https://s.ek.ua/jpg/428811.jpg,Velomarket.org.ua,з Києва,10 697 .
Giant Propel Advanced Pro 1,https://s.ek.ua/jpg/2749620.jpg,Velotime.com.ua,з Києва,235 200 .
Giant Propel Advanced Pro 1,https://s.ek.ua/jpg/2749620.jpg,Velomarket.org.ua,з Києва,235 200 .
Giant Propel Advanced Pro 1,https://s.ek.ua/jpg/2749620.jpg,VeloGO.com.ua,з Києва,235 200 .
Giant Propel Advanced Pro 1,https://s.ek.ua/jpg/2749620.jpg,Цифра,з Києва,235 200 .
Giant Propel Advanced Pro 1,https://s.ek.ua/jpg/2749620.jpg,Stylus.ua,з Києва,235 200 .
Giant Propel Advanced Pro 0,https://s.ek.ua/jpg/2748994.jpg,Velotime.com.ua,з Києва,273 000 .
Giant Propel Advanced Pro 0,https://s.ek.ua/jpg/2748994.jpg,Velomarket.org.ua,з Києва,273 000 .
Giant Propel Advanced Pro 0,https://s.ek.ua/jpg/2748994.jpg,VeloGO.com.ua,з Києва,273 000 .
Giant Propel Advanced Pro 0,https://s.ek.ua/jpg/2748994.jpg,Цифра,з Києва,273 000 .
Giant Propel Advanced Pro 0,https://s.ek.ua/jpg/2748994.jpg,Stylus.ua,з Києва,273 000 .
Giant Propel Advanced Disc 2,https://s.ek.ua/jpg/2786093.jpg,Velotime.com.ua,з Києва,168 000 .
Giant Propel Advanced Disc 2,https://s.ek.ua/jpg/2786093.jpg,Velomarket.org.ua,з Києва,168 000 .
Giant Propel Advanced 2,https://s.ek.ua/jpg/2896402.jpg,Velotime.com.ua,з Києва,151 200 .
Giant Propel Advanced 2,https://s.ek.ua/jpg/2896402.jpg,Velomarket.org.ua,з Києва,151 200 .
Giant Propel Advanced 2,https://s.ek.ua/jpg/2896402.jpg,VeloGO.com.ua,з Києва,151 200 .
Giant Propel Advanced 2,https://s.ek.ua/jpg/2896402.jpg,Цифра,з Києва,151 200 .
Giant Propel Advanced 2,https://s.ek.ua/jpg/2896402.jpg,Stylus.ua,з Києва,151 200 .
Giant Propel Advanced 1,https://s.ek.ua/jpg/2887691.jpg,Velotime.com.ua,з Києва,205 800 .
Giant Propel Advanced 1,https://s.ek.ua/jpg/2887691.jpg,Velomarket.org.ua,з Києва,205 800 .
Kinetic Profi 26,https://s.ek.ua/jpg/2379263.jpg,VeloGO.com.ua,з Києва,14 706 .
Kinetic Profi 26,https://s.ek.ua/jpg/2379263.jpg,Groosha.ua,з Києва,14 706 .
Kinetic Profi 26,https://s.ek.ua/jpg/2248975.jpg,VeloGO.com.ua,з Києва,13 717 .
Kinetic Profi 26,https://s.ek.ua/jpg/2248975.jpg,Groosha.ua,з Києва,13 717 .
Trek Procaliber 9.6 Gen 3,https://s.ek.ua/jpg/2887774.jpg,Velotime.com.ua,з Києва,136 900 .
Trek Procaliber 9.6 Gen 3,https://s.ek.ua/jpg/2887774.jpg,Velomarket.org.ua,з Києва,136 900 .
Cyclone Pro 1,https://s.ek.ua/jpg/2244719.jpg,VeloGO.com.ua,з Києва,71 896 .
Cyclone Pro 1,https://s.ek.ua/jpg/2244719.jpg,Rozetka.ua,з Києва,75 354 .
Discovery Prestige Woman 26,https://s.ek.ua/jpg/2694608.jpg,АЛЛО,Ужгород,8 020 .
Discovery Prestige Woman 26,https://s.ek.ua/jpg/2694608.jpg,Цифра,з Києва,8 020 .
Discovery Prestige Woman 26,https://s.ek.ua/jpg/2694608.jpg,Stylus.ua,з Києва,8 020 .
Discovery Prestige Woman 26,https://s.ek.ua/jpg/2694608.jpg,Kvshop.com.ua,з Києва,8 020 .
Discovery Prestige Woman 26,https://s.ek.ua/jpg/2694608.jpg,Groosha.ua,з Києва,8 020 .
Discovery Prestige Woman 26,https://s.ek.ua/jpg/2694608.jpg,Itbox.ua,з Києва,8 020 .
Discovery Prestige Woman 26,https://s.ek.ua/jpg/2694608.jpg,Brain.com.ua,з Києва,8 020 .
Trek Precaliber 24 8-speed Boys,https://s.ek.ua/jpg/1874352.jpg,Velotime.com.ua,з Києва,15 600 .
Trek Precaliber 24 8-speed Boys,https://s.ek.ua/jpg/1874352.jpg,Velomarket.org.ua,з Києва,15 600 .
Comanche Prairie Disc 27.5 frame 16,https://s.ek.ua/jpg/1317274.jpg,Velotime.com.ua,з Києва,18 993 .
Comanche Prairie Disc 27.5 frame 16,https://s.ek.ua/jpg/1317274.jpg,Velomarket.org.ua,з Києва,18 993 .
Comanche Prairie Disc 27.5 frame 16,https://s.ek.ua/jpg/1317274.jpg,Velotime.com.ua,з Києва,18 993 .
Comanche Prairie Comp 29 frame 21,https://s.ek.ua/jpg/2534151.jpg,Velotime.com.ua,з Києва,20 982 .
Comanche Prairie Comp 29 frame 21,https://s.ek.ua/jpg/2534151.jpg,Velomarket.org.ua,з Києва,20 982 .
Profi Power 1.0 26,https://s.ek.ua/jpg/2783576.jpg,MTA.ua,з Києва,12 099 .
Profi Power 1.0 26,https://s.ek.ua/jpg/2783576.jpg,Rozetka.ua,з Києва,10 758 .
Profi Power 1.0 26,https://s.ek.ua/jpg/2783576.jpg,Rozetka.ua,з Києва,19 334 .
Profi Power 1.0 26,https://s.ek.ua/jpg/2783576.jpg,Rozetka.ua,з Києва,19 394 .
Profi Power 1.0 26,https://s.ek.ua/jpg/2783576.jpg,Rozetka.ua,з Києва,16 049 .
Profi Power 1.0 26,https://s.ek.ua/jpg/2783576.jpg,Rozetka.ua,з Києва,10 521 .
Profi Power 1.0 26,https://s.ek.ua/jpg/2783576.jpg,Rozetka.ua,з Києва,11 420 .
Comanche Pony FS M,https://s.ek.ua/jpg/431557.jpg,Velotime.com.ua,з Києва,14 390 .
Comanche Pony FS M,https://s.ek.ua/jpg/431557.jpg,Velomarket.org.ua,з Києва,14 390 .
Comanche Pony FS M,https://s.ek.ua/jpg/431557.jpg,Velotime.com.ua,з Києва,14 390 .
Comanche Pony FS M,https://s.ek.ua/jpg/431557.jpg,Velomarket.org.ua,з Києва,14 390 .
Comanche Pony FS Lady,https://s.ek.ua/jpg/269945.jpg,Velotime.com.ua,з Києва,13 000 .
Comanche Pony FS Lady,https://s.ek.ua/jpg/269945.jpg,Velomarket.org.ua,з Києва,14 390 .
Comanche Pony FS Lady,https://s.ek.ua/jpg/269945.jpg,Velotime.com.ua,з Києва,14 390 .
Comanche Pony FS Lady,https://s.ek.ua/jpg/269945.jpg,Velotime.com.ua,з Києва,14 390 .
Comanche Pony FS Lady,https://s.ek.ua/jpg/269945.jpg,Velotime.com.ua,з Києва,14 390 .
Comanche Pony FS Lady,https://s.ek.ua/jpg/269945.jpg,Velomarket.org.ua,з Києва,14 390 .
Comanche Pony FS Lady,https://s.ek.ua/jpg/269945.jpg,Velomarket.org.ua,з Києва,13 000 .
Comanche Pony Comp M frame 14,https://s.ek.ua/jpg/1540062.jpg,Velotime.com.ua,з Києва,16 528 .
Comanche Pony Comp M frame 14,https://s.ek.ua/jpg/1540062.jpg,Velomarket.org.ua,з Києва,16 528 .
Comanche Pony Comp Lady frame 11,https://s.ek.ua/jpg/431531.jpg,Velotime.com.ua,з Києва,16 528 .
Comanche Pony Comp Lady frame 11,https://s.ek.ua/jpg/431531.jpg,Velomarket.org.ua,з Києва,16 528 .
Comanche Pony Comp Lady frame 11,https://s.ek.ua/jpg/431531.jpg,Velotime.com.ua,з Києва,16 528 .
Comanche Pony Comp Lady frame 11,https://s.ek.ua/jpg/431531.jpg,Velotime.com.ua,з Києва,14 390 .
Comanche Pony Comp Lady frame 11,https://s.ek.ua/jpg/431531.jpg,Velomarket.org.ua,з Києва,16 528 .
Comanche Pony Comp Lady frame 11,https://s.ek.ua/jpg/431531.jpg,Velomarket.org.ua,з Києва,14 390 .
Giant Pique 3,https://s.ek.ua/jpg/1522165.jpg,Velotime.com.ua,з Києва,117 030 .
Giant Pique 3,https://s.ek.ua/jpg/1522165.jpg,Velomarket.org.ua,з Києва,117 030 .
Corrado Piemont VB MTB 26,https://s.ek.ua/jpg/431466.jpg,АЛЛО,Ужгород,11 457 .
Corrado Piemont VB MTB 26,https://s.ek.ua/jpg/431466.jpg,Moyo.ua,Ужгород,11 457 .
Corrado Piemont VB MTB 26,https://s.ek.ua/jpg/431466.jpg,Rozetka.ua,з Києва,11 457 .
Corrado Piemont VB MTB 26,https://s.ek.ua/jpg/431466.jpg,АЛЛО,Ужгород,11 457 .
Corrado Piemont VB MTB 26,https://s.ek.ua/jpg/431466.jpg,Moyo.ua,Ужгород,11 457 .
Corrado Piemont VB MTB 26,https://s.ek.ua/jpg/431466.jpg,Moyo.ua,Ужгород,11 457 .
Corrado Piemont VB MTB 26,https://s.ek.ua/jpg/431466.jpg,Rozetka.ua,з Києва,11 457 .
Corrado Piemont DB MTB 26,https://s.ek.ua/jpg/431458.jpg,Rozetka.ua,з Києва,12 229 .
Corrado Piemont DB MTB 26,https://s.ek.ua/jpg/431458.jpg,Rozetka.ua,з Києва,11 738 .
Profi Phantom 26,https://s.ek.ua/jpg/2784644.jpg,Цифра,з Києва,11 037 .
Profi Phantom 26,https://s.ek.ua/jpg/2784644.jpg,MTA.ua,з Києва,8 799 .
Profi Phantom 26,https://s.ek.ua/jpg/2784644.jpg,Rozetka.ua,з Києва,15 772 .
Profi Phantom 26,https://s.ek.ua/jpg/2784644.jpg,Rozetka.ua,з Києва,13 039 .
Profi Phantom 26,https://s.ek.ua/jpg/2784644.jpg,Rozetka.ua,з Києва,8 845 .
Profi Phantom 26,https://s.ek.ua/jpg/2784644.jpg,Rozetka.ua,з Києва,13 864 .
Profi Phantom 26,https://s.ek.ua/jpg/2784644.jpg,Rozetka.ua,з Києва,11 750 .
Crossride Phantom 20,https://s.ek.ua/jpg/2848729.jpg,АЛЛО,Ужгород,6 347 .
Crossride Phantom 20,https://s.ek.ua/jpg/2848729.jpg,Moyo.ua,Ужгород,6 347 .
Crossride Phantom 20,https://s.ek.ua/jpg/2848729.jpg,Rozetka.ua,з Києва,6 347 .
Crossride Phantom 20,https://s.ek.ua/jpg/2848729.jpg,АЛЛО,Ужгород,6 347 .
Crossride Phantom 20,https://s.ek.ua/jpg/2848729.jpg,АЛЛО,Ужгород,6 347 .
Crossride Phantom 20,https://s.ek.ua/jpg/2848729.jpg,АЛЛО,Ужгород,6 347 .
Crossride Phantom 20,https://s.ek.ua/jpg/2848729.jpg,Moyo.ua,Ужгород,6 347 .
KTM Penny Lane 272,https://s.ek.ua/jpg/2784753.jpg,Velotime.com.ua,з Києва,30 960 .
KTM Penny Lane 272,https://s.ek.ua/jpg/2784753.jpg,Velomarket.org.ua,з Києва,30 960 .
KTM Penny Lane 272,https://s.ek.ua/jpg/2784753.jpg,VeloGO.com.ua,з Києва,30 960 .
KTM Penny Lane 271,https://s.ek.ua/jpg/2443381.jpg,Velotime.com.ua,з Києва,34 400 .
KTM Penny Lane 271,https://s.ek.ua/jpg/2443381.jpg,Velomarket.org.ua,з Києва,34 400 .
Ardis Pegi 26,https://s.ek.ua/jpg/1090737.jpg,АЛЛО,Ужгород,7 694 .
Ardis Pegi 26,https://s.ek.ua/jpg/1090737.jpg,Moyo.ua,Ужгород,7 694 .
Ardis Pegi 26,https://s.ek.ua/jpg/1090737.jpg,Rozetka.ua,з Києва,7 694 .
Author Pegas ASL 27.5,https://s.ek.ua/jpg/2500522.jpg,Velotime.com.ua,з Києва,35 700 .
Author Pegas ASL 27.5,https://s.ek.ua/jpg/2500522.jpg,Velomarket.org.ua,з Києва,35 700 .
Author Pegas ASL 27.5,https://s.ek.ua/jpg/2500522.jpg,Цифра,з Києва,35 700 .
Author Pegas ASL 27.5,https://s.ek.ua/jpg/2500522.jpg,Stylus.ua,з Києва,35 701 .
Author Pegas 29,https://s.ek.ua/jpg/2434232.jpg,Velotime.com.ua,з Києва,32 500 .
Author Pegas 29,https://s.ek.ua/jpg/2434232.jpg,Velomarket.org.ua,з Києва,32 500 .
Author Pegas 29,https://s.ek.ua/jpg/2434232.jpg,Цифра,з Києва,36 540 .
Author Pegas 29,https://s.ek.ua/jpg/2434232.jpg,Stylus.ua,з Києва,36 541 .
Author Pegas 27.5,https://s.ek.ua/jpg/2434381.jpg,Velotime.com.ua,з Києва,31 900 .
Author Pegas 27.5,https://s.ek.ua/jpg/2434381.jpg,Velomarket.org.ua,з Києва,31 900 .
Author Pegas 27.5,https://s.ek.ua/jpg/2434381.jpg,Цифра,з Києва,35 700 .
Author Pegas 27.5,https://s.ek.ua/jpg/2434381.jpg,Stylus.ua,з Києва,35 701 .
Author Pegas 27.5,https://s.ek.ua/jpg/2237030.jpg,Цифра,з Києва,36 411 .
Author Pegas 27.5,https://s.ek.ua/jpg/2237030.jpg,Stylus.ua,з Києва,36 411 .
Comanche Paracoa,https://s.ek.ua/jpg/271207.jpg,Velotime.com.ua,з Києва,17 823 .
Comanche Paracoa,https://s.ek.ua/jpg/271207.jpg,Velomarket.org.ua,з Києва,17 823 .
Ardis Paola 28,https://s.ek.ua/jpg/2872502.jpg,АЛЛО,Ужгород,8 256 .
Ardis Paola 28,https://s.ek.ua/jpg/2872502.jpg,Moyo.ua,Ужгород,10 278 .
Ardis Paola 28,https://s.ek.ua/jpg/2872502.jpg,Groosha.ua,з Києва,9 727 .
Ardis Paola 28,https://s.ek.ua/jpg/2872502.jpg,Rozetka.ua,з Києва,7 863 .
Ardis Paola 28,https://s.ek.ua/jpg/2872502.jpg,АЛЛО,Ужгород,7 863 .
Ardis Paola 28,https://s.ek.ua/jpg/2872502.jpg,Moyo.ua,Ужгород,7 863 .
Ardis Paola 28,https://s.ek.ua/jpg/2872502.jpg,Moyo.ua,Ужгород,8 256 .
Author Outset 26,https://s.ek.ua/jpg/2038731.jpg,Velotime.com.ua,з Києва,16 500 .
Author Outset 26,https://s.ek.ua/jpg/2038731.jpg,Velomarket.org.ua,з Києва,16 500 .
Author Outset 26,https://s.ek.ua/jpg/2038731.jpg,Velotime.com.ua,з Києва,16 500 .
Author Outset 26,https://s.ek.ua/jpg/2038731.jpg,Velotime.com.ua,з Києва,16 500 .
Comanche Orinoco Disc L 27.5 frame 17.5,https://s.ek.ua/jpg/2534004.jpg,Velotime.com.ua,з Києва,21 490 .
Comanche Orinoco Disc L 27.5 frame 17.5,https://s.ek.ua/jpg/2534004.jpg,Velomarket.org.ua,з Києва,21 490 .
Comanche Orinoco Disc L 27.5 frame 17.5,https://s.ek.ua/jpg/2534004.jpg,Velotime.com.ua,з Києва,21 490 .
Comanche Orinoco Disc L 27.5 frame 17.5,https://s.ek.ua/jpg/2534004.jpg,Velomarket.org.ua,з Києва,21 490 .
Comanche Orinoco Comp L 27.5 frame 19,https://s.ek.ua/jpg/2534024.jpg,Velotime.com.ua,з Києва,24 866 .
Comanche Orinoco Comp L 27.5 frame 19,https://s.ek.ua/jpg/2534024.jpg,Velomarket.org.ua,з Києва,24 866 .
Corso Optima 24,https://s.ek.ua/jpg/2873077.jpg,Цифра,з Києва,7 148 .
Corso Optima 24,https://s.ek.ua/jpg/2873077.jpg,Rozetka.ua,з Києва,7 600 .
Corso Optima 24,https://s.ek.ua/jpg/2873077.jpg,Цифра,з Києва,7 148 .
Corso Optima 24,https://s.ek.ua/jpg/2873077.jpg,Rozetka.ua,з Києва,7 600 .
Corso Optima 24,https://s.ek.ua/jpg/2873077.jpg,Rozetka.ua,з Києва,7 450 .
Corso Optima 24,https://s.ek.ua/jpg/2873077.jpg,Rozetka.ua,з Києва,7 450 .
Corso Optima 24,https://s.ek.ua/jpg/2873077.jpg,Rozetka.ua,з Києва,7 450 .
Comanche Ontario Sport L frame 13,https://s.ek.ua/jpg/1877725.jpg,Velotime.com.ua,з Києва,17 066 .
Comanche Ontario Sport L frame 13,https://s.ek.ua/jpg/1877725.jpg,Velomarket.org.ua,з Києва,17 066 .
Comanche Ontario Sport L frame 13,https://s.ek.ua/jpg/1877725.jpg,Rozetka.ua,з Києва,17 919 .
Comanche Ontario Sport Comp frame 13,https://s.ek.ua/jpg/1877750.jpg,Velotime.com.ua,з Києва,20 966 .
Comanche Ontario Sport Comp frame 13,https://s.ek.ua/jpg/1877750.jpg,Velomarket.org.ua,з Києва,20 966 .
Comanche Ontario Sport Comp frame 13,https://s.ek.ua/jpg/1877750.jpg,Rozetka.ua,з Києва,22 014 .
Comanche Ontario L frame 13,https://s.ek.ua/jpg/1877988.jpg,Velotime.com.ua,з Києва,11 817 .
Comanche Ontario L frame 13,https://s.ek.ua/jpg/1877988.jpg,Velomarket.org.ua,з Києва,11 817 .
Comanche Ontario Fly 1.3 frame 13,https://s.ek.ua/jpg/2533956.jpg,Velotime.com.ua,з Києва,14 781 .
Comanche Ontario Fly 1.3 frame 13,https://s.ek.ua/jpg/2533956.jpg,Velomarket.org.ua,з Києва,14 781 .
Comanche Ontario Fly 1.3 frame 13,https://s.ek.ua/jpg/2533956.jpg,Rozetka.ua,з Києва,15 520 .
Comanche Ontario Fly 1.3 frame 13,https://s.ek.ua/jpg/2533956.jpg,Rozetka.ua,з Києва,15 520 .
Comanche Ontario Disc frame 13,https://s.ek.ua/jpg/1877647.jpg,Velotime.com.ua,з Києва,18 693 .
Comanche Ontario Disc frame 13,https://s.ek.ua/jpg/1877647.jpg,Velomarket.org.ua,з Києва,18 693 .
Comanche Ontario Disc frame 13,https://s.ek.ua/jpg/1877647.jpg,Rozetka.ua,з Києва,19 628 .
Comanche Ontario Disc frame 13,https://s.ek.ua/jpg/1877647.jpg,Velotime.com.ua,з Києва,18 693 .
Comanche Ontario Disc frame 13,https://s.ek.ua/jpg/1877647.jpg,Velomarket.org.ua,з Києва,18 693 .
Comanche Ontario Disc frame 13,https://s.ek.ua/jpg/1877647.jpg,Rozetka.ua,з Києва,19 628 .
Comanche Ontario Comp Disc 1.2 frame 13,https://s.ek.ua/jpg/2534166.jpg,Velotime.com.ua,з Києва,18 693 .
Comanche Ontario Comp Disc 1.2 frame 13,https://s.ek.ua/jpg/2534166.jpg,Velomarket.org.ua,з Києва,18 693 .
Merida One-Twenty 700,https://s.ek.ua/jpg/2871482.jpg,Velotime.com.ua,з Києва,140 910 .
Merida One-Twenty 700,https://s.ek.ua/jpg/2871482.jpg,Velomarket.org.ua,з Києва,140 910 .
Merida One-Twenty 700,https://s.ek.ua/jpg/2871482.jpg,VeloGO.com.ua,з Києва,140 910 .
Merida One-Twenty 700,https://s.ek.ua/jpg/2871482.jpg,Velotime.com.ua,з Києва,140 910 .
Merida One-Twenty 700,https://s.ek.ua/jpg/2871482.jpg,Velomarket.org.ua,з Києва,140 910 .
Merida One-Twenty 700,https://s.ek.ua/jpg/2871482.jpg,VeloGO.com.ua,з Києва,140 910 .
Merida One-Twenty 600,https://s.ek.ua/jpg/2871467.jpg,Velotime.com.ua,з Києва,106 176 .
Merida One-Twenty 600,https://s.ek.ua/jpg/2871467.jpg,Velomarket.org.ua,з Києва,106 176 .
Merida One-Twenty 600,https://s.ek.ua/jpg/2871467.jpg,VeloGO.com.ua,з Києва,106 176 .
Merida One-Twenty 600,https://s.ek.ua/jpg/2871467.jpg,Velotime.com.ua,з Києва,106 176 .
Merida One-Twenty 600,https://s.ek.ua/jpg/2871467.jpg,Velomarket.org.ua,з Києва,106 176 .
Merida One-Twenty 600,https://s.ek.ua/jpg/2871467.jpg,VeloGO.com.ua,з Києва,106 176 .
Merida One-Twenty 600,https://s.ek.ua/jpg/2437729.jpg,VeloGO.com.ua,з Києва,112 686 .
Merida One-Twenty 600,https://s.ek.ua/jpg/2437729.jpg,VeloGO.com.ua,з Києва,90 149 .
Merida One-Twenty 300,https://s.ek.ua/jpg/2871444.jpg,Velotime.com.ua,з Києва,80 640 .
Merida One-Twenty 300,https://s.ek.ua/jpg/2871444.jpg,Velomarket.org.ua,з Києва,80 640 .
Merida One-Twenty 300,https://s.ek.ua/jpg/2871444.jpg,VeloGO.com.ua,з Києва,80 640 .
Merida One-Twenty 300,https://s.ek.ua/jpg/2871444.jpg,Velotime.com.ua,з Києва,80 640 .
Merida One-Twenty 300,https://s.ek.ua/jpg/2871444.jpg,Velomarket.org.ua,з Києва,80 640 .
Merida One-Twenty 300,https://s.ek.ua/jpg/2871444.jpg,VeloGO.com.ua,з Києва,80 640 .
Merida One-Sixty FR 800,https://s.ek.ua/jpg/2871301.jpg,Velotime.com.ua,з Києва,166 236 .
Merida One-Sixty FR 800,https://s.ek.ua/jpg/2871301.jpg,Velomarket.org.ua,з Києва,166 236 .
Merida One-Sixty FR 800,https://s.ek.ua/jpg/2871301.jpg,VeloGO.com.ua,з Києва,166 236 .
Merida One-Sixty FR 800,https://s.ek.ua/jpg/2871301.jpg,Velotime.com.ua,з Києва,166 236 .
Merida One-Sixty FR 800,https://s.ek.ua/jpg/2871301.jpg,Velomarket.org.ua,з Києва,166 236 .
Merida One-Sixty FR 800,https://s.ek.ua/jpg/2871301.jpg,VeloGO.com.ua,з Києва,166 236 .
Merida One-Sixty FR 400,https://s.ek.ua/jpg/2871272.jpg,Velotime.com.ua,з Києва,109 452 .
Merida One-Sixty FR 400,https://s.ek.ua/jpg/2871272.jpg,Velomarket.org.ua,з Києва,109 452 .
Merida One-Sixty FR 400,https://s.ek.ua/jpg/2871272.jpg,VeloGO.com.ua,з Києва,109 452 .
Merida One-Sixty 500,https://s.ek.ua/jpg/2656042.jpg,Velotime.com.ua,з Києва,115 836 .
Merida One-Sixty 500,https://s.ek.ua/jpg/2656042.jpg,Velomarket.org.ua,з Києва,115 836 .
Merida One-Forty 500,https://s.ek.ua/jpg/2656013.jpg,Velotime.com.ua,з Києва,109 578 .
Merida One-Forty 500,https://s.ek.ua/jpg/2656013.jpg,Velomarket.org.ua,з Києва,109 578 .
Merida One-Forty 500,https://s.ek.ua/jpg/2656013.jpg,VeloGO.com.ua,з Києва,109 578 .
Merida One-Forty 400,https://s.ek.ua/jpg/2544288.jpg,Velotime.com.ua,з Києва,90 930 .
Merida One-Forty 400,https://s.ek.ua/jpg/2544288.jpg,Velomarket.org.ua,з Києва,90 930 .
Merida One-Forty 400,https://s.ek.ua/jpg/2544288.jpg,VeloGO.com.ua,з Києва,90 930 .
ORBEA Oiz H20 29,https://s.ek.ua/jpg/2016642.jpg,АЛЛО,Ужгород,131 181 .
ORBEA Oiz H20 29,https://s.ek.ua/jpg/2016642.jpg,VeloGO.com.ua,з Києва,109 318 .
ORBEA Oiz H20 29,https://s.ek.ua/jpg/2016642.jpg,Palladium.ua,з Києва,109 318 .
ORBEA Oiz H20 29,https://s.ek.ua/jpg/2016642.jpg,Groosha.ua,з Києва,109 318 .
ORBEA Oiz H20 29,https://s.ek.ua/jpg/2016642.jpg,Mobitek.com.ua,з Києва,108 225 .
ORBEA Oiz H20 29,https://s.ek.ua/jpg/2016642.jpg,Rozetka.ua,з Києва,109 318 .
Bianchi Off-Road Magma 9.2 Alivio Mix,https://s.ek.ua/jpg/2531106.jpg,VeloGO.com.ua,з Києва,31 200 .
Bianchi Off-Road Magma 9.2 Alivio Mix,https://s.ek.ua/jpg/2531106.jpg,VeloGO.com.ua,з Києва,31 200 .
GHOST Nirvana Tour Essential 27.5,https://s.ek.ua/jpg/2402304.jpg,Velotime.com.ua,з Києва,43 645 .
GHOST Nirvana Tour Essential 27.5,https://s.ek.ua/jpg/2402304.jpg,Velomarket.org.ua,з Києва,43 645 .
Merida Ninety-Six 4000,https://s.ek.ua/jpg/2861448.jpg,Velotime.com.ua,з Києва,87 486 .
Merida Ninety-Six 4000,https://s.ek.ua/jpg/2861448.jpg,Velomarket.org.ua,з Києва,87 486 .
Merida Ninety-Six 4000,https://s.ek.ua/jpg/2861448.jpg,VeloGO.com.ua,з Києва,87 486 .
Marin Nicasio +,https://s.ek.ua/jpg/2701933.jpg,Velomarket.org.ua,з Києва,34 860 .
Marin Nicasio +,https://s.ek.ua/jpg/2701933.jpg,VeloGO.com.ua,з Києва,34 860 .
Marin Nicasio +,https://s.ek.ua/jpg/2701933.jpg,Цифра,з Києва,34 860 .
Marin Nicasio +,https://s.ek.ua/jpg/2701933.jpg,Stylus.ua,з Києва,34 860 .
Marin Nicasio +,https://s.ek.ua/jpg/2701933.jpg,Axm.com.ua,з Харкова,35 800 .
Marin Nicasio +,https://s.ek.ua/jpg/2701933.jpg,Enko.com.ua,з Кривого Рогу,34 860 .
Marin Nicasio +,https://s.ek.ua/jpg/2701933.jpg,Rozetka.ua,з Києва,34 860 .
FUJI Nevada 29 1.5,https://s.ek.ua/jpg/2057966.jpg,Velotime.com.ua,з Києва,24 900 .
FUJI Nevada 29 1.5,https://s.ek.ua/jpg/2057966.jpg,Synthetic.ua,з Луцька,22 999 .
FUJI Nevada 29 1.5,https://s.ek.ua/jpg/2057966.jpg,Velotime.com.ua,з Києва,24 900 .
Apollo Neo 20 6s Boys,https://s.ek.ua/jpg/2243782.jpg,Velomarket.org.ua,з Києва,12 558 .
Apollo Neo 20 6s Boys,https://s.ek.ua/jpg/2243782.jpg,VeloGO.com.ua,з Києва,12 558 .
Apollo Neo 20 6s Boys,https://s.ek.ua/jpg/2243782.jpg,Цифра,з Києва,12 181 .
Apollo Neo 20 6s Boys,https://s.ek.ua/jpg/2243782.jpg,Enko.com.ua,з Кривого Рогу,12 181 .
Apollo Neo 20 6s Boys,https://s.ek.ua/jpg/2243782.jpg,Groosha.ua,з Києва,12 558 .
Apollo Neo 20 6s Boys,https://s.ek.ua/jpg/2243782.jpg,Rozetka.ua,з Києва,12 558 .
Apollo Neo 20 6s Boys,https://s.ek.ua/jpg/2243782.jpg,Rozetka.ua,з Києва,12 558 .
Corrado Namito 1.0 Dirt Jump,https://s.ek.ua/jpg/431861.jpg,Moyo.ua,Ужгород,17 354 .
Corrado Namito 1.0 Dirt Jump,https://s.ek.ua/jpg/431861.jpg,Rozetka.ua,з Києва,16 999 .
Corrado Namito 1.0 Dirt Jump,https://s.ek.ua/jpg/431861.jpg,Rozetka.ua,з Києва,17 439 .
ORBEA MX 50 27.5,https://s.ek.ua/jpg/1876571.jpg,АЛЛО,Ужгород,28 577 .
ORBEA MX 50 27.5,https://s.ek.ua/jpg/1876571.jpg,VeloGO.com.ua,з Києва,22 863 .
ORBEA MX 50 27.5,https://s.ek.ua/jpg/1876571.jpg,Palladium.ua,з Києва,22 863 .
ORBEA MX 50 27.5,https://s.ek.ua/jpg/1876571.jpg,Mobitek.com.ua,з Києва,22 634 .
ORBEA MX 50 27.5,https://s.ek.ua/jpg/1876571.jpg,Rozetka.ua,з Києва,22 863 .
ORBEA MX 40 29,https://s.ek.ua/jpg/1876499.jpg,АЛЛО,Ужгород,32 434 .
ORBEA MX 40 29,https://s.ek.ua/jpg/1876499.jpg,VeloGO.com.ua,з Києва,27 029 .
ORBEA MX 40 29,https://s.ek.ua/jpg/1876499.jpg,Rozetka.ua,з Києва,27 029 .
ORBEA MX 40 27.5,https://s.ek.ua/jpg/1876484.jpg,АЛЛО,Ужгород,32 434 .
ORBEA MX 40 27.5,https://s.ek.ua/jpg/1876484.jpg,VeloGO.com.ua,з Києва,27 029 .
ORBEA MX 40 27.5,https://s.ek.ua/jpg/1876484.jpg,Palladium.ua,з Києва,27 029 .
ORBEA MX 40 27.5,https://s.ek.ua/jpg/1876484.jpg,Mobitek.com.ua,з Києва,26 759 .
ORBEA MX 40 27.5,https://s.ek.ua/jpg/1876484.jpg,Rozetka.ua,з Києва,27 029 .
ORBEA MX 40 27.5,https://s.ek.ua/jpg/1876484.jpg,АЛЛО,Ужгород,32 434 .
ORBEA MX 40 27.5,https://s.ek.ua/jpg/1876484.jpg,VeloGO.com.ua,з Києва,27 029 .
ORBEA MX 27 ENT XC,https://s.ek.ua/jpg/2872556.jpg,АЛЛО,Ужгород,34 953 .
ORBEA MX 27 ENT XC,https://s.ek.ua/jpg/2872556.jpg,VeloGO.com.ua,з Києва,29 128 .
ORBEA MX 27 ENT XC,https://s.ek.ua/jpg/2872556.jpg,Palladium.ua,з Києва,29 128 .
ORBEA MX 27 ENT XC,https://s.ek.ua/jpg/2872556.jpg,Groosha.ua,з Києва,29 128 .
ORBEA MX 27 ENT XC,https://s.ek.ua/jpg/2872556.jpg,Mobitek.com.ua,з Києва,28 837 .
ORBEA MX 27 ENT XC,https://s.ek.ua/jpg/2872556.jpg,Rozetka.ua,з Києва,29 128 .
ORBEA MX 27 ENT XC,https://s.ek.ua/jpg/2872556.jpg,Groosha.ua,з Києва,29 128 .
Marin Muirwoods,https://s.ek.ua/jpg/2384191.jpg,VeloGO.com.ua,з Києва,31 038 .
Marin Muirwoods,https://s.ek.ua/jpg/2384191.jpg,Цифра,з Києва,31 039 .
Marin Muirwoods,https://s.ek.ua/jpg/2384191.jpg,Stylus.ua,з Києва,31 039 .
Marin Muirwoods,https://s.ek.ua/jpg/2384191.jpg,Enko.com.ua,з Кривого Рогу,31 038 .
E-Motion MTB 29 GT 48V 24Ah 700W,https://s.ek.ua/jpg/2873015.jpg,Rozetka.ua,з Києва,52 406 .
E-Motion MTB 29 GT 48V 24Ah 700W,https://s.ek.ua/jpg/2873015.jpg,Rozetka.ua,з Києва,52 406 .
E-Motion MTB 29 GT 48V 24Ah 700W,https://s.ek.ua/jpg/2873015.jpg,Rozetka.ua,з Києва,52 406 .
E-Motion MTB 29 GT 48V 24Ah 700W,https://s.ek.ua/jpg/2873015.jpg,Rozetka.ua,з Києва,54 713 .
E-Motion MTB 29 GT 48V 24Ah 700W,https://s.ek.ua/jpg/2873015.jpg,Rozetka.ua,з Києва,54 713 .
E-Motion MTB 29 GT 48V 22Ah 700W,https://s.ek.ua/jpg/2873012.jpg,Rozetka.ua,з Києва,48 557 .
E-Motion MTB 29 GT 48V 22Ah 700W,https://s.ek.ua/jpg/2873012.jpg,Rozetka.ua,з Києва,48 557 .
E-Motion MTB 29 GT 48V 22Ah 700W,https://s.ek.ua/jpg/2873012.jpg,Rozetka.ua,з Києва,51 214 .
E-Motion MTB 29 GT 48V 22Ah 700W,https://s.ek.ua/jpg/2873012.jpg,Rozetka.ua,з Києва,48 557 .
E-Motion MTB 29 GT 48V 22Ah 700W,https://s.ek.ua/jpg/2873012.jpg,Rozetka.ua,з Києва,48 557 .
E-Motion MTB 29 GT 48V 22Ah 700W,https://s.ek.ua/jpg/2873012.jpg,Rozetka.ua,з Києва,51 214 .
E-Motion MTB 29 GT 48V 22Ah 700W,https://s.ek.ua/jpg/2873012.jpg,Rozetka.ua,з Києва,50 873 .
E-Motion MTB 29 GT 48V 21Ah 500W,https://s.ek.ua/jpg/2873016.jpg,Rozetka.ua,з Києва,49 681 .
E-Motion MTB 29 GT 48V 21Ah 500W,https://s.ek.ua/jpg/2873016.jpg,Rozetka.ua,з Києва,49 681 .
E-Motion MTB 29 GT 48V 21Ah 500W,https://s.ek.ua/jpg/2873016.jpg,Rozetka.ua,з Києва,47 026 .
Giant Momentum Vida,https://s.ek.ua/jpg/2749613.jpg,Velotime.com.ua,з Києва,29 610 .
Giant Momentum Vida,https://s.ek.ua/jpg/2749613.jpg,Velomarket.org.ua,з Києва,29 610 .
Giant Momentum Vida,https://s.ek.ua/jpg/2749613.jpg,Velotime.com.ua,з Києва,29 610 .
Giant Momentum Vida,https://s.ek.ua/jpg/2749613.jpg,Velomarket.org.ua,з Києва,29 610 .
Giant Momentum PakAway 2,https://s.ek.ua/jpg/2749048.jpg,Velotime.com.ua,з Києва,24 570 .
Giant Momentum PakAway 2,https://s.ek.ua/jpg/2749048.jpg,Velomarket.org.ua,з Києва,24 570 .
Giant Momentum PakAway 2,https://s.ek.ua/jpg/2749048.jpg,Velotime.com.ua,з Києва,24 570 .
Giant Momentum PakAway 2,https://s.ek.ua/jpg/2749048.jpg,Velomarket.org.ua,з Києва,24 570 .
Giant Momentum PakAway 1,https://s.ek.ua/jpg/2210240.jpg,Velotime.com.ua,з Києва,26 460 .
Giant Momentum PakAway 1,https://s.ek.ua/jpg/2210240.jpg,Velomarket.org.ua,з Києва,26 460 .
Giant Momentum iNeed Street Mid-Step,https://s.ek.ua/jpg/2502674.jpg,Velotime.com.ua,з Києва,22 680 .
Giant Momentum iNeed Street Mid-Step,https://s.ek.ua/jpg/2502674.jpg,Velomarket.org.ua,з Києва,22 680 .
Merida Mission CX 5000,https://s.ek.ua/jpg/1576237.jpg,Velotime.com.ua,з Києва,101 682 .
Merida Mission CX 5000,https://s.ek.ua/jpg/1576237.jpg,Velomarket.org.ua,з Києва,101 682 .
Merida Mission CX 5000,https://s.ek.ua/jpg/1576237.jpg,VeloGO.com.ua,з Києва,102 887 .
Merida Mission CX 5000,https://s.ek.ua/jpg/1576237.jpg,Velotime.com.ua,з Києва,101 682 .
Merida Mission CX 5000,https://s.ek.ua/jpg/1576237.jpg,Velomarket.org.ua,з Києва,101 682 .
Pride Mini 3,https://s.ek.ua/jpg/2784598.jpg,Velomarket.org.ua,з Києва,19 698 .
Pride Mini 3,https://s.ek.ua/jpg/2784598.jpg,VeloGO.com.ua,з Києва,19 698 .
Pride Mini 3,https://s.ek.ua/jpg/2784598.jpg,Цифра,з Києва,19 699 .
Pride Mini 3,https://s.ek.ua/jpg/2784598.jpg,Stylus.ua,з Києва,19 699 .
Pride Mini 3,https://s.ek.ua/jpg/2784598.jpg,Axm.com.ua,з Харкова,18 760 .
Pride Mini 3,https://s.ek.ua/jpg/2784598.jpg,Groosha.ua,з Києва,19 698 .
Pride Mini 3,https://s.ek.ua/jpg/2784598.jpg,Enko.com.ua,з Кривого Рогу,18 760 .
Comanche Maxima S-Pro 29 frame 21,https://s.ek.ua/jpg/2534179.jpg,Velotime.com.ua,з Києва,38 961 .
Comanche Maxima S-Pro 29 frame 21,https://s.ek.ua/jpg/2534179.jpg,Velomarket.org.ua,з Києва,38 961 .
Merida Matts J. Champion,https://s.ek.ua/jpg/2653076.jpg,Velotime.com.ua,з Києва,38 136 .
Merida Matts J. Champion,https://s.ek.ua/jpg/2653076.jpg,Velomarket.org.ua,з Києва,38 136 .
Merida Matts J.24+,https://s.ek.ua/jpg/2162528.jpg,Velotime.com.ua,з Києва,24 108 .
Merida Matts J.24+,https://s.ek.ua/jpg/2162528.jpg,Velomarket.org.ua,з Києва,24 108 .
Merida Matts J.24+,https://s.ek.ua/jpg/2162528.jpg,VeloGO.com.ua,з Києва,24 108 .
Merida Matts J.24+,https://s.ek.ua/jpg/2162528.jpg,Velotime.com.ua,з Києва,24 108 .
Merida Matts J.24+,https://s.ek.ua/jpg/2162528.jpg,Velotime.com.ua,з Києва,24 108 .
Merida Matts J.24+,https://s.ek.ua/jpg/2162528.jpg,Velomarket.org.ua,з Києва,24 108 .
Merida Matts J.24+,https://s.ek.ua/jpg/2162528.jpg,Velomarket.org.ua,з Києва,24 108 .
Merida Matts J.24,https://s.ek.ua/jpg/2861401.jpg,Velotime.com.ua,з Києва,24 612 .
Merida Matts J.24,https://s.ek.ua/jpg/2861401.jpg,Velomarket.org.ua,з Києва,24 612 .
Merida Matts J.24,https://s.ek.ua/jpg/2861401.jpg,VeloGO.com.ua,з Києва,24 612 .
Merida Matts J.24,https://s.ek.ua/jpg/2861401.jpg,Velotime.com.ua,з Києва,24 612 .
Merida Matts J.24,https://s.ek.ua/jpg/2861401.jpg,Velotime.com.ua,з Києва,24 612 .
Merida Matts J.24,https://s.ek.ua/jpg/2861401.jpg,Velomarket.org.ua,з Києва,24 612 .
Merida Matts J.24,https://s.ek.ua/jpg/2861401.jpg,Velomarket.org.ua,з Києва,24 612 .
Merida Matts J.24,https://s.ek.ua/jpg/2653075.jpg,Velotime.com.ua,з Києва,24 822 .
Merida Matts J.24,https://s.ek.ua/jpg/2653075.jpg,Velomarket.org.ua,з Києва,24 822 .
Merida Matts J.24,https://s.ek.ua/jpg/2653075.jpg,Velotime.com.ua,з Києва,24 822 .
Merida Matts J.24,https://s.ek.ua/jpg/2653075.jpg,Velotime.com.ua,з Києва,24 822 .
Merida Matts J.24,https://s.ek.ua/jpg/2653075.jpg,Velomarket.org.ua,з Києва,24 822 .
Merida Matts J.24,https://s.ek.ua/jpg/2653075.jpg,Velomarket.org.ua,з Києва,24 822 .
Merida Matts 7.70,https://s.ek.ua/jpg/2406097.jpg,Velotime.com.ua,з Києва,34 272 .
Merida Matts 7.70,https://s.ek.ua/jpg/2406097.jpg,Velomarket.org.ua,з Києва,34 272 .
Merida Matts 7.70,https://s.ek.ua/jpg/2406097.jpg,VeloGO.com.ua,з Києва,32 844 .
Merida Matts 7.70,https://s.ek.ua/jpg/2406097.jpg,Velotime.com.ua,з Києва,32 844 .
Merida Matts 7.70,https://s.ek.ua/jpg/2406097.jpg,Velotime.com.ua,з Києва,32 844 .
Merida Matts 7.70,https://s.ek.ua/jpg/2406097.jpg,Velomarket.org.ua,з Києва,32 844 .
Merida Matts 7.70,https://s.ek.ua/jpg/2406097.jpg,Velomarket.org.ua,з Києва,32 844 .
Merida Matts 7.70,https://s.ek.ua/jpg/1992138.jpg,Velotime.com.ua,з Києва,28 560 .
Merida Matts 7.70,https://s.ek.ua/jpg/1992138.jpg,Velomarket.org.ua,з Києва,28 560 .
Merida Matts 7.70,https://s.ek.ua/jpg/1992138.jpg,Velotime.com.ua,з Києва,28 560 .
Merida Matts 7.70,https://s.ek.ua/jpg/1992138.jpg,Velomarket.org.ua,з Києва,28 560 .
Merida Matts 7.60-2x,https://s.ek.ua/jpg/2406284.jpg,Velotime.com.ua,з Києва,28 476 .
Merida Matts 7.60-2x,https://s.ek.ua/jpg/2406284.jpg,Velomarket.org.ua,з Києва,28 476 .
Merida Matts 7.60-2x,https://s.ek.ua/jpg/2406284.jpg,VeloGO.com.ua,з Києва,28 476 .
Merida Matts 7.60 - 2x,https://s.ek.ua/jpg/2002721.jpg,Velotime.com.ua,з Києва,26 168 .
Merida Matts 7.60 - 2x,https://s.ek.ua/jpg/2002721.jpg,Velomarket.org.ua,з Києва,26 168 .
Merida Matts 7.30,https://s.ek.ua/jpg/2406078.jpg,Velotime.com.ua,з Києва,25 494 .
Merida Matts 7.30,https://s.ek.ua/jpg/2406078.jpg,Velomarket.org.ua,з Києва,25 494 .
Merida Matts 7.30,https://s.ek.ua/jpg/2406078.jpg,VeloGO.com.ua,з Києва,25 494 .
Merida Matts 7.30,https://s.ek.ua/jpg/2406078.jpg,Velotime.com.ua,з Києва,25 494 .
Merida Matts 7.30,https://s.ek.ua/jpg/2406078.jpg,Velomarket.org.ua,з Києва,25 494 .
Merida Matts 7.30,https://s.ek.ua/jpg/2406078.jpg,VeloGO.com.ua,з Києва,25 494 .
Merida Matts 70,https://s.ek.ua/jpg/2647676.jpg,Velotime.com.ua,з Києва,35 490 .
Merida Matts 70,https://s.ek.ua/jpg/2647676.jpg,Velomarket.org.ua,з Києва,35 490 .
Merida Matts 70,https://s.ek.ua/jpg/2647676.jpg,VeloGO.com.ua,з Києва,35 490 .
Merida Matts 70,https://s.ek.ua/jpg/2647676.jpg,Velotime.com.ua,з Києва,35 490 .
Merida Matts 70,https://s.ek.ua/jpg/2647676.jpg,Velomarket.org.ua,з Києва,35 490 .
Merida Matts 70,https://s.ek.ua/jpg/2647676.jpg,VeloGO.com.ua,з Києва,35 490 .
Merida Matts 60,https://s.ek.ua/jpg/2622353.jpg,Velotime.com.ua,з Києва,32 886 .
Merida Matts 60,https://s.ek.ua/jpg/2622353.jpg,Velomarket.org.ua,з Києва,32 886 .
Merida Matts 60,https://s.ek.ua/jpg/2622353.jpg,VeloGO.com.ua,з Києва,32 886 .
Merida Matts 60,https://s.ek.ua/jpg/2622353.jpg,Velotime.com.ua,з Києва,32 886 .
Merida Matts 60,https://s.ek.ua/jpg/2622353.jpg,Velomarket.org.ua,з Києва,32 886 .
Merida Matts 60,https://s.ek.ua/jpg/2622353.jpg,VeloGO.com.ua,з Києва,32 886 .
Merida Matts 20,https://s.ek.ua/jpg/2622319.jpg,Velotime.com.ua,з Києва,27 006 .
Merida Matts 20,https://s.ek.ua/jpg/2622319.jpg,Velomarket.org.ua,з Києва,27 006 .
Merida Matts 20,https://s.ek.ua/jpg/2622319.jpg,VeloGO.com.ua,з Києва,27 006 .
Merida Matts 20,https://s.ek.ua/jpg/2622319.jpg,Velotime.com.ua,з Києва,27 006 .
Merida Matts 20,https://s.ek.ua/jpg/2622319.jpg,Velomarket.org.ua,з Києва,27 006 .
Pride Marvel 7.3,https://s.ek.ua/jpg/2861068.jpg,Velomarket.org.ua,з Києва,21 840 .
Pride Marvel 7.3,https://s.ek.ua/jpg/2861068.jpg,VeloGO.com.ua,з Києва,21 840 .
Pride Marvel 7.3,https://s.ek.ua/jpg/2861068.jpg,Цифра,з Києва,21 840 .
Pride Marvel 7.3,https://s.ek.ua/jpg/2861068.jpg,Stylus.ua,з Києва,21 840 .
Pride Marvel 7.3,https://s.ek.ua/jpg/2861068.jpg,Enko.com.ua,з Кривого Рогу,21 840 .
Pride Marvel 7.3,https://s.ek.ua/jpg/2861068.jpg,Groosha.ua,з Києва,21 840 .
Pride Marvel 7.3,https://s.ek.ua/jpg/2861068.jpg,MTA.ua,з Києва,21 840 .
Pride Marvel 7.3,https://s.ek.ua/jpg/2249576.jpg,Velomarket.org.ua,з Києва,20 147 .
Pride Marvel 7.3,https://s.ek.ua/jpg/2249576.jpg,VeloGO.com.ua,з Києва,20 147 .
Pride Marvel 7.3,https://s.ek.ua/jpg/2249576.jpg,Groosha.ua,з Києва,20 147 .
Pride Marvel 7.3,https://s.ek.ua/jpg/2249576.jpg,Enko.com.ua,з Кривого Рогу,20 147 .
Pride Marvel 7.3,https://s.ek.ua/jpg/2249576.jpg,Rozetka.ua,з Києва,20 513 .
Pride Marvel 7.3,https://s.ek.ua/jpg/2249576.jpg,Rozetka.ua,з Києва,25 830 .
Pride Marvel 7.3,https://s.ek.ua/jpg/2249584.jpg,Velomarket.org.ua,з Києва,20 147 .
Pride Marvel 7.3,https://s.ek.ua/jpg/2249584.jpg,VeloGO.com.ua,з Києва,20 147 .
Pride Marvel 7.3,https://s.ek.ua/jpg/2249584.jpg,Цифра,з Києва,20 147 .
Pride Marvel 7.3,https://s.ek.ua/jpg/2249584.jpg,Stylus.ua,з Києва,20 147 .
Pride Marvel 7.3,https://s.ek.ua/jpg/2249584.jpg,Groosha.ua,з Києва,20 147 .
Pride Marvel 7.3,https://s.ek.ua/jpg/2249584.jpg,Enko.com.ua,з Кривого Рогу,20 147 .
Pride Marvel 7.3,https://s.ek.ua/jpg/2249584.jpg,Rozetka.ua,з Києва,20 513 .
Pride Marvel 7.2 Microshift,https://s.ek.ua/jpg/2398917.jpg,Velomarket.org.ua,з Києва,17 388 .
Pride Marvel 7.2 Microshift,https://s.ek.ua/jpg/2398917.jpg,VeloGO.com.ua,з Києва,17 388 .
Pride Marvel 7.2 Microshift,https://s.ek.ua/jpg/2398917.jpg,Groosha.ua,з Києва,17 388 .
Pride Marvel 7.2 Microshift,https://s.ek.ua/jpg/2398917.jpg,Enko.com.ua,з Кривого Рогу,17 388 .
Pride Marvel 7.2 Microshift,https://s.ek.ua/jpg/2398917.jpg,Rozetka.ua,з Києва,17 388 .
Pride Marvel 7.2 Microshift,https://s.ek.ua/jpg/2398917.jpg,Rozetka.ua,з Києва,19 320 .
Pride Marvel 7.2,https://s.ek.ua/jpg/2850560.jpg,Velomarket.org.ua,з Києва,18 862 .
Pride Marvel 7.2,https://s.ek.ua/jpg/2850560.jpg,VeloGO.com.ua,з Києва,18 862 .
Pride Marvel 7.2,https://s.ek.ua/jpg/2850560.jpg,Цифра,з Києва,18 862 .
Pride Marvel 7.2,https://s.ek.ua/jpg/2850560.jpg,Stylus.ua,з Києва,18 862 .
Pride Marvel 7.2,https://s.ek.ua/jpg/2850560.jpg,Enko.com.ua,з Кривого Рогу,18 862 .
Pride Marvel 7.2,https://s.ek.ua/jpg/2850560.jpg,MTA.ua,з Києва,18 862 .
Pride Marvel 7.2,https://s.ek.ua/jpg/2850560.jpg,Rozetka.ua,з Києва,20 958 .
Trek Marlin 6 Gen 3 27.5,https://s.ek.ua/jpg/2537334.jpg,Velotime.com.ua,з Києва,41 900 .
Trek Marlin 6 Gen 3 27.5,https://s.ek.ua/jpg/2537334.jpg,Velomarket.org.ua,з Києва,41 900 .
Trek Marlin 6 27.5,https://s.ek.ua/jpg/2207704.jpg,Velotime.com.ua,з Києва,28 815 .
Trek Marlin 6 27.5,https://s.ek.ua/jpg/2207704.jpg,Velomarket.org.ua,з Києва,33 900 .
Trek Marlin 6 27.5,https://s.ek.ua/jpg/2207704.jpg,Velotime.com.ua,з Києва,28 815 .
Trek Marlin 6 27.5,https://s.ek.ua/jpg/2207704.jpg,Velomarket.org.ua,з Києва,33 900 .
Trek Marlin 5 Gen 3 29,https://s.ek.ua/jpg/2534274.jpg,Velotime.com.ua,з Києва,34 200 .
Trek Marlin 5 Gen 3 29,https://s.ek.ua/jpg/2534274.jpg,Velomarket.org.ua,з Києва,34 200 .
Trek Marlin 5 Gen 3 29,https://s.ek.ua/jpg/2534274.jpg,Velotime.com.ua,з Києва,34 200 .
Trek Marlin 5 Gen 3 29,https://s.ek.ua/jpg/2534274.jpg,Velomarket.org.ua,з Києва,34 200 .
Trek Marlin 5 Gen 3 27.5,https://s.ek.ua/jpg/2623254.jpg,Velotime.com.ua,з Києва,34 200 .
Trek Marlin 5 Gen 3 27.5,https://s.ek.ua/jpg/2623254.jpg,Velomarket.org.ua,з Києва,34 200 .
Trek Marlin 4 Gen 2 29,https://s.ek.ua/jpg/2623224.jpg,Velotime.com.ua,з Києва,25 900 .
Trek Marlin 4 Gen 2 29,https://s.ek.ua/jpg/2623224.jpg,Velomarket.org.ua,з Києва,25 900 .
Trek Marlin 4 Gen 2 29,https://s.ek.ua/jpg/2623224.jpg,Velotime.com.ua,з Києва,25 900 .
Trek Marlin 4 Gen 2 29,https://s.ek.ua/jpg/2623224.jpg,Velotime.com.ua,з Києва,25 900 .
Trek Marlin 4 Gen 2 29,https://s.ek.ua/jpg/2623224.jpg,Velomarket.org.ua,з Києва,25 900 .
Trek Marlin 4 Gen 2 29,https://s.ek.ua/jpg/2623224.jpg,Velomarket.org.ua,з Києва,25 900 .
Trek Marlin 4 Gen 2 29,https://s.ek.ua/jpg/2271068.jpg,Velotime.com.ua,з Києва,23 300 .
Trek Marlin 4 Gen 2 29,https://s.ek.ua/jpg/2271068.jpg,Velomarket.org.ua,з Києва,23 300 .
Trek Marlin 4 Gen 2 27.5,https://s.ek.ua/jpg/2623244.jpg,Velotime.com.ua,з Києва,25 900 .
Trek Marlin 4 Gen 2 27.5,https://s.ek.ua/jpg/2623244.jpg,Velomarket.org.ua,з Києва,25 900 .
Trek Marlin 4 27.5,https://s.ek.ua/jpg/2184075.jpg,Velotime.com.ua,з Києва,23 300 .
Trek Marlin 4 27.5,https://s.ek.ua/jpg/2184075.jpg,Velomarket.org.ua,з Києва,23 300 .
Ardis Manik 24,https://s.ek.ua/jpg/2012282.jpg,АЛЛО,Ужгород,10 839 .
Ardis Manik 24,https://s.ek.ua/jpg/2012282.jpg,Rozetka.ua,з Києва,10 839 .
Ardis Manik 24,https://s.ek.ua/jpg/2012282.jpg,АЛЛО,Ужгород,10 839 .
Ardis Manik 24,https://s.ek.ua/jpg/2012282.jpg,АЛЛО,Ужгород,10 839 .
Ardis Manik 24,https://s.ek.ua/jpg/2012282.jpg,АЛЛО,Ужгород,10 839 .
Ardis Manik 24,https://s.ek.ua/jpg/2012282.jpg,Rozetka.ua,з Києва,10 839 .
Ardis Manik 24,https://s.ek.ua/jpg/2012282.jpg,Rozetka.ua,з Києва,10 839 .
TRINX M116 Pro,https://s.ek.ua/jpg/2783562.jpg,Vipstore.com.ua,з Києва,11 273 .
TRINX M116 Pro,https://s.ek.ua/jpg/2783562.jpg,Comtrading.ua,з Києва,10 663 .
TRINX M116 Elite,https://s.ek.ua/jpg/2783556.jpg,Vipstore.com.ua,з Києва,9 499 .
TRINX M116 Elite,https://s.ek.ua/jpg/2783556.jpg,Groosha.ua,з Києва,11 234 .
TRINX M116 Elite,https://s.ek.ua/jpg/2783556.jpg,Comtrading.ua,з Києва,9 050 .
TRINX M116 Elite,https://s.ek.ua/jpg/2783556.jpg,Rozetka.ua,з Києва,10 794 .
TRINX M116 Elite,https://s.ek.ua/jpg/2783556.jpg,Rozetka.ua,з Києва,9 499 .
TRINX M116,https://s.ek.ua/jpg/2783535.jpg,Vipstore.com.ua,з Києва,8 796 .
TRINX M116,https://s.ek.ua/jpg/2783535.jpg,Comtrading.ua,з Києва,8 412 .
TRINX M116,https://s.ek.ua/jpg/2783535.jpg,Rozetka.ua,з Києва,9 996 .
TRINX M100,https://s.ek.ua/jpg/2206838.jpg,Vipstore.com.ua,з Києва,8 757 .
TRINX M100,https://s.ek.ua/jpg/2206838.jpg,Comtrading.ua,з Києва,8 376 .
TRINX M100,https://s.ek.ua/jpg/2206838.jpg,Rozetka.ua,з Києва,9 951 .
TRINX M100,https://s.ek.ua/jpg/2206838.jpg,Vipstore.com.ua,з Києва,8 757 .
TRINX M100,https://s.ek.ua/jpg/2206838.jpg,Comtrading.ua,з Києва,8 376 .
Ardis Lybid 28D,https://s.ek.ua/jpg/424550.jpg,АЛЛО,Ужгород,6 908 .
Ardis Lybid 28D,https://s.ek.ua/jpg/424550.jpg,Moyo.ua,Ужгород,6 908 .
Ardis Lybid 28D,https://s.ek.ua/jpg/424550.jpg,Groosha.ua,з Києва,6 467 .
Ardis Lybid 28D,https://s.ek.ua/jpg/424550.jpg,Rozetka.ua,з Києва,6 908 .
Ardis Lybid 28D,https://s.ek.ua/jpg/424550.jpg,АЛЛО,Ужгород,6 908 .
Ardis Lybid 28D,https://s.ek.ua/jpg/424550.jpg,АЛЛО,Ужгород,6 908 .
Ardis Lybid 28D,https://s.ek.ua/jpg/424550.jpg,Moyo.ua,Ужгород,6 908 .
Kellys Lumi 50,https://s.ek.ua/jpg/1844574.jpg,Ebox24.biz,з Львова,17 109 .
Kellys Lumi 50,https://s.ek.ua/jpg/1844574.jpg,Ebox24.biz,з Львова,17 109 .
Cyclone LLX,https://s.ek.ua/jpg/2244737.jpg,VeloGO.com.ua,з Києва,25 155 .
Cyclone LLX,https://s.ek.ua/jpg/2244737.jpg,Groosha.ua,з Києва,25 155 .
Giant Liv Tempt 5 29,https://s.ek.ua/jpg/2207027.jpg,Velotime.com.ua,з Києва,25 200 .
Giant Liv Tempt 5 29,https://s.ek.ua/jpg/2207027.jpg,Velomarket.org.ua,з Києва,25 200 .
Giant Liv Tempt 5 29,https://s.ek.ua/jpg/2207027.jpg,VeloGO.com.ua,з Києва,25 200 .
Giant Liv Tempt 5 27.5,https://s.ek.ua/jpg/2207023.jpg,Velotime.com.ua,з Києва,25 200 .
Giant Liv Tempt 5 27.5,https://s.ek.ua/jpg/2207023.jpg,Velomarket.org.ua,з Києва,25 200 .
Giant Liv Tempt 4 29,https://s.ek.ua/jpg/2502792.jpg,Velotime.com.ua,з Києва,26 460 .
Giant Liv Tempt 4 29,https://s.ek.ua/jpg/2502792.jpg,Velomarket.org.ua,з Києва,26 460 .
Giant Liv Tempt 4 29,https://s.ek.ua/jpg/2502792.jpg,VeloGO.com.ua,з Києва,26 460 .
Giant Liv Tempt 4 29,https://s.ek.ua/jpg/1959161.jpg,Velotime.com.ua,з Києва,25 198 .
Giant Liv Tempt 4 29,https://s.ek.ua/jpg/1959161.jpg,Velomarket.org.ua,з Києва,25 198 .
Giant Liv Tempt 4 27.5,https://s.ek.ua/jpg/2206869.jpg,Velotime.com.ua,з Києва,26 460 .
Giant Liv Tempt 4 27.5,https://s.ek.ua/jpg/2206869.jpg,Velomarket.org.ua,з Києва,26 460 .
Giant Liv Tempt 4 27.5,https://s.ek.ua/jpg/2206869.jpg,VeloGO.com.ua,з Києва,26 460 .
Giant Liv Tempt 3 29,https://s.ek.ua/jpg/2383669.jpg,Velotime.com.ua,з Києва,28 140 .
Giant Liv Tempt 3 29,https://s.ek.ua/jpg/2383669.jpg,Velomarket.org.ua,з Києва,28 140 .
Giant Liv Tempt 3 29,https://s.ek.ua/jpg/2383669.jpg,VeloGO.com.ua,з Києва,28 140 .
Giant Liv Tempt 3 29,https://s.ek.ua/jpg/2383669.jpg,Velotime.com.ua,з Києва,28 140 .
Giant Liv Tempt 3 29,https://s.ek.ua/jpg/2383669.jpg,Velomarket.org.ua,з Києва,28 140 .
Giant Liv Tempt 3 29,https://s.ek.ua/jpg/2383669.jpg,VeloGO.com.ua,з Києва,28 140 .
Giant Liv Tempt 3 27.5,https://s.ek.ua/jpg/2383668.jpg,Velotime.com.ua,з Києва,28 140 .
Giant Liv Tempt 3 27.5,https://s.ek.ua/jpg/2383668.jpg,Velomarket.org.ua,з Києва,28 140 .
Giant Liv Tempt 3 27.5,https://s.ek.ua/jpg/2383668.jpg,VeloGO.com.ua,з Києва,28 140 .
Giant Liv Tempt 3 27.5,https://s.ek.ua/jpg/2749033.jpg,Velotime.com.ua,з Києва,26 831 .
Giant Liv Tempt 3 27.5,https://s.ek.ua/jpg/2749033.jpg,Velomarket.org.ua,з Києва,26 831 .
Giant Liv Tempt 2 29,https://s.ek.ua/jpg/2748941.jpg,Velotime.com.ua,з Києва,29 610 .
Giant Liv Tempt 2 29,https://s.ek.ua/jpg/2748941.jpg,Velomarket.org.ua,з Києва,29 610 .
Giant Liv Tempt 2 27.5,https://s.ek.ua/jpg/2501544.jpg,Velotime.com.ua,з Києва,30 660 .
Giant Liv Tempt 2 27.5,https://s.ek.ua/jpg/2501544.jpg,Velomarket.org.ua,з Києва,30 660 .
Giant Liv Tempt 2 27.5,https://s.ek.ua/jpg/2501544.jpg,VeloGO.com.ua,з Києва,31 500 .
Giant Liv Tempt 2 27.5,https://s.ek.ua/jpg/2748931.jpg,Velotime.com.ua,з Києва,29 610 .
Giant Liv Tempt 2 27.5,https://s.ek.ua/jpg/2748931.jpg,Velomarket.org.ua,з Києва,29 610 .
Giant Liv Tempt 2 27.5,https://s.ek.ua/jpg/2748931.jpg,VeloGO.com.ua,з Києва,30 660 .
Giant Liv Rove 4 DD,https://s.ek.ua/jpg/2501518.jpg,Velotime.com.ua,з Києва,27 510 .
Giant Liv Rove 4 DD,https://s.ek.ua/jpg/2501518.jpg,Velomarket.org.ua,з Києва,27 510 .
Giant Liv Rove 4 DD,https://s.ek.ua/jpg/2501518.jpg,VeloGO.com.ua,з Києва,27 510 .
Giant Liv Rove 4 DD,https://s.ek.ua/jpg/2501518.jpg,Velotime.com.ua,з Києва,27 510 .
Giant Liv Rove 4 DD,https://s.ek.ua/jpg/2501518.jpg,Velomarket.org.ua,з Києва,27 510 .
Giant Liv Rove 4 DD,https://s.ek.ua/jpg/2501518.jpg,VeloGO.com.ua,з Києва,27 510 .
Giant Liv Langma Advanced 1,https://s.ek.ua/jpg/1830322.jpg,Velotime.com.ua,з Києва,95 760 .
Giant Liv Langma Advanced 1,https://s.ek.ua/jpg/1830322.jpg,Velomarket.org.ua,з Києва,95 760 .
Giant Liv Flourish FS 3,https://s.ek.ua/jpg/2211343.jpg,Velotime.com.ua,з Києва,23 100 .
Giant Liv Flourish FS 3,https://s.ek.ua/jpg/2211343.jpg,Velomarket.org.ua,з Києва,23 100 .
Giant Liv Flourish FS 3,https://s.ek.ua/jpg/2211343.jpg,VeloGO.com.ua,з Києва,23 100 .
Giant Liv Flourish 3,https://s.ek.ua/jpg/2211336.jpg,Velotime.com.ua,з Києва,25 618 .
Giant Liv Flourish 3,https://s.ek.ua/jpg/2211336.jpg,Velomarket.org.ua,з Києва,25 618 .
Giant Liv Flourish 3,https://s.ek.ua/jpg/2211336.jpg,VeloGO.com.ua,з Києва,25 620 .
Giant Liv Flourish 24,https://s.ek.ua/jpg/2749019.jpg,Velotime.com.ua,з Києва,14 910 .
Giant Liv Flourish 24,https://s.ek.ua/jpg/2749019.jpg,Velomarket.org.ua,з Києва,14 910 .
Giant Liv Flourish 24,https://s.ek.ua/jpg/2749019.jpg,VeloGO.com.ua,з Києва,14 910 .
Giant Liv Flourish 24,https://s.ek.ua/jpg/2749013.jpg,Velotime.com.ua,з Києва,15 900 .
Giant Liv Flourish 24,https://s.ek.ua/jpg/2749013.jpg,Velomarket.org.ua,з Києва,15 900 .
Giant Liv Enchant 24 Lite,https://s.ek.ua/jpg/2028887.jpg,Velotime.com.ua,з Києва,15 645 .
Giant Liv Enchant 24 Lite,https://s.ek.ua/jpg/2028887.jpg,Velomarket.org.ua,з Києва,15 645 .
Giant Liv Enchant 24 Disc,https://s.ek.ua/jpg/2748989.jpg,Velotime.com.ua,з Києва,19 740 .
Giant Liv Enchant 24 Disc,https://s.ek.ua/jpg/2748989.jpg,Velomarket.org.ua,з Києва,19 740 .
Giant Liv Enchant 24 Disc,https://s.ek.ua/jpg/2748989.jpg,VeloGO.com.ua,з Києва,19 740 .
Giant Liv Enchant 24 Disc,https://s.ek.ua/jpg/2748989.jpg,Velotime.com.ua,з Києва,19 740 .
Giant Liv Enchant 24 Disc,https://s.ek.ua/jpg/2748989.jpg,Velomarket.org.ua,з Києва,19 740 .
Giant Liv Enchant 24 Disc,https://s.ek.ua/jpg/2748986.jpg,Velotime.com.ua,з Києва,18 375 .
Giant Liv Enchant 24 Disc,https://s.ek.ua/jpg/2748986.jpg,Velomarket.org.ua,з Києва,18 375 .
Giant Liv Enchant 24 Disc,https://s.ek.ua/jpg/1811571.jpg,Velotime.com.ua,з Києва,17 850 .
Giant Liv Enchant 24 Disc,https://s.ek.ua/jpg/1811571.jpg,Velomarket.org.ua,з Києва,17 850 .
Giant Liv Enchant 24,https://s.ek.ua/jpg/2749005.jpg,Velotime.com.ua,з Києва,17 430 .
Giant Liv Enchant 24,https://s.ek.ua/jpg/2749005.jpg,Velomarket.org.ua,з Києва,17 430 .
Giant Liv Enchant 24,https://s.ek.ua/jpg/2749005.jpg,VeloGO.com.ua,з Києва,17 430 .
Giant Liv Enchant 24,https://s.ek.ua/jpg/2035180.jpg,Velotime.com.ua,з Києва,15 750 .
Giant Liv Enchant 24,https://s.ek.ua/jpg/2035180.jpg,Velomarket.org.ua,з Києва,15 750 .
Giant Liv Devote Advanced 2,https://s.ek.ua/jpg/2749061.jpg,Velotime.com.ua,з Києва,168 000 .
Giant Liv Devote Advanced 2,https://s.ek.ua/jpg/2749061.jpg,Velomarket.org.ua,з Києва,168 000 .
Giant Liv Devote Advanced 2,https://s.ek.ua/jpg/2749061.jpg,VeloGO.com.ua,з Києва,168 000 .
Giant Liv Devote Advanced 2,https://s.ek.ua/jpg/1992499.jpg,Velotime.com.ua,з Києва,132 284 .
Giant Liv Devote Advanced 2,https://s.ek.ua/jpg/1992499.jpg,Velomarket.org.ua,з Києва,132 285 .
Giant Liv Devote 2,https://s.ek.ua/jpg/2501532.jpg,Velotime.com.ua,з Києва,62 790 .
Giant Liv Devote 2,https://s.ek.ua/jpg/2501532.jpg,Velomarket.org.ua,з Києва,62 790 .
Giant Liv Devote 2,https://s.ek.ua/jpg/2501532.jpg,VeloGO.com.ua,з Києва,62 790 .
Giant Liv Devote 1,https://s.ek.ua/jpg/2502855.jpg,Velotime.com.ua,з Києва,78 120 .
Giant Liv Devote 1,https://s.ek.ua/jpg/2502855.jpg,Velomarket.org.ua,з Києва,78 120 .
Giant Liv Devote 1,https://s.ek.ua/jpg/2502855.jpg,VeloGO.com.ua,з Києва,78 120 .
Giant Liv Bliss 27.5,https://s.ek.ua/jpg/2383658.jpg,Velotime.com.ua,з Києва,21 210 .
Giant Liv Bliss 27.5,https://s.ek.ua/jpg/2383658.jpg,Velomarket.org.ua,з Києва,21 210 .
Giant Liv Bliss 27.5,https://s.ek.ua/jpg/2383658.jpg,VeloGO.com.ua,з Києва,21 210 .
Giant Liv Bliss 27.5,https://s.ek.ua/jpg/2383658.jpg,Velotime.com.ua,з Києва,21 210 .
Giant Liv Bliss 27.5,https://s.ek.ua/jpg/2383658.jpg,Velomarket.org.ua,з Києва,21 210 .
Giant Liv Bliss 27.5,https://s.ek.ua/jpg/2383658.jpg,VeloGO.com.ua,з Києва,21 210 .
Giant Liv Bliss 26,https://s.ek.ua/jpg/2383663.jpg,Velotime.com.ua,з Києва,21 210 .
Giant Liv Bliss 26,https://s.ek.ua/jpg/2383663.jpg,Velomarket.org.ua,з Києва,21 210 .
Giant Liv Bliss 26,https://s.ek.ua/jpg/2383663.jpg,VeloGO.com.ua,з Києва,21 210 .
Giant Liv Bliss 26,https://s.ek.ua/jpg/2383663.jpg,Velotime.com.ua,з Києва,21 210 .
Giant Liv Bliss 26,https://s.ek.ua/jpg/2383663.jpg,Velomarket.org.ua,з Києва,21 210 .
Giant Liv Bliss 26,https://s.ek.ua/jpg/2383663.jpg,VeloGO.com.ua,з Києва,21 210 .
Giant Liv Avow Advanced,https://s.ek.ua/jpg/1818384.jpg,Velotime.com.ua,з Києва,120 082 .
Giant Liv Avow Advanced,https://s.ek.ua/jpg/1818384.jpg,Velomarket.org.ua,з Києва,120 082 .
Giant Liv Alight 3 City Disc,https://s.ek.ua/jpg/2502635.jpg,Velotime.com.ua,з Києва,26 460 .
Giant Liv Alight 3 City Disc,https://s.ek.ua/jpg/2502635.jpg,Velomarket.org.ua,з Києва,26 460 .
Giant Liv Alight 3 City Disc,https://s.ek.ua/jpg/2502635.jpg,VeloGO.com.ua,з Києва,26 460 .
Giant Liv Alight 3,https://s.ek.ua/jpg/2501405.jpg,Velotime.com.ua,з Києва,21 420 .
Giant Liv Alight 3,https://s.ek.ua/jpg/2501405.jpg,Velomarket.org.ua,з Києва,21 420 .
Giant Liv Alight 3,https://s.ek.ua/jpg/2501405.jpg,VeloGO.com.ua,з Києва,21 420 .
KONA Libre,https://s.ek.ua/jpg/2720092.jpg,VeloGO.com.ua,з Києва,60 775 .
KONA Libre,https://s.ek.ua/jpg/2720092.jpg,Цифра,з Києва,60 776 .
KONA Libre,https://s.ek.ua/jpg/2720092.jpg,Stylus.ua,з Києва,60 776 .
KONA Libre,https://s.ek.ua/jpg/2720092.jpg,Rozetka.ua,з Києва,60 775 .
Mongoose Legion L40,https://s.ek.ua/jpg/1821084.jpg,Rozetka.ua,з Києва,16 256 .
Mongoose Legion L40,https://s.ek.ua/jpg/1821084.jpg,Rozetka.ua,з Києва,16 256 .
Mongoose Legion L40,https://s.ek.ua/jpg/1821084.jpg,Rozetka.ua,з Києва,12 320 .
Mongoose Legion L40,https://s.ek.ua/jpg/1821084.jpg,Rozetka.ua,з Києва,12 320 .
Mongoose Legion L20,https://s.ek.ua/jpg/1821033.jpg,Rozetka.ua,з Києва,12 862 .
Mongoose Legion L20,https://s.ek.ua/jpg/1821033.jpg,Rozetka.ua,з Києва,9 280 .
Corso Legend 27.5,https://s.ek.ua/jpg/2873071.jpg,Rozetka.ua,з Києва,10 000 .
Corso Legend 27.5,https://s.ek.ua/jpg/2873071.jpg,Rozetka.ua,з Києва,10 000 .
Corso Legend 27.5,https://s.ek.ua/jpg/2873071.jpg,Rozetka.ua,з Києва,10 000 .
Corso Legend 27.5,https://s.ek.ua/jpg/2873071.jpg,Rozetka.ua,з Києва,10 000 .
Corso Legend 27.5,https://s.ek.ua/jpg/2873071.jpg,Rozetka.ua,з Києва,9 291 .
Corso Legend 27.5,https://s.ek.ua/jpg/2873071.jpg,Rozetka.ua,з Києва,9 291 .
Corso Legend 27.5,https://s.ek.ua/jpg/2873071.jpg,Rozetka.ua,з Києва,10 488 .
KONA Lava Dome,https://s.ek.ua/jpg/2635696.jpg,VeloGO.com.ua,з Києва,31 195 .
KONA Lava Dome,https://s.ek.ua/jpg/2635696.jpg,Rozetka.ua,з Києва,31 195 .
ORBEA Laufey H30,https://s.ek.ua/jpg/2786628.jpg,VeloGO.com.ua,з Києва,61 889 .
ORBEA Laufey H30,https://s.ek.ua/jpg/2786628.jpg,Rozetka.ua,з Києва,61 889 .
Indiana La Rue 28,https://s.ek.ua/jpg/2482059.jpg,Ebox24.biz,з Львова,52 043 .
Indiana La Rue 28,https://s.ek.ua/jpg/2482059.jpg,Ebox24.biz,з Львова,59 165 .
Indiana La Rue 28,https://s.ek.ua/jpg/2482059.jpg,Ebox24.biz,з Львова,59 165 .
Indiana La Rue 28,https://s.ek.ua/jpg/2482059.jpg,Ebox24.biz,з Львова,59 165 .
Comanche Lago S3,https://s.ek.ua/jpg/791038.jpg,Velotime.com.ua,з Києва,22 269 .
Comanche Lago S3,https://s.ek.ua/jpg/791038.jpg,Velomarket.org.ua,з Києва,22 269 .
Marin Kentfield ST 2,https://s.ek.ua/jpg/2511992.jpg,VeloGO.com.ua,з Києва,25 578 .
Marin Kentfield ST 2,https://s.ek.ua/jpg/2511992.jpg,Цифра,з Києва,25 579 .
Marin Kentfield ST 2,https://s.ek.ua/jpg/2511992.jpg,Stylus.ua,з Києва,25 579 .
Marin Kentfield ST 2,https://s.ek.ua/jpg/2511992.jpg,Enko.com.ua,з Кривого Рогу,25 578 .
Marin Kentfield ST 2,https://s.ek.ua/jpg/2511992.jpg,Groosha.ua,з Києва,25 578 .
Marin Kentfield ST 2,https://s.ek.ua/jpg/2511992.jpg,Rozetka.ua,з Києва,25 578 .
Corrado Kanio 2.1 MTB 26,https://s.ek.ua/jpg/431428.jpg,АЛЛО,Ужгород,9 492 .
Corrado Kanio 2.1 MTB 26,https://s.ek.ua/jpg/431428.jpg,Moyo.ua,Ужгород,9 492 .
Corrado Kanio 2.1 MTB 26,https://s.ek.ua/jpg/431428.jpg,Rozetka.ua,з Києва,9 492 .
Corrado Kanio 2.1 MTB 26,https://s.ek.ua/jpg/431428.jpg,АЛЛО,Ужгород,9 492 .
Corrado Kanio 2.1 MTB 26,https://s.ek.ua/jpg/431428.jpg,АЛЛО,Ужгород,9 492 .
Corrado Kanio 2.1 MTB 26,https://s.ek.ua/jpg/431428.jpg,Moyo.ua,Ужгород,9 492 .
Corrado Kanio 2.1 MTB 26,https://s.ek.ua/jpg/431428.jpg,Moyo.ua,Ужгород,9 492 .
KONA Kahuna DL,https://s.ek.ua/jpg/2720117.jpg,VeloGO.com.ua,з Києва,71 187 .
KONA Kahuna DL,https://s.ek.ua/jpg/2720117.jpg,Цифра,з Києва,71 188 .
KONA Kahuna DL,https://s.ek.ua/jpg/2720117.jpg,Stylus.ua,з Києва,71 187 .
KONA Kahuna DL,https://s.ek.ua/jpg/2720117.jpg,Rozetka.ua,з Києва,71 187 .
KONA Kahuna,https://s.ek.ua/jpg/2720136.jpg,VeloGO.com.ua,з Києва,50 532 .
KONA Kahuna,https://s.ek.ua/jpg/2720136.jpg,Цифра,з Києва,50 533 .
KONA Kahuna,https://s.ek.ua/jpg/2720136.jpg,Stylus.ua,з Києва,50 533 .
KONA Kahuna,https://s.ek.ua/jpg/2720136.jpg,Rozetka.ua,з Києва,50 532 .
Leon Junior AM DD,https://s.ek.ua/jpg/2748335.jpg,Rozetka.ua,з Києва,15 300 .
Leon Junior AM DD,https://s.ek.ua/jpg/2748335.jpg,Rozetka.ua,з Києва,15 300 .
Leon Junior AM DD,https://s.ek.ua/jpg/2748335.jpg,Rozetka.ua,з Києва,13 600 .
Leon Junior AM DD,https://s.ek.ua/jpg/2748335.jpg,Rozetka.ua,з Києва,13 600 .
Leon Junior AM DD,https://s.ek.ua/jpg/2748335.jpg,Rozetka.ua,з Києва,13 600 .
Leon Junior AM DD,https://s.ek.ua/jpg/2748335.jpg,Rozetka.ua,з Києва,13 600 .
Leon Junior AM DD,https://s.ek.ua/jpg/2748335.jpg,Rozetka.ua,з Києва,15 300 .
Pride Jet Rocket,https://s.ek.ua/jpg/2680840.jpg,VeloGO.com.ua,з Києва,93 660 .
Pride Jet Rocket,https://s.ek.ua/jpg/2680840.jpg,Цифра,з Києва,93 660 .
Pride Jet Rocket,https://s.ek.ua/jpg/2680840.jpg,Stylus.ua,з Києва,93 660 .
Pride Jet Rocket,https://s.ek.ua/jpg/2680840.jpg,Groosha.ua,з Києва,93 660 .
Pride Jet Rocket,https://s.ek.ua/jpg/2680840.jpg,Enko.com.ua,з Кривого Рогу,93 660 .
Pride Jet Rocket,https://s.ek.ua/jpg/2680840.jpg,Rozetka.ua,з Києва,96 879 .
Pride Jet Rocket,https://s.ek.ua/jpg/2680840.jpg,Rozetka.ua,з Києва,93 660 .
Giant iRide Rocker 3,https://s.ek.ua/jpg/1523745.jpg,Velotime.com.ua,з Києва,29 400 .
Giant iRide Rocker 3,https://s.ek.ua/jpg/1523745.jpg,Velomarket.org.ua,з Києва,29 400 .
Comanche Indigo FS,https://s.ek.ua/jpg/269916.jpg,Velotime.com.ua,з Києва,16 528 .
Comanche Indigo FS,https://s.ek.ua/jpg/269916.jpg,Velotime.com.ua,з Києва,16 528 .
Author Impulse II 29,https://s.ek.ua/jpg/2748187.jpg,Velotime.com.ua,з Києва,24 320 .
Author Impulse II 29,https://s.ek.ua/jpg/2748187.jpg,Velomarket.org.ua,з Києва,24 320 .
Author Impulse ASL 29,https://s.ek.ua/jpg/2397240.jpg,Velotime.com.ua,з Києва,25 330 .
Author Impulse ASL 29,https://s.ek.ua/jpg/2397240.jpg,Velomarket.org.ua,з Києва,25 330 .
Author Impulse ASL 29,https://s.ek.ua/jpg/2397240.jpg,Цифра,з Києва,25 330 .
Author Impulse ASL 29,https://s.ek.ua/jpg/2397240.jpg,Stylus.ua,з Києва,25 330 .
Winner Impulse 29,https://s.ek.ua/jpg/2861223.jpg,VeloGO.com.ua,з Києва,20 683 .
Winner Impulse 29,https://s.ek.ua/jpg/2861223.jpg,Groosha.ua,з Києва,20 683 .
Winner Impulse 29,https://s.ek.ua/jpg/2861223.jpg,VeloGO.com.ua,з Києва,20 683 .
Winner Impulse 29,https://s.ek.ua/jpg/2861223.jpg,VeloGO.com.ua,з Києва,20 683 .
Winner Impulse 29,https://s.ek.ua/jpg/2861223.jpg,Groosha.ua,з Києва,20 683 .
Winner Impulse 29,https://s.ek.ua/jpg/2861223.jpg,Groosha.ua,з Києва,20 683 .
Author Impulse 29,https://s.ek.ua/jpg/2434317.jpg,Velotime.com.ua,з Києва,30 160 .
Author Impulse 29,https://s.ek.ua/jpg/2434317.jpg,Velomarket.org.ua,з Києва,30 160 .
Author Impulse 27.5,https://s.ek.ua/jpg/2500581.jpg,Velotime.com.ua,з Києва,29 270 .
Author Impulse 27.5,https://s.ek.ua/jpg/2500581.jpg,Velomarket.org.ua,з Києва,29 270 .
Author Impulse 27.5,https://s.ek.ua/jpg/2500581.jpg,Цифра,з Києва,29 270 .
Author Impulse 27.5,https://s.ek.ua/jpg/2500581.jpg,Stylus.ua,з Києва,29 271 .
Comanche Hurricane S Pro 29 frame 19,https://s.ek.ua/jpg/2534088.jpg,Velotime.com.ua,з Києва,28 215 .
Comanche Hurricane S Pro 29 frame 19,https://s.ek.ua/jpg/2534088.jpg,Velomarket.org.ua,з Києва,28 215 .
Comanche Hurricane S Pro 27.5 frame 19,https://s.ek.ua/jpg/2533992.jpg,Velotime.com.ua,з Києва,28 215 .
Comanche Hurricane S Pro 27.5 frame 19,https://s.ek.ua/jpg/2533992.jpg,Velomarket.org.ua,з Києва,28 215 .
Author Horizon,https://s.ek.ua/jpg/2394207.jpg,Цифра,з Києва,25 240 .
Author Horizon,https://s.ek.ua/jpg/2394207.jpg,Stylus.ua,з Києва,25 240 .
KONA Honzo ESD,https://s.ek.ua/jpg/2513923.jpg,VeloGO.com.ua,з Києва,93 888 .
KONA Honzo ESD,https://s.ek.ua/jpg/2513923.jpg,Цифра,з Києва,110 458 .
KONA Honzo ESD,https://s.ek.ua/jpg/2513923.jpg,Stylus.ua,з Києва,110 457 .
KONA Honzo ESD,https://s.ek.ua/jpg/2513923.jpg,Rozetka.ua,з Києва,110 457 .
Comanche Holiday Fs Lady 1.0 frame 16,https://s.ek.ua/jpg/2534131.jpg,Velotime.com.ua,з Києва,20 124 .
Comanche Holiday Fs Lady 1.0 frame 16,https://s.ek.ua/jpg/2534131.jpg,Velomarket.org.ua,з Києва,20 124 .
Crossride Hiland 27.5 frame 17,https://s.ek.ua/jpg/2016952.jpg,АЛЛО,Ужгород,8 368 .
Crossride Hiland 27.5 frame 17,https://s.ek.ua/jpg/2016952.jpg,Moyo.ua,Ужгород,8 368 .
Crossride Hiland 27.5 frame 17,https://s.ek.ua/jpg/2016952.jpg,Rozetka.ua,з Києва,8 368 .
Crossride Hiland 27.5 frame 17,https://s.ek.ua/jpg/2016952.jpg,АЛЛО,Ужгород,7 999 .
Crossride Hiland 27.5 frame 17,https://s.ek.ua/jpg/2016952.jpg,АЛЛО,Ужгород,7 999 .
Crossride Hiland 27.5 frame 17,https://s.ek.ua/jpg/2016952.jpg,АЛЛО,Ужгород,7 999 .
Crossride Hiland 27.5 frame 17,https://s.ek.ua/jpg/2016952.jpg,АЛЛО,Ужгород,8 368 .
VNC HighWay A7,https://s.ek.ua/jpg/2731932.jpg,Stylus.ua,з Києва,16 934 .
VNC HighWay A7,https://s.ek.ua/jpg/2731932.jpg,Цифра,з Києва,16 427 .
VNC HighWay A7,https://s.ek.ua/jpg/2731932.jpg,Groosha.ua,з Києва,16 934 .
VNC HighWay A10,https://s.ek.ua/jpg/2731896.jpg,Stylus.ua,з Києва,21 687 .
VNC HighWay A10,https://s.ek.ua/jpg/2731896.jpg,Цифра,з Києва,21 036 .
VNC HighWay A10,https://s.ek.ua/jpg/2731896.jpg,Groosha.ua,з Києва,21 686 .
Stolen Heist 21,https://s.ek.ua/jpg/2784685.jpg,Velomarket.org.ua,з Києва,19 698 .
Stolen Heist 21,https://s.ek.ua/jpg/2784685.jpg,VeloGO.com.ua,з Києва,19 698 .
Stolen Heist 21,https://s.ek.ua/jpg/2784685.jpg,Groosha.ua,з Києва,19 698 .
Stolen Heist 21,https://s.ek.ua/jpg/2784685.jpg,Enko.com.ua,з Кривого Рогу,19 698 .
Stolen Heist 21,https://s.ek.ua/jpg/2784685.jpg,Rozetka.ua,з Києва,19 698 .
Stolen Heist 21,https://s.ek.ua/jpg/2784685.jpg,Rozetka.ua,з Києва,19 698 .
Stolen Heist 21,https://s.ek.ua/jpg/2784738.jpg,Velomarket.org.ua,з Києва,19 698 .
Stolen Heist 21,https://s.ek.ua/jpg/2784738.jpg,Цифра,з Києва,19 698 .
Stolen Heist 21,https://s.ek.ua/jpg/2784738.jpg,Stylus.ua,з Києва,19 698 .
Stolen Heist 21,https://s.ek.ua/jpg/2784738.jpg,Groosha.ua,з Києва,19 698 .
Stolen Heist 21,https://s.ek.ua/jpg/2784738.jpg,Enko.com.ua,з Кривого Рогу,19 698 .
Stolen Heist 21,https://s.ek.ua/jpg/2784738.jpg,Rozetka.ua,з Києва,19 698 .
Stolen Heist 21,https://s.ek.ua/jpg/2784738.jpg,Rozetka.ua,з Києва,19 698 .
Cyclone GTX,https://s.ek.ua/jpg/2861126.jpg,VeloGO.com.ua,з Києва,39 130 .
Cyclone GTX,https://s.ek.ua/jpg/2861126.jpg,Цифра,з Києва,39 130 .
Cyclone GTX,https://s.ek.ua/jpg/2861126.jpg,Stylus.ua,з Києва,39 130 .
Cyclone GTX,https://s.ek.ua/jpg/2861126.jpg,Groosha.ua,з Києва,39 130 .
Cyclone GTX,https://s.ek.ua/jpg/2861126.jpg,VeloGO.com.ua,з Києва,39 130 .
Cyclone GTX,https://s.ek.ua/jpg/2861126.jpg,Цифра,з Києва,39 130 .
Cyclone GTX,https://s.ek.ua/jpg/2861126.jpg,Stylus.ua,з Києва,39 130 .
Cyclone GTX,https://s.ek.ua/jpg/2624739.jpg,VeloGO.com.ua,з Києва,38 313 .
Cyclone GTX,https://s.ek.ua/jpg/2624739.jpg,Цифра,з Києва,38 314 .
Cyclone GTX,https://s.ek.ua/jpg/2624739.jpg,Stylus.ua,з Києва,38 314 .
Cyclone GTX,https://s.ek.ua/jpg/2624739.jpg,Groosha.ua,з Києва,38 313 .
Cyclone GTX,https://s.ek.ua/jpg/2624739.jpg,VeloGO.com.ua,з Києва,38 313 .
Cyclone GTX,https://s.ek.ua/jpg/2624739.jpg,VeloGO.com.ua,з Києва,38 313 .
Cyclone GTX,https://s.ek.ua/jpg/2243952.jpg,VeloGO.com.ua,з Києва,34 787 .
Cyclone GTX,https://s.ek.ua/jpg/2243952.jpg,Цифра,з Києва,34 787 .
Cyclone GTX,https://s.ek.ua/jpg/2243952.jpg,Stylus.ua,з Києва,34 787 .
Cyclone GSX,https://s.ek.ua/jpg/2624722.jpg,VeloGO.com.ua,з Києва,54 524 .
Cyclone GSX,https://s.ek.ua/jpg/2624722.jpg,Цифра,з Києва,54 524 .
Cyclone GSX,https://s.ek.ua/jpg/2624722.jpg,Stylus.ua,з Києва,54 524 .
Cyclone GSX,https://s.ek.ua/jpg/2624722.jpg,Groosha.ua,з Києва,54 524 .
Cyclone GSX,https://s.ek.ua/jpg/2624725.jpg,VeloGO.com.ua,з Києва,43 559 .
Cyclone GSX,https://s.ek.ua/jpg/2624725.jpg,Rozetka.ua,з Києва,53 316 .
Cyclone GSX,https://s.ek.ua/jpg/2624725.jpg,Rozetka.ua,з Києва,53 316 .
Cyclone GSX,https://s.ek.ua/jpg/2624725.jpg,Rozetka.ua,з Києва,53 316 .
Author Grand 29,https://s.ek.ua/jpg/2748271.jpg,Цифра,з Києва,36 121 .
Author Grand 29,https://s.ek.ua/jpg/2748271.jpg,Stylus.ua,з Києва,36 121 .
Dorozhnik Granat M DD 28,https://s.ek.ua/jpg/2667342.jpg,АЛЛО,Ужгород,11 120 .
Dorozhnik Granat M DD 28,https://s.ek.ua/jpg/2667342.jpg,Rozetka.ua,з Києва,10 969 .
Dorozhnik Granat M DD 28,https://s.ek.ua/jpg/2667342.jpg,Rozetka.ua,з Києва,12 232 .
Leon GR-80 DD,https://s.ek.ua/jpg/2246652.jpg,VeloGO.com.ua,з Києва,27 950 .
Leon GR-80 DD,https://s.ek.ua/jpg/2246652.jpg,Цифра,з Києва,27 950 .
Leon GR-80 DD,https://s.ek.ua/jpg/2246652.jpg,Stylus.ua,з Києва,27 950 .
Leon GR-80 DD,https://s.ek.ua/jpg/2246652.jpg,Moyo.ua,Ужгород,27 950 .
Leon GR-80 DD,https://s.ek.ua/jpg/2246652.jpg,Kvshop.com.ua,з Києва,27 950 .
Leon GR-80 DD,https://s.ek.ua/jpg/2246652.jpg,Groosha.ua,з Києва,27 950 .
Leon GR-80 DD,https://s.ek.ua/jpg/2246652.jpg,Itbox.ua,з Києва,27 950 .
Pride Glider 4.2,https://s.ek.ua/jpg/2886228.jpg,Velomarket.org.ua,з Києва,20 370 .
Pride Glider 4.2,https://s.ek.ua/jpg/2886228.jpg,VeloGO.com.ua,з Києва,20 370 .
Pride Glider 4.2,https://s.ek.ua/jpg/2886228.jpg,Enko.com.ua,з Кривого Рогу,20 370 .
Pride Glider 4.2,https://s.ek.ua/jpg/2886228.jpg,Groosha.ua,з Києва,20 370 .
Pride Glider 4.2,https://s.ek.ua/jpg/2886228.jpg,MTA.ua,з Києва,20 370 .
Pride Glider 4.1,https://s.ek.ua/jpg/2249552.jpg,Velomarket.org.ua,з Києва,18 480 .
Pride Glider 4.1,https://s.ek.ua/jpg/2249552.jpg,VeloGO.com.ua,з Києва,18 480 .
Pride Glider 4.1,https://s.ek.ua/jpg/2249552.jpg,Enko.com.ua,з Кривого Рогу,18 480 .
Pride Glider 4.1,https://s.ek.ua/jpg/2249552.jpg,Groosha.ua,з Києва,18 480 .
Pride Glider 4.1,https://s.ek.ua/jpg/2249552.jpg,MTA.ua,з Києва,18 480 .
Pride Glider 4.1,https://s.ek.ua/jpg/2249552.jpg,Rozetka.ua,з Києва,18 480 .
Marin Gestalt,https://s.ek.ua/jpg/2384209.jpg,Velomarket.org.ua,з Києва,27 596 .
Marin Gestalt,https://s.ek.ua/jpg/2384209.jpg,VeloGO.com.ua,з Києва,27 596 .
Marin Gestalt,https://s.ek.ua/jpg/2384209.jpg,Цифра,з Києва,27 596 .
Marin Gestalt,https://s.ek.ua/jpg/2384209.jpg,Stylus.ua,з Києва,27 596 .
Marin Gestalt,https://s.ek.ua/jpg/2384209.jpg,Groosha.ua,з Києва,27 596 .
Marin Gestalt,https://s.ek.ua/jpg/2384209.jpg,Enko.com.ua,з Кривого Рогу,27 596 .
Marin Gestalt,https://s.ek.ua/jpg/2384209.jpg,Rozetka.ua,з Києва,28 335 .
Marin Gestalt 1,https://s.ek.ua/jpg/2384224.jpg,VeloGO.com.ua,з Києва,49 560 .
Marin Gestalt 1,https://s.ek.ua/jpg/2384224.jpg,Цифра,з Києва,49 561 .
Marin Gestalt 1,https://s.ek.ua/jpg/2384224.jpg,Stylus.ua,з Києва,49 561 .
Marin Gestalt 1,https://s.ek.ua/jpg/2384224.jpg,Groosha.ua,з Києва,49 560 .
Marin Gestalt 1,https://s.ek.ua/jpg/2384224.jpg,Enko.com.ua,з Кривого Рогу,49 560 .
Marin Gestalt 1,https://s.ek.ua/jpg/2384224.jpg,Rozetka.ua,з Києва,49 560 .
Marin Gestalt 1,https://s.ek.ua/jpg/2384224.jpg,Rozetka.ua,з Києва,49 560 .
Scott Genius 930,https://s.ek.ua/jpg/2040335.jpg,Velotime.com.ua,з Києва,219 999 .
Scott Genius 930,https://s.ek.ua/jpg/2040335.jpg,Velomarket.org.ua,з Києва,219 999 .
Trek FX 3 Disc,https://s.ek.ua/jpg/2271273.jpg,Velotime.com.ua,з Києва,31 400 .
Trek FX 3 Disc,https://s.ek.ua/jpg/2271273.jpg,Velomarket.org.ua,з Києва,31 400 .
Bottecchia Freestyle 20,https://s.ek.ua/jpg/740364.jpg,Rozetka.ua,з Києва,11 200 .
Bottecchia Freestyle 20,https://s.ek.ua/jpg/740364.jpg,Rozetka.ua,з Києва,11 200 .
Marin Four Corners,https://s.ek.ua/jpg/2418726.jpg,Velomarket.org.ua,з Києва,38 270 .
Marin Four Corners,https://s.ek.ua/jpg/2418726.jpg,VeloGO.com.ua,з Києва,38 270 .
Marin Four Corners,https://s.ek.ua/jpg/2418726.jpg,Цифра,з Києва,38 271 .
Marin Four Corners,https://s.ek.ua/jpg/2418726.jpg,Stylus.ua,з Києва,38 271 .
Marin Four Corners,https://s.ek.ua/jpg/2418726.jpg,Enko.com.ua,з Кривого Рогу,38 270 .
Marin Four Corners,https://s.ek.ua/jpg/2418726.jpg,MTA.ua,з Києва,38 270 .
Marin Four Corners,https://s.ek.ua/jpg/2418726.jpg,Rozetka.ua,з Києва,38 271 .
Marin Four Corners,https://s.ek.ua/jpg/1961108.jpg,Axm.com.ua,з Харкова,36 448 .
Marin Four Corners,https://s.ek.ua/jpg/1961108.jpg,Axm.com.ua,з Харкова,36 448 .
Marin Four Corners 1,https://s.ek.ua/jpg/2730254.jpg,Velomarket.org.ua,з Києва,39 438 .
Marin Four Corners 1,https://s.ek.ua/jpg/2730254.jpg,VeloGO.com.ua,з Києва,39 438 .
Marin Four Corners 1,https://s.ek.ua/jpg/2730254.jpg,Цифра,з Києва,39 438 .
Marin Four Corners 1,https://s.ek.ua/jpg/2730254.jpg,Stylus.ua,з Києва,39 438 .
Marin Four Corners 1,https://s.ek.ua/jpg/2730254.jpg,Enko.com.ua,з Кривого Рогу,39 438 .
Marin Four Corners 1,https://s.ek.ua/jpg/2730254.jpg,Rozetka.ua,з Києва,39 438 .
Marin Four Corners 1,https://s.ek.ua/jpg/2730254.jpg,Velomarket.org.ua,з Києва,39 438 .
Corrado Fortun MTB 26,https://s.ek.ua/jpg/431413.jpg,АЛЛО,Ужгород,11 176 .
Corrado Fortun MTB 26,https://s.ek.ua/jpg/431413.jpg,Moyo.ua,Ужгород,11 176 .
Corrado Fortun MTB 26,https://s.ek.ua/jpg/431413.jpg,Rozetka.ua,з Києва,11 176 .
Corrado Fortun MTB 26,https://s.ek.ua/jpg/431413.jpg,АЛЛО,Ужгород,11 176 .
Corrado Fortun MTB 26,https://s.ek.ua/jpg/431413.jpg,АЛЛО,Ужгород,11 176 .
Corrado Fortun MTB 26,https://s.ek.ua/jpg/431413.jpg,Moyo.ua,Ужгород,11 176 .
Corrado Fortun MTB 26,https://s.ek.ua/jpg/431413.jpg,Moyo.ua,Ужгород,11 176 .
Corso Fortuna 28,https://s.ek.ua/jpg/2872989.jpg,Rozetka.ua,з Києва,8 199 .
Corso Fortuna 28,https://s.ek.ua/jpg/2872989.jpg,Rozetka.ua,з Києва,8 199 .
Corso Fortuna 28,https://s.ek.ua/jpg/2872989.jpg,Rozetka.ua,з Києва,8 199 .
Corso Fortuna 28,https://s.ek.ua/jpg/2872989.jpg,Rozetka.ua,з Києва,8 199 .
Corso Fortuna 28,https://s.ek.ua/jpg/2872989.jpg,Rozetka.ua,з Києва,10 721 .
Corso Fortuna 28,https://s.ek.ua/jpg/2872989.jpg,Rozetka.ua,з Києва,10 721 .
Corso Fortuna 28,https://s.ek.ua/jpg/2872989.jpg,Rozetka.ua,з Києва,10 721 .
Discovery Flint AM DD 24,https://s.ek.ua/jpg/2379238.jpg,Rozetka.ua,з Києва,8 362 .
Discovery Flint AM DD 24,https://s.ek.ua/jpg/2379238.jpg,Rozetka.ua,з Києва,8 747 .
Discovery Flint AM DD 24,https://s.ek.ua/jpg/2379238.jpg,Rozetka.ua,з Києва,9 285 .
Discovery Flint AM DD 24,https://s.ek.ua/jpg/2379238.jpg,Rozetka.ua,з Києва,8 500 .
KONA Fire Mountain,https://s.ek.ua/jpg/2720153.jpg,VeloGO.com.ua,з Києва,31 195 .
KONA Fire Mountain,https://s.ek.ua/jpg/2720153.jpg,Цифра,з Києва,31 196 .
KONA Fire Mountain,https://s.ek.ua/jpg/2720153.jpg,Stylus.ua,з Києва,31 195 .
KONA Fire Mountain,https://s.ek.ua/jpg/2720153.jpg,Rozetka.ua,з Києва,31 195 .
KONA Fire Mountain,https://s.ek.ua/jpg/2720153.jpg,VeloGO.com.ua,з Києва,31 195 .
KONA Fire Mountain,https://s.ek.ua/jpg/2720153.jpg,Цифра,з Києва,31 196 .
KONA Fire Mountain,https://s.ek.ua/jpg/2720153.jpg,Stylus.ua,з Києва,31 195 .
Giant Fathom E+ 3 29 Power,https://s.ek.ua/jpg/1835776.jpg,Velotime.com.ua,з Києва,135 201 .
Giant Fathom E+ 3 29 Power,https://s.ek.ua/jpg/1835776.jpg,Velomarket.org.ua,з Києва,135 201 .
Giant FastRoad E+ 1 Pro,https://s.ek.ua/jpg/1836790.jpg,Velotime.com.ua,з Києва,168 000 .
Giant FastRoad E+ 1 Pro,https://s.ek.ua/jpg/1836790.jpg,Velomarket.org.ua,з Києва,168 000 .
Giant FastRoad E+ 1 Pro,https://s.ek.ua/jpg/1836790.jpg,VeloGO.com.ua,з Києва,168 000 .
Giant FastRoad AR 3,https://s.ek.ua/jpg/2502731.jpg,Velotime.com.ua,з Києва,54 600 .
Giant FastRoad AR 3,https://s.ek.ua/jpg/2502731.jpg,Velomarket.org.ua,з Києва,54 600 .
Giant FastRoad AR 3,https://s.ek.ua/jpg/2502731.jpg,VeloGO.com.ua,з Києва,54 600 .
Giant FastRoad AR 3,https://s.ek.ua/jpg/2502731.jpg,Цифра,з Києва,56 280 .
Giant FastRoad AR 3,https://s.ek.ua/jpg/2502731.jpg,Stylus.ua,з Києва,56 280 .
Marin Fairfax 2,https://s.ek.ua/jpg/2183246.jpg,Velomarket.org.ua,з Києва,26 880 .
Marin Fairfax 2,https://s.ek.ua/jpg/2183246.jpg,VeloGO.com.ua,з Києва,26 880 .
Marin Fairfax 2,https://s.ek.ua/jpg/2183246.jpg,Цифра,з Києва,26 880 .
Marin Fairfax 2,https://s.ek.ua/jpg/2183246.jpg,Stylus.ua,з Києва,26 880 .
Marin Fairfax 2,https://s.ek.ua/jpg/2183246.jpg,Groosha.ua,з Києва,26 880 .
Marin Fairfax 2,https://s.ek.ua/jpg/2183246.jpg,Enko.com.ua,з Кривого Рогу,26 880 .
Marin Fairfax 2,https://s.ek.ua/jpg/2183246.jpg,Rozetka.ua,з Києва,26 880 .
Ardis Extreme FW 26 frame 17,https://s.ek.ua/jpg/1822265.jpg,Groosha.ua,з Києва,11 358 .
Ardis Extreme FW 26 frame 17,https://s.ek.ua/jpg/1822265.jpg,Groosha.ua,з Києва,11 358 .
Hammer Extreme 24,https://s.ek.ua/jpg/2510605.jpg,Rozetka.ua,з Києва,10 349 .
Hammer Extreme 24,https://s.ek.ua/jpg/2510605.jpg,Rozetka.ua,з Києва,10 694 .
Hammer Extreme 24,https://s.ek.ua/jpg/2510605.jpg,Rozetka.ua,з Києва,10 694 .
Hammer Extreme 24,https://s.ek.ua/jpg/2510605.jpg,Rozetka.ua,з Києва,10 349 .
Hammer Extreme 24,https://s.ek.ua/jpg/2510605.jpg,Rozetka.ua,з Києва,11 020 .
Hammer Extreme 24,https://s.ek.ua/jpg/2510605.jpg,Rozetka.ua,з Києва,10 349 .
Hammer Extreme 24,https://s.ek.ua/jpg/2510605.jpg,Rozetka.ua,з Києва,10 699 .
Giant Escape Disc 3,https://s.ek.ua/jpg/2237189.jpg,Цифра,з Києва,23 940 .
Giant Escape Disc 3,https://s.ek.ua/jpg/2237189.jpg,Stylus.ua,з Києва,23 940 .
Giant Escape 2 Disc,https://s.ek.ua/jpg/2502571.jpg,Velotime.com.ua,з Києва,30 030 .
Giant Escape 2 Disc,https://s.ek.ua/jpg/2502571.jpg,Velomarket.org.ua,з Києва,30 030 .
Giant Escape 2 Disc,https://s.ek.ua/jpg/2502571.jpg,VeloGO.com.ua,з Києва,30 030 .
Giant Escape 2 Disc,https://s.ek.ua/jpg/2502571.jpg,Цифра,з Києва,30 030 .
Giant Escape 2 Disc,https://s.ek.ua/jpg/2502571.jpg,Stylus.ua,з Києва,30 030 .
Spirit Fitness Echo 7.4 27.5,https://s.ek.ua/jpg/2255585.jpg,VeloGO.com.ua,з Києва,21 823 .
Spirit Fitness Echo 7.4 27.5,https://s.ek.ua/jpg/2255585.jpg,Stylus.ua,з Києва,21 823 .
Acer Ebii,https://s.ek.ua/jpg/2694375.jpg,Notebooker.ua,з Києва,230 999 .
Acer Ebii,https://s.ek.ua/jpg/2694375.jpg,Kvshop.com.ua,з Києва,230 999 .
Acer Ebii,https://s.ek.ua/jpg/2694375.jpg,Touch,з Дніпра,218 849 .
Acer Ebii,https://s.ek.ua/jpg/2694375.jpg,Ctrs.com.ua,з Києва,230 999 .
Acer Ebii,https://s.ek.ua/jpg/2694375.jpg,Luckylink.kiev.ua,з Києва,210 094 .
Acer Ebii,https://s.ek.ua/jpg/2694375.jpg,Setevuha.ua,з Києва,230 999 .
Acer Ebii,https://s.ek.ua/jpg/2694375.jpg,COMFY.ua,з Києва,218 999 .
2E EB35,https://s.ek.ua/jpg/2886168.jpg,АЛЛО,Ужгород,54 999 .
2E EB35,https://s.ek.ua/jpg/2886168.jpg,Royko.com.ua,з Києва,54 999 .
2E EB35,https://s.ek.ua/jpg/2886168.jpg,Moyo.ua,Ужгород,54 999 .
2E EB35,https://s.ek.ua/jpg/2886168.jpg,Comtrading.ua,з Києва,54 999 .
2E EB35,https://s.ek.ua/jpg/2886168.jpg,COMFY.ua,з Києва,54 999 .
2E EB35,https://s.ek.ua/jpg/2886168.jpg,Tviy-Dim.com,з Києва,49 879 .
2E EB35,https://s.ek.ua/jpg/2886168.jpg,Aligator.com.ua,з Києва,48 506 .
Trek Dual Sport 3 Gen 5,https://s.ek.ua/jpg/2655927.jpg,Velotime.com.ua,з Києва,42 700 .
Trek Dual Sport 3 Gen 5,https://s.ek.ua/jpg/2655927.jpg,Velomarket.org.ua,з Києва,42 700 .
Trek Dual Sport 2 Gen 5,https://s.ek.ua/jpg/2534290.jpg,Velotime.com.ua,з Києва,35 900 .
Trek Dual Sport 2 Gen 5,https://s.ek.ua/jpg/2534290.jpg,Velomarket.org.ua,з Києва,35 900 .
Marin DSX 1,https://s.ek.ua/jpg/2405225.jpg,Velomarket.org.ua,з Києва,44 058 .
Marin DSX 1,https://s.ek.ua/jpg/2405225.jpg,VeloGO.com.ua,з Києва,44 058 .
Marin DSX 1,https://s.ek.ua/jpg/2405225.jpg,Цифра,з Києва,44 058 .
Marin DSX 1,https://s.ek.ua/jpg/2405225.jpg,Stylus.ua,з Києва,44 058 .
Marin DSX 1,https://s.ek.ua/jpg/2405225.jpg,Enko.com.ua,з Кривого Рогу,44 058 .
Marin DSX 1,https://s.ek.ua/jpg/2405225.jpg,Groosha.ua,з Києва,44 058 .
Marin DSX 1,https://s.ek.ua/jpg/2405225.jpg,Ebox24.biz,з Львова,44 121 .
TITAN Drone 26,https://s.ek.ua/jpg/2421112.jpg,Groosha.ua,з Києва,7 990 .
TITAN Drone 26,https://s.ek.ua/jpg/2421112.jpg,Groosha.ua,з Києва,7 990 .
KONA Dr. Dew,https://s.ek.ua/jpg/2720007.jpg,Цифра,з Києва,52 828 .
KONA Dr. Dew,https://s.ek.ua/jpg/2720007.jpg,Stylus.ua,з Києва,52 827 .
KONA Dr. Dew,https://s.ek.ua/jpg/2512857.jpg,VeloGO.com.ua,з Києва,44 336 .
KONA Dr. Dew,https://s.ek.ua/jpg/2512857.jpg,Цифра,з Києва,55 421 .
KONA Dr. Dew,https://s.ek.ua/jpg/2512857.jpg,Stylus.ua,з Києва,55 421 .
KONA Dr. Dew,https://s.ek.ua/jpg/2512857.jpg,Rozetka.ua,з Києва,52 827 .
KONA Dr. Dew,https://s.ek.ua/jpg/2512857.jpg,VeloGO.com.ua,з Києва,52 827 .
KONA Dr. Dew,https://s.ek.ua/jpg/2512857.jpg,Rozetka.ua,з Києва,55 420 .
Trek Domane AL 2 Gen 4,https://s.ek.ua/jpg/2623280.jpg,Velotime.com.ua,з Києва,49 200 .
Trek Domane AL 2 Gen 4,https://s.ek.ua/jpg/2623280.jpg,Velomarket.org.ua,з Києва,49 200 .
Giant Defy Advanced Pro 2,https://s.ek.ua/jpg/2749709.jpg,Velotime.com.ua,з Києва,178 500 .
Giant Defy Advanced Pro 2,https://s.ek.ua/jpg/2749709.jpg,Velomarket.org.ua,з Києва,178 500 .
Giant Defy Advanced Pro 2,https://s.ek.ua/jpg/2749709.jpg,Цифра,з Києва,178 500 .
Giant Defy Advanced Pro 2,https://s.ek.ua/jpg/2749709.jpg,Stylus.ua,з Києва,178 500 .
Giant Defy Advanced 2,https://s.ek.ua/jpg/2748982.jpg,Velotime.com.ua,з Києва,147 000 .
Giant Defy Advanced 2,https://s.ek.ua/jpg/2748982.jpg,Velomarket.org.ua,з Києва,147 000 .
Giant Defy Advanced 1,https://s.ek.ua/jpg/2850581.jpg,Velotime.com.ua,з Києва,184 800 .
Giant Defy Advanced 1,https://s.ek.ua/jpg/2850581.jpg,Velomarket.org.ua,з Києва,184 800 .
Giant Defy Advanced 1,https://s.ek.ua/jpg/2850581.jpg,VeloGO.com.ua,з Києва,184 800 .
Giant Defy Advanced 1,https://s.ek.ua/jpg/2850581.jpg,Цифра,з Києва,184 800 .
Giant Defy Advanced 1,https://s.ek.ua/jpg/2850581.jpg,Stylus.ua,з Києва,184 800 .
Giant Defy Advanced 0,https://s.ek.ua/jpg/2887729.jpg,Velotime.com.ua,з Києва,205 800 .
Giant Defy Advanced 0,https://s.ek.ua/jpg/2887729.jpg,Velomarket.org.ua,з Києва,205 800 .
Giant Cypress 3,https://s.ek.ua/jpg/2502778.jpg,Velotime.com.ua,з Києва,35 280 .
Giant Cypress 3,https://s.ek.ua/jpg/2502778.jpg,Velomarket.org.ua,з Києва,35 280 .
Giant Cypress 3,https://s.ek.ua/jpg/2502778.jpg,VeloGO.com.ua,з Києва,35 280 .
Giant Cypress 3,https://s.ek.ua/jpg/2502778.jpg,Цифра,з Києва,35 280 .
Giant Cypress 3,https://s.ek.ua/jpg/2502778.jpg,Stylus.ua,з Києва,35 280 .
Giant Cypress 1,https://s.ek.ua/jpg/2502769.jpg,Velotime.com.ua,з Києва,40 950 .
Giant Cypress 1,https://s.ek.ua/jpg/2502769.jpg,Velomarket.org.ua,з Києва,40 950 .
Giant Cypress 1,https://s.ek.ua/jpg/2502769.jpg,VeloGO.com.ua,з Києва,40 950 .
Giant Cypress 1,https://s.ek.ua/jpg/2502769.jpg,Цифра,з Києва,40 950 .
Giant Cypress 1,https://s.ek.ua/jpg/2502769.jpg,Stylus.ua,з Києва,40 950 .
Merida Crossway L 10-V,https://s.ek.ua/jpg/2162615.jpg,Velotime.com.ua,з Києва,17 921 .
Merida Crossway L 10-V,https://s.ek.ua/jpg/2162615.jpg,Velomarket.org.ua,з Києва,17 921 .
Merida Crossway L 10-V,https://s.ek.ua/jpg/2162615.jpg,VeloGO.com.ua,з Києва,17 921 .
Merida Crossway L 100,https://s.ek.ua/jpg/2634551.jpg,Velotime.com.ua,з Києва,30 870 .
Merida Crossway L 100,https://s.ek.ua/jpg/2634551.jpg,Velomarket.org.ua,з Києва,30 870 .
Merida Crossway 20,https://s.ek.ua/jpg/2858743.jpg,Velotime.com.ua,з Києва,29 274 .
Merida Crossway 20,https://s.ek.ua/jpg/2858743.jpg,Velomarket.org.ua,з Києва,29 274 .
Merida Crossway 100,https://s.ek.ua/jpg/2850821.jpg,Velotime.com.ua,з Києва,30 828 .
Merida Crossway 100,https://s.ek.ua/jpg/2850821.jpg,Velomarket.org.ua,з Києва,30 828 .
Merida Crossway 100,https://s.ek.ua/jpg/2850821.jpg,VeloGO.com.ua,з Києва,30 828 .
Merida Crossway 100,https://s.ek.ua/jpg/2634638.jpg,Velotime.com.ua,з Києва,30 870 .
Merida Crossway 100,https://s.ek.ua/jpg/2634638.jpg,Velomarket.org.ua,з Києва,30 870 .
Merida Crossway 100,https://s.ek.ua/jpg/2435481.jpg,Velotime.com.ua,з Києва,28 700 .
Merida Crossway 100,https://s.ek.ua/jpg/2435481.jpg,Velomarket.org.ua,з Києва,28 700 .
Scott Contessa Spark 930,https://s.ek.ua/jpg/2039466.jpg,Velotime.com.ua,з Києва,114 999 .
Scott Contessa Spark 930,https://s.ek.ua/jpg/2039466.jpg,Velomarket.org.ua,з Києва,114 999 .
Scott Contessa Scale 950,https://s.ek.ua/jpg/2784774.jpg,Velotime.com.ua,з Києва,55 000 .
Scott Contessa Scale 950,https://s.ek.ua/jpg/2784774.jpg,Velomarket.org.ua,з Києва,55 000 .
Scott Contessa Scale 920,https://s.ek.ua/jpg/2040316.jpg,Velotime.com.ua,з Києва,104 999 .
Scott Contessa Scale 920,https://s.ek.ua/jpg/2040316.jpg,Velomarket.org.ua,з Києва,104 999 .
Scott Contessa Active 60 29,https://s.ek.ua/jpg/2786029.jpg,Velotime.com.ua,з Києва,30 200 .
Scott Contessa Active 60 29,https://s.ek.ua/jpg/2786029.jpg,Velomarket.org.ua,з Києва,30 200 .
Scott Contessa Active 60 29,https://s.ek.ua/jpg/2786029.jpg,VeloGO.com.ua,з Києва,30 200 .
Scott Contessa Active 60 29,https://s.ek.ua/jpg/2786029.jpg,Rozetka.ua,з Києва,30 200 .
Scott Contessa Active 60 29,https://s.ek.ua/jpg/1971185.jpg,Velotime.com.ua,з Києва,24 000 .
Scott Contessa Active 60 29,https://s.ek.ua/jpg/1971185.jpg,Velomarket.org.ua,з Києва,24 000 .
Scott Contessa Active 60 29,https://s.ek.ua/jpg/1971185.jpg,VeloGO.com.ua,з Києва,24 000 .
Scott Contessa Active 60 29,https://s.ek.ua/jpg/1971185.jpg,Rozetka.ua,з Києва,24 000 .
Scott Contessa Active 60 27.5,https://s.ek.ua/jpg/1971177.jpg,Velotime.com.ua,з Києва,24 000 .
Scott Contessa Active 60 27.5,https://s.ek.ua/jpg/1971177.jpg,Velomarket.org.ua,з Києва,24 000 .
Scott Contessa Active 50 29,https://s.ek.ua/jpg/1958444.jpg,Velotime.com.ua,з Києва,25 000 .
Scott Contessa Active 50 29,https://s.ek.ua/jpg/1958444.jpg,Velomarket.org.ua,з Києва,25 000 .
Scott Contessa Active 50 29,https://s.ek.ua/jpg/1958444.jpg,Velotime.com.ua,з Києва,25 000 .
Scott Contessa Active 50 29,https://s.ek.ua/jpg/1958444.jpg,Velomarket.org.ua,з Києва,25 000 .
Scott Contessa Active 50 27.5,https://s.ek.ua/jpg/2207686.jpg,Velotime.com.ua,з Києва,32 550 .
Scott Contessa Active 50 27.5,https://s.ek.ua/jpg/2207686.jpg,Velomarket.org.ua,з Києва,32 550 .
Scott Contessa Active 50 27.5,https://s.ek.ua/jpg/2207686.jpg,VeloGO.com.ua,з Києва,32 550 .
Scott Contessa Active 50 27.5,https://s.ek.ua/jpg/2207686.jpg,Rozetka.ua,з Києва,32 550 .
Scott Contessa Active 50 27.5,https://s.ek.ua/jpg/2207686.jpg,Rozetka.ua,з Києва,32 550 .
Scott Contessa Active 50 27.5,https://s.ek.ua/jpg/1958441.jpg,Velotime.com.ua,з Києва,25 000 .
Scott Contessa Active 50 27.5,https://s.ek.ua/jpg/1958441.jpg,Velomarket.org.ua,з Києва,25 000 .
Scott Contessa Active 50 27.5,https://s.ek.ua/jpg/1958441.jpg,Velotime.com.ua,з Києва,25 000 .
Scott Contessa Active 50 27.5,https://s.ek.ua/jpg/1958441.jpg,Velomarket.org.ua,з Києва,25 000 .
Scott Contessa Active 50 27.5,https://s.ek.ua/jpg/1958441.jpg,Velomarket.org.ua,з Києва,25 000 .
Scott Contessa Active 40 29,https://s.ek.ua/jpg/2786005.jpg,Velotime.com.ua,з Києва,38 600 .
Scott Contessa Active 40 29,https://s.ek.ua/jpg/2786005.jpg,Velomarket.org.ua,з Києва,38 600 .
Scott Contessa Active 40 29,https://s.ek.ua/jpg/2786005.jpg,VeloGO.com.ua,з Києва,38 600 .
Scott Contessa Active 40 29,https://s.ek.ua/jpg/2786005.jpg,Rozetka.ua,з Києва,36 750 .
Scott Contessa Active 40 29,https://s.ek.ua/jpg/2786005.jpg,Rozetka.ua,з Києва,38 600 .
Scott Contessa Active 40 29,https://s.ek.ua/jpg/1971220.jpg,Velotime.com.ua,з Києва,38 600 .
Scott Contessa Active 40 29,https://s.ek.ua/jpg/1971220.jpg,Velomarket.org.ua,з Києва,38 600 .
Scott Contessa Active 40 29,https://s.ek.ua/jpg/1971220.jpg,VeloGO.com.ua,з Києва,38 600 .
Scott Contessa Active 40 29,https://s.ek.ua/jpg/1971220.jpg,Rozetka.ua,з Києва,38 600 .
Scott Contessa Active 40 27.5,https://s.ek.ua/jpg/2786004.jpg,Velotime.com.ua,з Києва,38 600 .
Scott Contessa Active 40 27.5,https://s.ek.ua/jpg/2786004.jpg,Velomarket.org.ua,з Києва,38 600 .
Scott Contessa Active 40 27.5,https://s.ek.ua/jpg/2786004.jpg,VeloGO.com.ua,з Києва,38 600 .
Scott Contessa Active 40 27.5,https://s.ek.ua/jpg/2786004.jpg,Rozetka.ua,з Києва,36 750 .
Scott Contessa Active 40 27.5,https://s.ek.ua/jpg/2786004.jpg,Rozetka.ua,з Києва,38 600 .
Scott Contessa Active 40 27.5,https://s.ek.ua/jpg/1971215.jpg,Velotime.com.ua,з Києва,31 500 .
Scott Contessa Active 40 27.5,https://s.ek.ua/jpg/1971215.jpg,Velomarket.org.ua,з Києва,31 500 .
Scott Contessa Active 30 29,https://s.ek.ua/jpg/2784673.jpg,Velotime.com.ua,з Києва,44 100 .
Scott Contessa Active 30 29,https://s.ek.ua/jpg/2784673.jpg,Velomarket.org.ua,з Києва,44 100 .
Scott Contessa Active 30 29,https://s.ek.ua/jpg/2039745.jpg,Velotime.com.ua,з Києва,36 750 .
Scott Contessa Active 30 29,https://s.ek.ua/jpg/2039745.jpg,Velomarket.org.ua,з Києва,36 750 .
Scott Contessa Active 30 29,https://s.ek.ua/jpg/2039745.jpg,VeloGO.com.ua,з Києва,36 750 .
Scott Contessa Active 30 29,https://s.ek.ua/jpg/2039745.jpg,Rozetka.ua,з Києва,33 810 .
Scott Contessa Active 30 29,https://s.ek.ua/jpg/2039745.jpg,Rozetka.ua,з Києва,36 750 .
Scott Contessa Active 30 27.5,https://s.ek.ua/jpg/2039726.jpg,Velotime.com.ua,з Києва,36 750 .
Scott Contessa Active 30 27.5,https://s.ek.ua/jpg/2039726.jpg,Velomarket.org.ua,з Києва,36 750 .
Scott Contessa Active 30 27.5,https://s.ek.ua/jpg/2039726.jpg,VeloGO.com.ua,з Києва,36 750 .
Scott Contessa Active 30 27.5,https://s.ek.ua/jpg/2039726.jpg,Rozetka.ua,з Києва,33 810 .
Scott Contessa Active 30 27.5,https://s.ek.ua/jpg/2039726.jpg,Rozetka.ua,з Києва,36 750 .
Scott Contessa Active 20 29,https://s.ek.ua/jpg/2039829.jpg,Velotime.com.ua,з Києва,42 000 .
Scott Contessa Active 20 29,https://s.ek.ua/jpg/2039829.jpg,Velomarket.org.ua,з Києва,42 000 .
Scott Contessa Active 20 29,https://s.ek.ua/jpg/2039829.jpg,VeloGO.com.ua,з Києва,42 000 .
Scott Contessa Active 20 29,https://s.ek.ua/jpg/2039829.jpg,Rozetka.ua,з Києва,42 000 .
Scott Contessa Active 20 29,https://s.ek.ua/jpg/2039829.jpg,Rozetka.ua,з Києва,42 000 .
Giant Contend AR 3,https://s.ek.ua/jpg/1811644.jpg,Velotime.com.ua,з Києва,55 644 .
Giant Contend AR 3,https://s.ek.ua/jpg/1811644.jpg,Velomarket.org.ua,з Києва,55 644 .
Giant Contend AR 3,https://s.ek.ua/jpg/1811644.jpg,VeloGO.com.ua,з Києва,55 650 .
Giant Contend AR 3,https://s.ek.ua/jpg/1811644.jpg,Цифра,з Києва,55 650 .
Giant Contend AR 3,https://s.ek.ua/jpg/1811644.jpg,Stylus.ua,з Києва,55 650 .
Giant Contend 3,https://s.ek.ua/jpg/2210253.jpg,Velotime.com.ua,з Києва,39 060 .
Giant Contend 3,https://s.ek.ua/jpg/2210253.jpg,Velomarket.org.ua,з Києва,39 060 .
Giant Contend 3,https://s.ek.ua/jpg/2210253.jpg,VeloGO.com.ua,з Києва,39 060 .
Giant Contend 3,https://s.ek.ua/jpg/2210253.jpg,Цифра,з Києва,39 060 .
Giant Contend 3,https://s.ek.ua/jpg/2210253.jpg,Stylus.ua,з Києва,39 060 .
Giant Contend 3,https://s.ek.ua/jpg/1982071.jpg,Velotime.com.ua,з Києва,39 060 .
Giant Contend 3,https://s.ek.ua/jpg/1982071.jpg,Velomarket.org.ua,з Києва,39 060 .
Giant Contend 3,https://s.ek.ua/jpg/1982071.jpg,VeloGO.com.ua,з Києва,39 060 .
Giant Contend 3,https://s.ek.ua/jpg/1982071.jpg,Цифра,з Києва,39 060 .
Giant Contend 3,https://s.ek.ua/jpg/1982071.jpg,Stylus.ua,з Києва,39 060 .
Giant Contend 1,https://s.ek.ua/jpg/1982083.jpg,Velotime.com.ua,з Києва,50 399 .
Giant Contend 1,https://s.ek.ua/jpg/1982083.jpg,Velomarket.org.ua,з Києва,50 400 .
Giant Contend 1,https://s.ek.ua/jpg/1982083.jpg,VeloGO.com.ua,з Києва,50 400 .
Giant Contend 1,https://s.ek.ua/jpg/1982083.jpg,Цифра,з Києва,50 400 .
Giant Contend 1,https://s.ek.ua/jpg/1982083.jpg,Stylus.ua,з Києва,50 400 .
Author Compact,https://s.ek.ua/jpg/2434367.jpg,Velotime.com.ua,з Києва,15 900 .
Author Compact,https://s.ek.ua/jpg/2434367.jpg,Velomarket.org.ua,з Києва,15 900 .
Author Compact,https://s.ek.ua/jpg/2434367.jpg,Цифра,з Києва,19 740 .
Author Compact,https://s.ek.ua/jpg/2434367.jpg,Stylus.ua,з Києва,19 740 .
Crossride Comfort D 28,https://s.ek.ua/jpg/1629169.jpg,АЛЛО,Ужгород,6 796 .
Crossride Comfort D 28,https://s.ek.ua/jpg/1629169.jpg,Moyo.ua,Ужгород,6 796 .
Crossride Comfort D 28,https://s.ek.ua/jpg/1629169.jpg,Groosha.ua,з Києва,6 358 .
Crossride Comfort D 28,https://s.ek.ua/jpg/1629169.jpg,Rozetka.ua,з Києва,6 796 .
Crossride Comfort D 28,https://s.ek.ua/jpg/1629169.jpg,АЛЛО,Ужгород,6 796 .
Crossride Comfort D 28,https://s.ek.ua/jpg/1629169.jpg,Moyo.ua,Ужгород,6 796 .
Crossride Comfort D 28,https://s.ek.ua/jpg/1629169.jpg,Groosha.ua,з Києва,6 358 .
Crossride Cleo MTB 26,https://s.ek.ua/jpg/1153130.jpg,АЛЛО,Ужгород,10 727 .
Crossride Cleo MTB 26,https://s.ek.ua/jpg/1153130.jpg,АЛЛО,Ужгород,9 999 .
KTM Chicago 292,https://s.ek.ua/jpg/2443390.jpg,Velotime.com.ua,з Києва,27 950 .
KTM Chicago 292,https://s.ek.ua/jpg/2443390.jpg,Velomarket.org.ua,з Києва,27 950 .
KTM Chicago 292,https://s.ek.ua/jpg/2443390.jpg,VeloGO.com.ua,з Києва,27 950 .
KTM Chicago 292,https://s.ek.ua/jpg/2443390.jpg,Rozetka.ua,з Києва,30 284 .
KTM Chicago 292,https://s.ek.ua/jpg/2443390.jpg,Velotime.com.ua,з Києва,27 950 .
KTM Chicago 272,https://s.ek.ua/jpg/2443511.jpg,Velotime.com.ua,з Києва,27 950 .
KTM Chicago 272,https://s.ek.ua/jpg/2443511.jpg,Velomarket.org.ua,з Києва,27 950 .
KTM Chicago 272,https://s.ek.ua/jpg/2443511.jpg,VeloGO.com.ua,з Києва,27 950 .
KTM Chicago 272,https://s.ek.ua/jpg/2443511.jpg,Rozetka.ua,з Києва,30 284 .
KTM Chicago 271,https://s.ek.ua/jpg/2443329.jpg,Velotime.com.ua,з Києва,34 400 .
KTM Chicago 271,https://s.ek.ua/jpg/2443329.jpg,Velomarket.org.ua,з Києва,34 400 .
KTM Chicago 271,https://s.ek.ua/jpg/2443329.jpg,VeloGO.com.ua,з Києва,34 400 .
KTM Chicago 271,https://s.ek.ua/jpg/2443329.jpg,Rozetka.ua,з Києва,35 602 .
KTM Chicago 271,https://s.ek.ua/jpg/2443329.jpg,Velotime.com.ua,з Києва,34 400 .
KTM Chicago 271,https://s.ek.ua/jpg/2443329.jpg,Velomarket.org.ua,з Києва,34 400 .
KTM Chicago 271,https://s.ek.ua/jpg/2443329.jpg,VeloGO.com.ua,з Києва,34 400 .
Trek Checkpoint SL 5 AXS Gen 3,https://s.ek.ua/jpg/2887747.jpg,Velotime.com.ua,з Києва,154 900 .
Trek Checkpoint SL 5 AXS Gen 3,https://s.ek.ua/jpg/2887747.jpg,Velomarket.org.ua,з Києва,154 900 .
ORBEA Carpe 25,https://s.ek.ua/jpg/1745048.jpg,АЛЛО,Ужгород,36 900 .
ORBEA Carpe 25,https://s.ek.ua/jpg/1745048.jpg,VeloGO.com.ua,з Києва,30 750 .
ORBEA Carpe 25,https://s.ek.ua/jpg/1745048.jpg,Palladium.ua,з Києва,30 750 .
ORBEA Carpe 25,https://s.ek.ua/jpg/1745048.jpg,Mobitek.com.ua,з Києва,30 443 .
ORBEA Carpe 25,https://s.ek.ua/jpg/1745048.jpg,Rozetka.ua,з Києва,30 750 .
Marin Bolinas Ridge 2 29,https://s.ek.ua/jpg/2273143.jpg,Цифра,з Києва,25 579 .
Marin Bolinas Ridge 2 29,https://s.ek.ua/jpg/2273143.jpg,Stylus.ua,з Києва,25 579 .
Marin Bobcat Trail 5 29,https://s.ek.ua/jpg/2886277.jpg,Velomarket.org.ua,з Києва,37 800 .
Marin Bobcat Trail 5 29,https://s.ek.ua/jpg/2886277.jpg,VeloGO.com.ua,з Києва,37 800 .
Marin Bobcat Trail 5 29,https://s.ek.ua/jpg/2886277.jpg,Enko.com.ua,з Кривого Рогу,37 800 .
Marin Bobcat Trail 5 29,https://s.ek.ua/jpg/2886277.jpg,MTA.ua,з Києва,37 800 .
Marin Bobcat Trail 5 29,https://s.ek.ua/jpg/2183176.jpg,Velomarket.org.ua,з Києва,37 758 .
Marin Bobcat Trail 5 29,https://s.ek.ua/jpg/2183176.jpg,VeloGO.com.ua,з Києва,37 758 .
Marin Bobcat Trail 5 29,https://s.ek.ua/jpg/2183176.jpg,Цифра,з Києва,37 758 .
Marin Bobcat Trail 5 29,https://s.ek.ua/jpg/2183176.jpg,Stylus.ua,з Києва,37 758 .
Marin Bobcat Trail 5 29,https://s.ek.ua/jpg/2183176.jpg,Groosha.ua,з Києва,37 758 .
Marin Bobcat Trail 5 29,https://s.ek.ua/jpg/2183176.jpg,Enko.com.ua,з Кривого Рогу,37 758 .
Marin Bobcat Trail 5 29,https://s.ek.ua/jpg/2183176.jpg,Rozetka.ua,з Києва,37 758 .
Marin Bobcat Trail 5 27.5,https://s.ek.ua/jpg/2886267.jpg,Velomarket.org.ua,з Києва,37 800 .
Marin Bobcat Trail 5 27.5,https://s.ek.ua/jpg/2886267.jpg,VeloGO.com.ua,з Києва,37 800 .
Marin Bobcat Trail 5 27.5,https://s.ek.ua/jpg/2886267.jpg,Enko.com.ua,з Кривого Рогу,37 800 .
Marin Bobcat Trail 5 27.5,https://s.ek.ua/jpg/2886267.jpg,Groosha.ua,з Києва,37 800 .
Marin Bobcat Trail 5 27.5,https://s.ek.ua/jpg/2886267.jpg,MTA.ua,з Києва,37 800 .
Marin Bobcat Trail 4 29,https://s.ek.ua/jpg/2384201.jpg,Velomarket.org.ua,з Києва,28 560 .
Marin Bobcat Trail 4 29,https://s.ek.ua/jpg/2384201.jpg,Цифра,з Києва,28 560 .
Marin Bobcat Trail 4 29,https://s.ek.ua/jpg/2384201.jpg,Stylus.ua,з Києва,28 560 .
Marin Bobcat Trail 4 29,https://s.ek.ua/jpg/2384201.jpg,Groosha.ua,з Києва,28 560 .
Marin Bobcat Trail 4 29,https://s.ek.ua/jpg/2384201.jpg,Enko.com.ua,з Кривого Рогу,28 560 .
Marin Bobcat Trail 4 29,https://s.ek.ua/jpg/2384201.jpg,Rozetka.ua,з Києва,28 560 .
Marin Bobcat Trail 4 29,https://s.ek.ua/jpg/2384201.jpg,Цифра,з Києва,28 560 .
Marin Bobcat Trail 4 27.5,https://s.ek.ua/jpg/2384197.jpg,Velomarket.org.ua,з Києва,28 560 .
Marin Bobcat Trail 4 27.5,https://s.ek.ua/jpg/2384197.jpg,VeloGO.com.ua,з Києва,28 560 .
Marin Bobcat Trail 4 27.5,https://s.ek.ua/jpg/2384197.jpg,Цифра,з Києва,28 560 .
Marin Bobcat Trail 4 27.5,https://s.ek.ua/jpg/2384197.jpg,Stylus.ua,з Києва,28 560 .
Marin Bobcat Trail 4 27.5,https://s.ek.ua/jpg/2384197.jpg,Enko.com.ua,з Кривого Рогу,28 560 .
Marin Bobcat Trail 4 27.5,https://s.ek.ua/jpg/2384197.jpg,Rozetka.ua,з Києва,28 560 .
Marin Bobcat Trail 4 27.5,https://s.ek.ua/jpg/2384197.jpg,VeloGO.com.ua,з Києва,28 560 .
Marin Bobcat Trail 3 29,https://s.ek.ua/jpg/2850100.jpg,VeloGO.com.ua,з Києва,28 140 .
Marin Bobcat Trail 3 29,https://s.ek.ua/jpg/2850100.jpg,Цифра,з Києва,28 140 .
Marin Bobcat Trail 3 29,https://s.ek.ua/jpg/2850100.jpg,Stylus.ua,з Києва,28 140 .
Marin Bobcat Trail 3 29,https://s.ek.ua/jpg/2850100.jpg,MTA.ua,з Києва,28 140 .
Ardis Blaze 27.5 frame 17,https://s.ek.ua/jpg/2738370.jpg,АЛЛО,Ужгород,12 075 .
Ardis Blaze 27.5 frame 17,https://s.ek.ua/jpg/2738370.jpg,Moyo.ua,Ужгород,12 075 .
Ardis Blaze 27.5 frame 17,https://s.ek.ua/jpg/2738370.jpg,АЛЛО,Ужгород,12 075 .
Ardis Blaze 27.5 frame 17,https://s.ek.ua/jpg/2738370.jpg,АЛЛО,Ужгород,12 075 .
Ardis Blaze 27.5 frame 17,https://s.ek.ua/jpg/2738370.jpg,Moyo.ua,Ужгород,12 075 .
Ardis Blaze 27.5 frame 17,https://s.ek.ua/jpg/2738370.jpg,Moyo.ua,Ужгород,12 075 .
Merida Big.Trail 600,https://s.ek.ua/jpg/2858694.jpg,Velotime.com.ua,з Києва,100 800 .
Merida Big.Trail 600,https://s.ek.ua/jpg/2858694.jpg,Velomarket.org.ua,з Києва,100 800 .
Merida Big.Trail 600,https://s.ek.ua/jpg/2858694.jpg,VeloGO.com.ua,з Києва,100 800 .
Merida Big.Trail 600,https://s.ek.ua/jpg/2858694.jpg,Velotime.com.ua,з Києва,100 800 .
Merida Big.Trail 600,https://s.ek.ua/jpg/2858694.jpg,Velomarket.org.ua,з Києва,100 800 .
Merida Big.Trail 600,https://s.ek.ua/jpg/2858694.jpg,VeloGO.com.ua,з Києва,100 800 .
Merida Big.Trail 600,https://s.ek.ua/jpg/2623208.jpg,Velotime.com.ua,з Києва,64 675 .
Merida Big.Trail 600,https://s.ek.ua/jpg/2623208.jpg,Velomarket.org.ua,з Києва,64 675 .
Merida Big.Trail 600,https://s.ek.ua/jpg/2623208.jpg,VeloGO.com.ua,з Києва,64 676 .
Merida Big.Trail 500,https://s.ek.ua/jpg/2858672.jpg,Velotime.com.ua,з Києва,65 142 .
Merida Big.Trail 500,https://s.ek.ua/jpg/2858672.jpg,Velomarket.org.ua,з Києва,65 142 .
Merida Big.Trail 500,https://s.ek.ua/jpg/2858672.jpg,VeloGO.com.ua,з Києва,65 142 .
Merida Big.Trail 500,https://s.ek.ua/jpg/2858672.jpg,Velotime.com.ua,з Києва,65 142 .
Merida Big.Trail 500,https://s.ek.ua/jpg/2858672.jpg,Velomarket.org.ua,з Києва,65 142 .
Merida Big.Trail 500,https://s.ek.ua/jpg/2858672.jpg,VeloGO.com.ua,з Києва,65 142 .
Merida Big.Trail 500,https://s.ek.ua/jpg/2622296.jpg,Velotime.com.ua,з Києва,51 483 .
Merida Big.Trail 500,https://s.ek.ua/jpg/2622296.jpg,Velomarket.org.ua,з Києва,51 483 .
Merida Big.Trail 500,https://s.ek.ua/jpg/2622296.jpg,VeloGO.com.ua,з Києва,51 484 .
Merida Big.Trail 400,https://s.ek.ua/jpg/2623184.jpg,Velotime.com.ua,з Києва,47 250 .
Merida Big.Trail 400,https://s.ek.ua/jpg/2623184.jpg,Velomarket.org.ua,з Києва,47 250 .
Merida Big.Trail 300,https://s.ek.ua/jpg/2858607.jpg,Velotime.com.ua,з Києва,46 830 .
Merida Big.Trail 300,https://s.ek.ua/jpg/2858607.jpg,Velomarket.org.ua,з Києва,46 830 .
Merida Big.Trail 300,https://s.ek.ua/jpg/2858607.jpg,VeloGO.com.ua,з Києва,46 830 .
Merida Big.Trail 300,https://s.ek.ua/jpg/2858607.jpg,Velotime.com.ua,з Києва,46 830 .
Merida Big.Trail 300,https://s.ek.ua/jpg/2858607.jpg,Velomarket.org.ua,з Києва,46 830 .
Merida Big.Trail 300,https://s.ek.ua/jpg/2858607.jpg,VeloGO.com.ua,з Києва,46 830 .
Merida Big.Trail 200,https://s.ek.ua/jpg/2503650.jpg,Velotime.com.ua,з Києва,36 099 .
Merida Big.Trail 200,https://s.ek.ua/jpg/2503650.jpg,Velomarket.org.ua,з Києва,36 099 .
Merida Big.Seven 60-2x,https://s.ek.ua/jpg/2436664.jpg,Velotime.com.ua,з Києва,28 774 .
Merida Big.Seven 60-2x,https://s.ek.ua/jpg/2436664.jpg,Velomarket.org.ua,з Києва,28 774 .
Merida Big.Seven 60-2x,https://s.ek.ua/jpg/2436664.jpg,VeloGO.com.ua,з Києва,28 774 .
Merida Big.Seven 60-2x,https://s.ek.ua/jpg/2436664.jpg,Velotime.com.ua,з Києва,28 774 .
Merida Big.Seven 60-2x,https://s.ek.ua/jpg/2436664.jpg,Velotime.com.ua,з Києва,28 774 .
Merida Big.Seven 60-2x,https://s.ek.ua/jpg/2436664.jpg,Velotime.com.ua,з Києва,28 774 .
Merida Big.Seven 60-2x,https://s.ek.ua/jpg/2436664.jpg,Velomarket.org.ua,з Києва,28 774 .
Merida Big.Seven 60,https://s.ek.ua/jpg/2858572.jpg,Velotime.com.ua,з Києва,33 936 .
Merida Big.Seven 60,https://s.ek.ua/jpg/2858572.jpg,Velomarket.org.ua,з Києва,33 936 .
Merida Big.Seven 60,https://s.ek.ua/jpg/2858572.jpg,VeloGO.com.ua,з Києва,33 936 .
Merida Big.Seven 60,https://s.ek.ua/jpg/2647662.jpg,Velotime.com.ua,з Києва,33 936 .
Merida Big.Seven 60,https://s.ek.ua/jpg/2647662.jpg,Velomarket.org.ua,з Києва,33 936 .
Merida Big.Seven 60,https://s.ek.ua/jpg/2647662.jpg,VeloGO.com.ua,з Києва,33 936 .
Merida Big.Seven 60,https://s.ek.ua/jpg/2647662.jpg,Velotime.com.ua,з Києва,33 936 .
Merida Big.Seven 60,https://s.ek.ua/jpg/2647662.jpg,Velotime.com.ua,з Києва,33 936 .
Merida Big.Seven 60,https://s.ek.ua/jpg/2647662.jpg,Velomarket.org.ua,з Києва,33 936 .
Merida Big.Seven 60,https://s.ek.ua/jpg/2647662.jpg,Velomarket.org.ua,з Києва,33 936 .
Merida Big.Seven 20-3x,https://s.ek.ua/jpg/2418752.jpg,Velotime.com.ua,з Києва,23 999 .
Merida Big.Seven 20-3x,https://s.ek.ua/jpg/2418752.jpg,Velomarket.org.ua,з Києва,23 999 .
Merida Big.Seven 20-3x,https://s.ek.ua/jpg/2418752.jpg,VeloGO.com.ua,з Києва,25 620 .
Merida Big.Seven 20-3x,https://s.ek.ua/jpg/2418752.jpg,Velotime.com.ua,з Києва,23 999 .
Merida Big.Seven 20-3x,https://s.ek.ua/jpg/2418752.jpg,Velomarket.org.ua,з Києва,23 999 .
Merida Big.Seven 20,https://s.ek.ua/jpg/2858523.jpg,Velotime.com.ua,з Києва,29 484 .
Merida Big.Seven 20,https://s.ek.ua/jpg/2858523.jpg,Velomarket.org.ua,з Києва,29 484 .
Merida Big.Seven 20,https://s.ek.ua/jpg/2858523.jpg,VeloGO.com.ua,з Києва,29 484 .
Merida Big.Seven 20,https://s.ek.ua/jpg/2647641.jpg,Velotime.com.ua,з Києва,28 812 .
Merida Big.Seven 20,https://s.ek.ua/jpg/2647641.jpg,Velomarket.org.ua,з Києва,28 812 .
Merida Big.Seven 20,https://s.ek.ua/jpg/2647641.jpg,VeloGO.com.ua,з Києва,28 812 .
Merida Big.Seven 20,https://s.ek.ua/jpg/2647641.jpg,Velotime.com.ua,з Києва,28 812 .
Merida Big.Seven 20,https://s.ek.ua/jpg/2647641.jpg,Velotime.com.ua,з Києва,28 812 .
Merida Big.Seven 20,https://s.ek.ua/jpg/2647641.jpg,Velomarket.org.ua,з Києва,28 812 .
Merida Big.Seven 20,https://s.ek.ua/jpg/2647641.jpg,Velomarket.org.ua,з Києва,28 812 .
Merida Big.Seven 15,https://s.ek.ua/jpg/2858482.jpg,Velotime.com.ua,з Києва,26 670 .
Merida Big.Seven 15,https://s.ek.ua/jpg/2858482.jpg,Velomarket.org.ua,з Києва,26 670 .
Merida Big.Seven 15,https://s.ek.ua/jpg/2858482.jpg,VeloGO.com.ua,з Києва,26 670 .
Merida Big.Seven 15,https://s.ek.ua/jpg/2858482.jpg,Velotime.com.ua,з Києва,26 670 .
Merida Big.Seven 15,https://s.ek.ua/jpg/2858482.jpg,Velomarket.org.ua,з Києва,26 670 .
Merida Big.Seven 15,https://s.ek.ua/jpg/2858482.jpg,VeloGO.com.ua,з Києва,26 670 .
Merida Big.Seven 15,https://s.ek.ua/jpg/2647589.jpg,Velotime.com.ua,з Києва,25 830 .
Merida Big.Seven 15,https://s.ek.ua/jpg/2647589.jpg,Velomarket.org.ua,з Києва,25 830 .
Merida Big.Seven 15,https://s.ek.ua/jpg/2647589.jpg,VeloGO.com.ua,з Києва,25 830 .
Merida Big.Seven 15,https://s.ek.ua/jpg/2647589.jpg,Velotime.com.ua,з Києва,25 830 .
Merida Big.Seven 15,https://s.ek.ua/jpg/2647589.jpg,Velotime.com.ua,з Києва,25 830 .
Merida Big.Seven 15,https://s.ek.ua/jpg/2647589.jpg,Velomarket.org.ua,з Києва,25 830 .
Merida Big.Seven 15,https://s.ek.ua/jpg/2647589.jpg,Velomarket.org.ua,з Києва,25 830 .
Merida Big.Seven 15,https://s.ek.ua/jpg/2435407.jpg,Velotime.com.ua,з Києва,21 384 .
Merida Big.Seven 15,https://s.ek.ua/jpg/2435407.jpg,Velomarket.org.ua,з Києва,21 384 .
Merida Big.Seven 15,https://s.ek.ua/jpg/2405962.jpg,Velotime.com.ua,з Києва,21 384 .
Merida Big.Seven 15,https://s.ek.ua/jpg/2405962.jpg,Velomarket.org.ua,з Києва,21 384 .
Merida Big.Seven 100-2x,https://s.ek.ua/jpg/2436822.jpg,VeloGO.com.ua,з Києва,30 660 .
Merida Big.Seven 100-2x,https://s.ek.ua/jpg/2436822.jpg,VeloGO.com.ua,з Києва,30 660 .
Merida Big.Nine XT-Edition,https://s.ek.ua/jpg/2437620.jpg,Velotime.com.ua,з Києва,62 367 .
Merida Big.Nine XT-Edition,https://s.ek.ua/jpg/2437620.jpg,Velomarket.org.ua,з Києва,62 367 .
Merida Big.Nine XT-Edition,https://s.ek.ua/jpg/2437620.jpg,VeloGO.com.ua,з Києва,62 368 .
Merida Big.Nine XT,https://s.ek.ua/jpg/2851241.jpg,Velotime.com.ua,з Києва,128 520 .
Merida Big.Nine XT,https://s.ek.ua/jpg/2851241.jpg,Velomarket.org.ua,з Києва,128 520 .
Merida Big.Nine XT,https://s.ek.ua/jpg/2851241.jpg,VeloGO.com.ua,з Києва,128 520 .
Merida Big.Nine XT,https://s.ek.ua/jpg/2851241.jpg,Velotime.com.ua,з Києва,128 520 .
Merida Big.Nine XT,https://s.ek.ua/jpg/2851241.jpg,Velomarket.org.ua,з Києва,128 520 .
Merida Big.Nine XT,https://s.ek.ua/jpg/2851241.jpg,VeloGO.com.ua,з Києва,128 520 .
Merida Big Nine XT,https://s.ek.ua/jpg/2858417.jpg,Velotime.com.ua,з Києва,105 779 .
Merida Big Nine XT,https://s.ek.ua/jpg/2858417.jpg,Velomarket.org.ua,з Києва,105 779 .
Merida Big.Nine TR 5000,https://s.ek.ua/jpg/2850789.jpg,Velotime.com.ua,з Києва,107 436 .
Merida Big.Nine TR 5000,https://s.ek.ua/jpg/2850789.jpg,Velomarket.org.ua,з Києва,107 436 .
Merida Big.Nine TR 5000,https://s.ek.ua/jpg/2850789.jpg,VeloGO.com.ua,з Києва,107 436 .
Merida Big.Nine TR 5000,https://s.ek.ua/jpg/2850789.jpg,Velotime.com.ua,з Києва,107 436 .
Merida Big.Nine TR 5000,https://s.ek.ua/jpg/2850789.jpg,Velomarket.org.ua,з Києва,107 436 .
Merida Big.Nine TR 5000,https://s.ek.ua/jpg/2850789.jpg,VeloGO.com.ua,з Києва,107 436 .
Merida Big.Nine 7000,https://s.ek.ua/jpg/2858391.jpg,Velotime.com.ua,з Києва,155 687 .
Merida Big.Nine 7000,https://s.ek.ua/jpg/2858391.jpg,Velomarket.org.ua,з Києва,155 687 .
Merida Big.Nine 7000,https://s.ek.ua/jpg/2858391.jpg,VeloGO.com.ua,з Києва,155 688 .
Merida Big.Nine 60-3x,https://s.ek.ua/jpg/2399872.jpg,Velotime.com.ua,з Києва,28 774 .
Merida Big.Nine 60-3x,https://s.ek.ua/jpg/2399872.jpg,Velomarket.org.ua,з Києва,28 774 .
Merida Big.Nine 60-3x,https://s.ek.ua/jpg/2399872.jpg,VeloGO.com.ua,з Києва,28 774 .
Merida Big.Nine 60-2x,https://s.ek.ua/jpg/2622268.jpg,Velotime.com.ua,з Києва,33 936 .
Merida Big.Nine 60-2x,https://s.ek.ua/jpg/2622268.jpg,Velomarket.org.ua,з Києва,33 936 .
Merida Big.Nine 60-2x,https://s.ek.ua/jpg/2622268.jpg,VeloGO.com.ua,з Києва,33 936 .
Merida Big.Nine 60-2x,https://s.ek.ua/jpg/2622268.jpg,Velotime.com.ua,з Києва,33 936 .
Merida Big.Nine 60-2x,https://s.ek.ua/jpg/2622268.jpg,Velotime.com.ua,з Києва,33 936 .
Merida Big.Nine 60-2x,https://s.ek.ua/jpg/2622268.jpg,Velotime.com.ua,з Києва,33 936 .
Merida Big.Nine 60-2x,https://s.ek.ua/jpg/2622268.jpg,Velomarket.org.ua,з Києва,33 936 .
Merida Big.Nine 60-2x,https://s.ek.ua/jpg/2163295.jpg,Velotime.com.ua,з Києва,26 376 .
Merida Big.Nine 60-2x,https://s.ek.ua/jpg/2163295.jpg,Velomarket.org.ua,з Києва,26 376 .
Merida Big.Nine 60-2x,https://s.ek.ua/jpg/1971556.jpg,Velotime.com.ua,з Києва,26 376 .
Merida Big.Nine 60-2x,https://s.ek.ua/jpg/1971556.jpg,Velomarket.org.ua,з Києва,26 376 .
Merida Big.Nine 60,https://s.ek.ua/jpg/2850143.jpg,Velotime.com.ua,з Києва,33 978 .
Merida Big.Nine 60,https://s.ek.ua/jpg/2850143.jpg,Velomarket.org.ua,з Києва,33 978 .
Merida Big.Nine 60,https://s.ek.ua/jpg/2850143.jpg,VeloGO.com.ua,з Києва,33 978 .
Merida Big.Nine 60,https://s.ek.ua/jpg/2850143.jpg,Velotime.com.ua,з Києва,33 978 .
Merida Big.Nine 60,https://s.ek.ua/jpg/2850143.jpg,Velomarket.org.ua,з Києва,33 978 .
Merida Big.Nine 60,https://s.ek.ua/jpg/2850143.jpg,VeloGO.com.ua,з Києва,33 978 .
Merida Big.Nine 400,https://s.ek.ua/jpg/2849376.jpg,Velotime.com.ua,з Києва,47 250 .
Merida Big.Nine 400,https://s.ek.ua/jpg/2849376.jpg,Velomarket.org.ua,з Києва,47 250 .
Merida Big.Nine 400,https://s.ek.ua/jpg/2849376.jpg,VeloGO.com.ua,з Києва,47 250 .
Merida Big.Nine 400,https://s.ek.ua/jpg/2849376.jpg,Velotime.com.ua,з Києва,47 250 .
Merida Big.Nine 400,https://s.ek.ua/jpg/2849376.jpg,Velomarket.org.ua,з Києва,47 250 .
Merida Big.Nine 400,https://s.ek.ua/jpg/2849376.jpg,VeloGO.com.ua,з Києва,47 250 .
Merida Big.Nine 400,https://s.ek.ua/jpg/2543813.jpg,Velotime.com.ua,з Києва,46 410 .
Merida Big.Nine 400,https://s.ek.ua/jpg/2543813.jpg,Velomarket.org.ua,з Києва,46 410 .
Merida Big.Nine 4000,https://s.ek.ua/jpg/2623159.jpg,Velotime.com.ua,з Києва,85 894 .
Merida Big.Nine 4000,https://s.ek.ua/jpg/2623159.jpg,Velomarket.org.ua,з Києва,85 894 .
Merida Big.Nine 300,https://s.ek.ua/jpg/2849360.jpg,Velotime.com.ua,з Києва,40 446 .
Merida Big.Nine 300,https://s.ek.ua/jpg/2849360.jpg,Velomarket.org.ua,з Києва,40 446 .
Merida Big.Nine 300,https://s.ek.ua/jpg/2849360.jpg,VeloGO.com.ua,з Києва,40 446 .
Merida Big.Nine 300,https://s.ek.ua/jpg/2849360.jpg,Velotime.com.ua,з Києва,40 446 .
Merida Big.Nine 300,https://s.ek.ua/jpg/2849360.jpg,Velomarket.org.ua,з Києва,40 446 .
Merida Big.Nine 300,https://s.ek.ua/jpg/2849360.jpg,VeloGO.com.ua,з Києва,40 446 .
Merida Big.Nine 300,https://s.ek.ua/jpg/2436844.jpg,Velotime.com.ua,з Києва,33 012 .
Merida Big.Nine 300,https://s.ek.ua/jpg/2436844.jpg,Velomarket.org.ua,з Києва,33 012 .
Merida Big.Nine 20 SE,https://s.ek.ua/jpg/2849327.jpg,Velotime.com.ua,з Києва,28 812 .
Merida Big.Nine 20 SE,https://s.ek.ua/jpg/2849327.jpg,Velomarket.org.ua,з Києва,28 812 .
Merida Big.Nine 20 SE,https://s.ek.ua/jpg/2849327.jpg,VeloGO.com.ua,з Києва,28 812 .
Merida Big.Nine 20-2x,https://s.ek.ua/jpg/2436593.jpg,Velotime.com.ua,з Києва,25 914 .
Merida Big.Nine 20-2x,https://s.ek.ua/jpg/2436593.jpg,Velomarket.org.ua,з Києва,25 914 .
Merida Big.Nine 20-2x,https://s.ek.ua/jpg/2436593.jpg,VeloGO.com.ua,з Києва,25 914 .
Merida Big.Nine 20-2x,https://s.ek.ua/jpg/2406114.jpg,Velotime.com.ua,з Києва,25 914 .
Merida Big.Nine 20-2x,https://s.ek.ua/jpg/2406114.jpg,Velomarket.org.ua,з Києва,25 914 .
Merida Big.Nine 20-2x,https://s.ek.ua/jpg/2406114.jpg,VeloGO.com.ua,з Києва,25 914 .
Merida Big.Nine 20-2x,https://s.ek.ua/jpg/2406114.jpg,Velotime.com.ua,з Києва,25 914 .
Merida Big.Nine 20-2x,https://s.ek.ua/jpg/2406114.jpg,Velomarket.org.ua,з Києва,25 914 .
Merida Big.Nine 20-2x,https://s.ek.ua/jpg/2406114.jpg,VeloGO.com.ua,з Києва,25 914 .
Merida Big.Nine 20,https://s.ek.ua/jpg/2634523.jpg,Velotime.com.ua,з Києва,29 148 .
Merida Big.Nine 20,https://s.ek.ua/jpg/2634523.jpg,Velomarket.org.ua,з Києва,29 148 .
Merida Big.Nine 20,https://s.ek.ua/jpg/2634523.jpg,VeloGO.com.ua,з Києва,29 148 .
Merida Big.Nine 20,https://s.ek.ua/jpg/2634523.jpg,Velotime.com.ua,з Києва,29 148 .
Merida Big.Nine 20,https://s.ek.ua/jpg/2634523.jpg,Velotime.com.ua,з Києва,29 148 .
Merida Big.Nine 20,https://s.ek.ua/jpg/2634523.jpg,Velomarket.org.ua,з Києва,29 148 .
Merida Big.Nine 20,https://s.ek.ua/jpg/2634523.jpg,Velomarket.org.ua,з Києва,29 148 .
Merida Big.Nine 200,https://s.ek.ua/jpg/2436829.jpg,Velotime.com.ua,з Києва,32 760 .
Merida Big.Nine 200,https://s.ek.ua/jpg/2436829.jpg,Velomarket.org.ua,з Києва,32 760 .
Merida Big.Nine 200,https://s.ek.ua/jpg/2436829.jpg,Velotime.com.ua,з Києва,32 760 .
Merida Big.Nine 200,https://s.ek.ua/jpg/2436829.jpg,Velomarket.org.ua,з Києва,32 760 .
Merida Big.Nine 15,https://s.ek.ua/jpg/2849256.jpg,Velotime.com.ua,з Києва,26 670 .
Merida Big.Nine 15,https://s.ek.ua/jpg/2849256.jpg,Velomarket.org.ua,з Києва,26 670 .
Merida Big.Nine 15,https://s.ek.ua/jpg/2849256.jpg,VeloGO.com.ua,з Києва,26 670 .
Merida Big.Nine 15,https://s.ek.ua/jpg/2849256.jpg,Velotime.com.ua,з Києва,26 670 .
Merida Big.Nine 15,https://s.ek.ua/jpg/2849256.jpg,Velomarket.org.ua,з Києва,26 670 .
Merida Big.Nine 15,https://s.ek.ua/jpg/2849256.jpg,VeloGO.com.ua,з Києва,26 670 .
Merida Big.Nine 15,https://s.ek.ua/jpg/2634506.jpg,Velotime.com.ua,з Києва,25 830 .
Merida Big.Nine 15,https://s.ek.ua/jpg/2634506.jpg,Velomarket.org.ua,з Києва,25 830 .
Merida Big.Nine 15,https://s.ek.ua/jpg/2634506.jpg,VeloGO.com.ua,з Києва,25 830 .
Merida Big.Nine 15,https://s.ek.ua/jpg/2634506.jpg,Velotime.com.ua,з Києва,25 830 .
Merida Big.Nine 15,https://s.ek.ua/jpg/2634506.jpg,Velotime.com.ua,з Києва,25 830 .
Merida Big.Nine 15,https://s.ek.ua/jpg/2634506.jpg,Velomarket.org.ua,з Києва,25 830 .
Merida Big.Nine 15,https://s.ek.ua/jpg/2634506.jpg,Velomarket.org.ua,з Києва,25 830 .
Merida Big.Nine 100-2x,https://s.ek.ua/jpg/2622301.jpg,Velotime.com.ua,з Києва,34 944 .
Merida Big.Nine 100-2x,https://s.ek.ua/jpg/2622301.jpg,Velomarket.org.ua,з Києва,34 944 .
Merida Big.Nine 100-2x,https://s.ek.ua/jpg/2622301.jpg,VeloGO.com.ua,з Києва,34 944 .
Merida Big.Nine 100,https://s.ek.ua/jpg/2849237.jpg,Velotime.com.ua,з Києва,34 944 .
Merida Big.Nine 100,https://s.ek.ua/jpg/2849237.jpg,Velomarket.org.ua,з Києва,34 944 .
Merida Big.Nine 100,https://s.ek.ua/jpg/2849237.jpg,VeloGO.com.ua,з Києва,34 944 .
Merida Big.Nine 100,https://s.ek.ua/jpg/2849237.jpg,Velotime.com.ua,з Києва,34 944 .
Merida Big.Nine 100,https://s.ek.ua/jpg/2849237.jpg,Velomarket.org.ua,з Києва,34 944 .
Merida Big.Nine 100,https://s.ek.ua/jpg/2849237.jpg,VeloGO.com.ua,з Києва,34 944 .
Ardis Berta 28,https://s.ek.ua/jpg/2012848.jpg,АЛЛО,Ужгород,7 245 .
Ardis Berta 28,https://s.ek.ua/jpg/2012848.jpg,Moyo.ua,Ужгород,7 245 .
Ardis Berta 28,https://s.ek.ua/jpg/2012848.jpg,Rozetka.ua,з Києва,7 245 .
Ardis Berta 26,https://s.ek.ua/jpg/1426758.jpg,АЛЛО,Ужгород,7 470 .
Ardis Berta 26,https://s.ek.ua/jpg/1426758.jpg,Moyo.ua,Ужгород,7 470 .
Ardis Berta 26,https://s.ek.ua/jpg/1426758.jpg,Rozetka.ua,з Києва,7 470 .
Giant BeLiv 2 City,https://s.ek.ua/jpg/1521801.jpg,Velotime.com.ua,з Києва,41 996 .
Giant BeLiv 2 City,https://s.ek.ua/jpg/1521801.jpg,Velomarket.org.ua,з Києва,41 996 .
Giant BeLiv 2 City,https://s.ek.ua/jpg/1521801.jpg,VeloGO.com.ua,з Києва,42 000 .
Giant BeLiv 1,https://s.ek.ua/jpg/1521790.jpg,Velotime.com.ua,з Києва,42 000 .
Giant BeLiv 1,https://s.ek.ua/jpg/1521790.jpg,Velomarket.org.ua,з Києва,42 000 .
Giant BeLiv 1,https://s.ek.ua/jpg/1521790.jpg,VeloGO.com.ua,з Києва,42 000 .
Discovery Bastion DD CS 26,https://s.ek.ua/jpg/2859880.jpg,АЛЛО,Ужгород,10 019 .
Discovery Bastion DD CS 26,https://s.ek.ua/jpg/2859880.jpg,Groosha.ua,з Києва,10 019 .
Discovery Bastion DD CS 26,https://s.ek.ua/jpg/2859880.jpg,Itbox.ua,з Києва,10 019 .
Discovery Bastion DD CS 26,https://s.ek.ua/jpg/2859880.jpg,Brain.com.ua,з Києва,10 019 .
Discovery Bastion DD CS 26,https://s.ek.ua/jpg/2859880.jpg,MTA.ua,з Києва,10 019 .
Discovery Bastion DD CS 26,https://s.ek.ua/jpg/2859880.jpg,Rozetka.ua,з Києва,10 019 .
Discovery Bastion DD CS 26,https://s.ek.ua/jpg/2859880.jpg,АЛЛО,Ужгород,10 019 .
Cyclone AX 29,https://s.ek.ua/jpg/2243892.jpg,VeloGO.com.ua,з Києва,19 565 .
Cyclone AX 29,https://s.ek.ua/jpg/2243892.jpg,Groosha.ua,з Києва,19 565 .
GT Avalanche Sport 27.5,https://s.ek.ua/jpg/2886821.jpg,Velomarket.org.ua,з Києва,26 040 .
GT Avalanche Sport 27.5,https://s.ek.ua/jpg/2886821.jpg,VeloGO.com.ua,з Києва,26 040 .
GT Avalanche Sport 27.5,https://s.ek.ua/jpg/2886821.jpg,Enko.com.ua,з Кривого Рогу,26 040 .
GT Avalanche Sport 27.5,https://s.ek.ua/jpg/2886821.jpg,MTA.ua,з Києва,26 040 .
GT Avalanche Sport 27.5,https://s.ek.ua/jpg/2886821.jpg,Velomarket.org.ua,з Києва,26 040 .
GT Avalanche Sport 27.5,https://s.ek.ua/jpg/2450864.jpg,Velomarket.org.ua,з Києва,26 040 .
GT Avalanche Sport 27.5,https://s.ek.ua/jpg/2450864.jpg,VeloGO.com.ua,з Києва,26 040 .
GT Avalanche Sport 27.5,https://s.ek.ua/jpg/2450864.jpg,Цифра,з Києва,26 040 .
GT Avalanche Sport 27.5,https://s.ek.ua/jpg/2450864.jpg,Stylus.ua,з Києва,26 040 .
GT Avalanche Sport 27.5,https://s.ek.ua/jpg/2450864.jpg,Groosha.ua,з Києва,26 040 .
GT Avalanche Sport 27.5,https://s.ek.ua/jpg/2450864.jpg,Enko.com.ua,з Кривого Рогу,26 040 .
GT Avalanche Sport 27.5,https://s.ek.ua/jpg/2450864.jpg,Rozetka.ua,з Києва,26 040 .
GT Avalanche Expert 29,https://s.ek.ua/jpg/2784614.jpg,Velomarket.org.ua,з Києва,55 299 .
GT Avalanche Expert 29,https://s.ek.ua/jpg/2784614.jpg,VeloGO.com.ua,з Києва,55 299 .
GT Avalanche Expert 29,https://s.ek.ua/jpg/2784614.jpg,Цифра,з Києва,55 300 .
GT Avalanche Expert 29,https://s.ek.ua/jpg/2784614.jpg,Stylus.ua,з Києва,55 300 .
GT Avalanche Expert 29,https://s.ek.ua/jpg/2784614.jpg,Enko.com.ua,з Кривого Рогу,55 299 .
GT Avalanche Expert 29,https://s.ek.ua/jpg/2784614.jpg,Rozetka.ua,з Києва,65 058 .
Author Aura XR,https://s.ek.ua/jpg/2748226.jpg,Цифра,з Києва,47 461 .
Author Aura XR,https://s.ek.ua/jpg/2748226.jpg,Stylus.ua,з Києва,47 461 .
Giant ATX 26,https://s.ek.ua/jpg/2383671.jpg,Velotime.com.ua,з Києва,21 210 .
Giant ATX 26,https://s.ek.ua/jpg/2383671.jpg,Velomarket.org.ua,з Києва,21 210 .
Giant ATX 26,https://s.ek.ua/jpg/2383671.jpg,Цифра,з Києва,21 210 .
Giant ATX 26,https://s.ek.ua/jpg/2383671.jpg,Stylus.ua,з Києва,21 210 .
Giant ATX 26,https://s.ek.ua/jpg/2185571.jpg,Velotime.com.ua,з Києва,21 210 .
Giant ATX 26,https://s.ek.ua/jpg/2185571.jpg,Velomarket.org.ua,з Києва,21 210 .
Scott Aspect 970,https://s.ek.ua/jpg/2182215.jpg,Velotime.com.ua,з Києва,30 200 .
Scott Aspect 970,https://s.ek.ua/jpg/2182215.jpg,Velomarket.org.ua,з Києва,30 200 .
Scott Aspect 970,https://s.ek.ua/jpg/2182215.jpg,VeloGO.com.ua,з Києва,30 200 .
Scott Aspect 970,https://s.ek.ua/jpg/2182215.jpg,Rozetka.ua,з Києва,30 200 .
Scott Aspect 970,https://s.ek.ua/jpg/2182215.jpg,Rozetka.ua,з Києва,30 200 .
Scott Aspect 970,https://s.ek.ua/jpg/1959730.jpg,Velotime.com.ua,з Києва,25 000 .
Scott Aspect 970,https://s.ek.ua/jpg/1959730.jpg,Velomarket.org.ua,з Києва,27 163 .
Scott Aspect 960,https://s.ek.ua/jpg/2182193.jpg,Velotime.com.ua,з Києва,32 500 .
Scott Aspect 960,https://s.ek.ua/jpg/2182193.jpg,Velomarket.org.ua,з Києва,32 500 .
Scott Aspect 960,https://s.ek.ua/jpg/2182193.jpg,VeloGO.com.ua,з Києва,32 500 .
Scott Aspect 960,https://s.ek.ua/jpg/2182193.jpg,Rozetka.ua,з Києва,32 500 .
Scott Aspect 960,https://s.ek.ua/jpg/1955041.jpg,Velotime.com.ua,з Києва,32 500 .
Scott Aspect 960,https://s.ek.ua/jpg/1955041.jpg,Velomarket.org.ua,з Києва,32 500 .
Scott Aspect 960,https://s.ek.ua/jpg/1955041.jpg,Rozetka.ua,з Києва,30 000 .
Scott Aspect 960,https://s.ek.ua/jpg/1955041.jpg,Rozetka.ua,з Києва,30 000 .
Scott Aspect 950 EQ,https://s.ek.ua/jpg/2635857.jpg,Velotime.com.ua,з Києва,41 500 .
Scott Aspect 950 EQ,https://s.ek.ua/jpg/2635857.jpg,Velomarket.org.ua,з Києва,41 500 .
Scott Aspect 950 EQ,https://s.ek.ua/jpg/2635857.jpg,VeloGO.com.ua,з Києва,41 500 .
Scott Aspect 950 EQ,https://s.ek.ua/jpg/2635857.jpg,Rozetka.ua,з Києва,41 500 .
Scott Aspect 950 EQ,https://s.ek.ua/jpg/2635857.jpg,Rozetka.ua,з Києва,41 500 .
Scott Aspect 950,https://s.ek.ua/jpg/2182146.jpg,Velotime.com.ua,з Києва,38 600 .
Scott Aspect 950,https://s.ek.ua/jpg/2182146.jpg,Velomarket.org.ua,з Києва,38 600 .
Scott Aspect 950,https://s.ek.ua/jpg/2182146.jpg,VeloGO.com.ua,з Києва,38 600 .
Scott Aspect 950,https://s.ek.ua/jpg/2182146.jpg,Rozetka.ua,з Києва,38 600 .
Scott Aspect 950,https://s.ek.ua/jpg/1959884.jpg,VeloGO.com.ua,з Києва,41 900 .
Scott Aspect 950,https://s.ek.ua/jpg/1959884.jpg,Rozetka.ua,з Києва,41 900 .
Scott Aspect 940,https://s.ek.ua/jpg/2182120.jpg,Velotime.com.ua,з Києва,44 000 .
Scott Aspect 940,https://s.ek.ua/jpg/2182120.jpg,Velomarket.org.ua,з Києва,44 000 .
Scott Aspect 940,https://s.ek.ua/jpg/2182120.jpg,VeloGO.com.ua,з Києва,44 000 .
Scott Aspect 940,https://s.ek.ua/jpg/2182120.jpg,Rozetka.ua,з Києва,44 000 .
Scott Aspect 940,https://s.ek.ua/jpg/2182120.jpg,Rozetka.ua,з Києва,44 000 .
Scott Aspect 930,https://s.ek.ua/jpg/2455676.jpg,Velotime.com.ua,з Києва,49 500 .
Scott Aspect 930,https://s.ek.ua/jpg/2455676.jpg,Velomarket.org.ua,з Києва,49 500 .
Scott Aspect 930,https://s.ek.ua/jpg/2455676.jpg,VeloGO.com.ua,з Києва,49 500 .
Scott Aspect 930,https://s.ek.ua/jpg/2455676.jpg,Rozetka.ua,з Києва,49 500 .
Scott Aspect 930,https://s.ek.ua/jpg/2455676.jpg,Rozetka.ua,з Києва,49 500 .
Scott Aspect 930,https://s.ek.ua/jpg/1958448.jpg,VeloGO.com.ua,з Києва,49 500 .
Scott Aspect 930,https://s.ek.ua/jpg/1958448.jpg,Rozetka.ua,з Києва,49 500 .
Scott Aspect 930,https://s.ek.ua/jpg/1958448.jpg,Rozetka.ua,з Києва,49 500 .
Scott Aspect 920,https://s.ek.ua/jpg/2455689.jpg,Velotime.com.ua,з Києва,57 650 .
Scott Aspect 920,https://s.ek.ua/jpg/2455689.jpg,Velomarket.org.ua,з Києва,57 650 .
Scott Aspect 920,https://s.ek.ua/jpg/2455689.jpg,Rozetka.ua,з Києва,57 650 .
Scott Aspect 920,https://s.ek.ua/jpg/1957680.jpg,Velotime.com.ua,з Києва,47 500 .
Scott Aspect 920,https://s.ek.ua/jpg/1957680.jpg,Velomarket.org.ua,з Києва,47 500 .
Scott Aspect 910,https://s.ek.ua/jpg/2701528.jpg,Velotime.com.ua,з Києва,62 900 .
Scott Aspect 910,https://s.ek.ua/jpg/2701528.jpg,Velomarket.org.ua,з Києва,62 900 .
Scott Aspect 910,https://s.ek.ua/jpg/2701528.jpg,Rozetka.ua,з Києва,62 900 .
Scott Aspect 910,https://s.ek.ua/jpg/2455725.jpg,Velotime.com.ua,з Києва,60 400 .
Scott Aspect 910,https://s.ek.ua/jpg/2455725.jpg,Velomarket.org.ua,з Києва,60 400 .
Scott Aspect 910,https://s.ek.ua/jpg/2455725.jpg,Rozetka.ua,з Києва,60 400 .
Scott Aspect 770,https://s.ek.ua/jpg/2182201.jpg,Velotime.com.ua,з Києва,30 000 .
Scott Aspect 770,https://s.ek.ua/jpg/2182201.jpg,Velomarket.org.ua,з Києва,30 000 .
Scott Aspect 770,https://s.ek.ua/jpg/2182201.jpg,Velotime.com.ua,з Києва,30 000 .
Scott Aspect 770,https://s.ek.ua/jpg/2182201.jpg,Velotime.com.ua,з Києва,30 000 .
Scott Aspect 770,https://s.ek.ua/jpg/2182201.jpg,Velotime.com.ua,з Києва,30 000 .
Scott Aspect 770,https://s.ek.ua/jpg/2182201.jpg,Velomarket.org.ua,з Києва,30 000 .
Scott Aspect 770,https://s.ek.ua/jpg/2182201.jpg,Velomarket.org.ua,з Києва,30 000 .
Scott Aspect 760,https://s.ek.ua/jpg/2182176.jpg,Velotime.com.ua,з Києва,32 500 .
Scott Aspect 760,https://s.ek.ua/jpg/2182176.jpg,Velomarket.org.ua,з Києва,32 500 .
Scott Aspect 760,https://s.ek.ua/jpg/2182176.jpg,VeloGO.com.ua,з Києва,32 500 .
Scott Aspect 760,https://s.ek.ua/jpg/2182176.jpg,Rozetka.ua,з Києва,32 500 .
Scott Aspect 760,https://s.ek.ua/jpg/2182176.jpg,Rozetka.ua,з Києва,32 500 .
Scott Aspect 760,https://s.ek.ua/jpg/1955033.jpg,Velotime.com.ua,з Києва,32 500 .
Scott Aspect 760,https://s.ek.ua/jpg/1955033.jpg,Velomarket.org.ua,з Києва,32 500 .
Scott Aspect 750,https://s.ek.ua/jpg/2182129.jpg,Velotime.com.ua,з Києва,38 600 .
Scott Aspect 750,https://s.ek.ua/jpg/2182129.jpg,Velomarket.org.ua,з Києва,38 600 .
Scott Aspect 750,https://s.ek.ua/jpg/2182129.jpg,VeloGO.com.ua,з Києва,38 600 .
Scott Aspect 750,https://s.ek.ua/jpg/2182129.jpg,Rozetka.ua,з Києва,38 600 .
Scott Aspect 750,https://s.ek.ua/jpg/2182129.jpg,Rozetka.ua,з Києва,38 600 .
Scott Aspect 750,https://s.ek.ua/jpg/1955058.jpg,Velotime.com.ua,з Києва,35 000 .
Scott Aspect 750,https://s.ek.ua/jpg/1955058.jpg,Velomarket.org.ua,з Києва,35 000 .
Scott Aspect 750,https://s.ek.ua/jpg/1955058.jpg,VeloGO.com.ua,з Києва,35 000 .
Scott Aspect 750,https://s.ek.ua/jpg/1955058.jpg,Rozetka.ua,з Києва,35 000 .
Scott Aspect 740,https://s.ek.ua/jpg/2182099.jpg,Velotime.com.ua,з Києва,29 400 .
Scott Aspect 740,https://s.ek.ua/jpg/2182099.jpg,Velomarket.org.ua,з Києва,29 400 .
Comanche Areco Disc frame 12.5,https://s.ek.ua/jpg/361671.jpg,Velotime.com.ua,з Києва,18 693 .
Comanche Areco Disc frame 12.5,https://s.ek.ua/jpg/361671.jpg,Velomarket.org.ua,з Києва,18 693 .
TITAN Apollo 24,https://s.ek.ua/jpg/2697432.jpg,Groosha.ua,з Києва,8 300 .
TITAN Apollo 24,https://s.ek.ua/jpg/2697432.jpg,Groosha.ua,з Києва,8 300 .
TITAN Apollo 24,https://s.ek.ua/jpg/2697432.jpg,Groosha.ua,з Києва,8 300 .
Dorozhnik Amber,https://s.ek.ua/jpg/1599285.jpg,Touch,з Дніпра,32 999 .
Dorozhnik Amber,https://s.ek.ua/jpg/1599285.jpg,Rozetka.ua,з Києва,35 699 .
Author A-Matrix 26,https://s.ek.ua/jpg/2038735.jpg,Velotime.com.ua,з Києва,15 900 .
Author A-Matrix 26,https://s.ek.ua/jpg/2038735.jpg,Velomarket.org.ua,з Києва,15 900 .
Author A-Matrix 26,https://s.ek.ua/jpg/2038735.jpg,Velotime.com.ua,з Києва,15 900 .
Author A-Matrix 26,https://s.ek.ua/jpg/2038735.jpg,Velotime.com.ua,з Києва,15 900 .
Author A-Matrix 26,https://s.ek.ua/jpg/2038735.jpg,Velomarket.org.ua,з Києва,15 900 .
Author A-Matrix 26,https://s.ek.ua/jpg/2038735.jpg,Velomarket.org.ua,з Києва,15 900 .
Author A-Matrix 24,https://s.ek.ua/jpg/2500568.jpg,Velotime.com.ua,з Києва,17 600 .
Author A-Matrix 24,https://s.ek.ua/jpg/2500568.jpg,Velomarket.org.ua,з Києва,17 600 .
Author A-Matrix 24,https://s.ek.ua/jpg/2500568.jpg,Цифра,з Києва,17 600 .
Author A-Matrix 24,https://s.ek.ua/jpg/2500568.jpg,Будинок Іграшок,з Києва,17 600 .
Author A-Matrix 24,https://s.ek.ua/jpg/2500568.jpg,Rozetka.ua,з Києва,18 480 .
Author A-Matrix 24,https://s.ek.ua/jpg/2500568.jpg,Velotime.com.ua,з Києва,17 600 .
Author A-Matrix 24,https://s.ek.ua/jpg/2500568.jpg,Velotime.com.ua,з Києва,15 900 .
Cyclone ALX,https://s.ek.ua/jpg/2624766.jpg,VeloGO.com.ua,з Києва,39 689 .
Cyclone ALX,https://s.ek.ua/jpg/2624766.jpg,Цифра,з Києва,39 689 .
Cyclone ALX,https://s.ek.ua/jpg/2624766.jpg,Stylus.ua,з Києва,39 689 .
Cyclone ALX,https://s.ek.ua/jpg/2624766.jpg,Groosha.ua,з Києва,39 689 .
Cyclone ALX,https://s.ek.ua/jpg/2624766.jpg,VeloGO.com.ua,з Києва,39 689 .
Cyclone ALX,https://s.ek.ua/jpg/2624766.jpg,Цифра,з Києва,39 689 .
Cyclone ALX,https://s.ek.ua/jpg/2624766.jpg,Stylus.ua,з Києва,39 689 .
Corrado Alturix VB MTB 26,https://s.ek.ua/jpg/431257.jpg,АЛЛО,Ужгород,12 861 .
Corrado Alturix VB MTB 26,https://s.ek.ua/jpg/431257.jpg,Moyo.ua,Ужгород,12 861 .
Corrado Alturix VB MTB 26,https://s.ek.ua/jpg/431257.jpg,Rozetka.ua,з Києва,12 861 .
Corrado Alturix VB MTB 26,https://s.ek.ua/jpg/431257.jpg,АЛЛО,Ужгород,12 861 .
Corrado Alturix VB MTB 26,https://s.ek.ua/jpg/431257.jpg,АЛЛО,Ужгород,12 861 .
Corrado Alturix VB MTB 26,https://s.ek.ua/jpg/431257.jpg,Moyo.ua,Ужгород,12 861 .
Corrado Alturix VB MTB 26,https://s.ek.ua/jpg/431257.jpg,Moyo.ua,Ужгород,12 861 .
Ardis Alpina MTB 24,https://s.ek.ua/jpg/438926.jpg,АЛЛО,Ужгород,10 278 .
Ardis Alpina MTB 24,https://s.ek.ua/jpg/438926.jpg,Groosha.ua,з Києва,9 727 .
Ardis Alpina MTB 24,https://s.ek.ua/jpg/438926.jpg,Rozetka.ua,з Києва,10 278 .
Ardis Alpina MTB 24,https://s.ek.ua/jpg/438926.jpg,АЛЛО,Ужгород,10 278 .
Ardis Alpina MTB 24,https://s.ek.ua/jpg/438926.jpg,Rozetka.ua,з Києва,10 278 .
Reid Alpha Fat Bike 26,https://s.ek.ua/jpg/2508991.jpg,Stylus.ua,з Києва,22 068 .
Reid Alpha Fat Bike 26,https://s.ek.ua/jpg/2508991.jpg,Цифра,з Києва,21 406 .
ORBEA Alma H30,https://s.ek.ua/jpg/2737592.jpg,VeloGO.com.ua,з Києва,50 279 .
ORBEA Alma H30,https://s.ek.ua/jpg/2737592.jpg,Rozetka.ua,з Києва,50 279 .
ORBEA Alma H30,https://s.ek.ua/jpg/2737592.jpg,VeloGO.com.ua,з Києва,50 279 .
ORBEA Alma H30,https://s.ek.ua/jpg/2737592.jpg,Rozetka.ua,з Києва,50 279 .
GT Aggressor Expert 27.5,https://s.ek.ua/jpg/2886216.jpg,Velomarket.org.ua,з Києва,23 940 .
GT Aggressor Expert 27.5,https://s.ek.ua/jpg/2886216.jpg,VeloGO.com.ua,з Києва,23 940 .
GT Aggressor Expert 27.5,https://s.ek.ua/jpg/2886216.jpg,Enko.com.ua,з Кривого Рогу,23 940 .
GT Aggressor Expert 27.5,https://s.ek.ua/jpg/2886216.jpg,Groosha.ua,з Києва,23 940 .
GT Aggressor Expert 27.5,https://s.ek.ua/jpg/2886216.jpg,MTA.ua,з Києва,23 940 .
Crossride Afina 26,https://s.ek.ua/jpg/2872508.jpg,Rozetka.ua,з Києва,7 470 .
Crossride Afina 26,https://s.ek.ua/jpg/2872508.jpg,Rozetka.ua,з Києва,7 470 .
Scott Addict RC 30,https://s.ek.ua/jpg/2635831.jpg,Velotime.com.ua,з Києва,267 800 .
Scott Addict RC 30,https://s.ek.ua/jpg/2635831.jpg,Velomarket.org.ua,з Києва,267 800 .
Scott Addict RC 30,https://s.ek.ua/jpg/2635831.jpg,VeloGO.com.ua,з Києва,267 800 .
Janod Толокар Діно Портозавр J05828,Немає зображення,Moyo.ua,Ужгород,4 099 .
Janod Толокар Діно Портозавр J05828,Немає зображення,Kvshop.com.ua,з Києва,4 099 .
Janod Толокар Діно Портозавр J05828,Немає зображення,FOXTROT.UA,Ужгород,4 099 .
"Space Voyager 049 Plum 28"" рама - 19"" OPS-SP-28-002",Немає зображення,Kvshop.com.ua,з Києва,6 966 .
"Space Voyager 049 Plum 28"" рама - 19"" OPS-SP-28-002",Немає зображення,Rozetka.ua,з Києва,6 966 .
"Space Voyager 049 Green 26"" рама - 17"" OPS-SP-26-024",Немає зображення,Kvshop.com.ua,з Києва,6 849 .
"Space Voyager 049 Green 26"" рама - 17"" OPS-SP-26-024",Немає зображення,Rozetka.ua,з Києва,6 850 .
"Space Voyager 049 Plum 26"" рама - 17"" OPS-SP-26-008",Немає зображення,Kvshop.com.ua,з Києва,6 849 .
"Space Voyager 049 Plum 26"" рама - 17"" OPS-SP-26-008",Немає зображення,Rozetka.ua,з Києва,6 850 .
"Space Voyager 049 Blue 26"" рама - 17"" OPS-SP-26-025",Немає зображення,Kvshop.com.ua,з Києва,6 849 .
"Space Voyager 049 Blue 26"" рама - 17"" OPS-SP-26-025",Немає зображення,Rozetka.ua,з Києва,6 850 .
"Space Neptune 035 White/Blue 27.5"" рама - 18"" OPS-SP-27.5-016",Немає зображення,Kvshop.com.ua,з Києва,7 995 .
"Space Neptune 035 White/Blue 27.5"" рама - 18"" OPS-SP-27.5-016",Немає зображення,Rozetka.ua,з Києва,8 185 .
"Space Neptune 035 Violet 26"" рама - 15"" OPS-SP-26-026",Немає зображення,Kvshop.com.ua,з Києва,7 894 .
"Space Neptune 035 Violet 26"" рама - 15"" OPS-SP-26-026",Немає зображення,Rozetka.ua,з Києва,7 895 .
"Space Mars Violet 24"" рама - 13"" OPS-SP-24-003",Немає зображення,Kvshop.com.ua,з Києва,7 082 .
"Space Mars Violet 24"" рама - 13"" OPS-SP-24-003",Немає зображення,Rozetka.ua,з Києва,7 082 .
"Space Comet 050 St Red 24"" рама - 16"" OPS-SP-24-016",Немає зображення,Kvshop.com.ua,з Києва,6 327 .
"Space Comet 050 St Red 24"" рама - 16"" OPS-SP-24-016",Немає зображення,Rozetka.ua,з Києва,6 327 .
"Space Comet 050 St Light Green 24"" рама - 16"" OPS-SP-24-017",Немає зображення,Kvshop.com.ua,з Києва,6 327 .
"Space Comet 050 St Light Green 24"" рама - 16"" OPS-SP-24-017",Немає зображення,Rozetka.ua,з Києва,6 327 .
"Space Comet 050 St Grey 20"" рама - 14"" OPS-SP-20-002",Немає зображення,Kvshop.com.ua,з Києва,5 979 .
"Space Comet 050 St Grey 20"" рама - 14"" OPS-SP-20-002",Немає зображення,Rozetka.ua,з Києва,5 979 .
Globber Біговел дитячий Learning Bike 3 в 1 біло-м'ятний,Немає зображення,Антошка,з Києва,4 600 .
Globber Біговел дитячий Learning Bike 3 в 1 біло-м'ятний,Немає зображення,FOXTROT.UA,Ужгород,4 600 .
Globber Біговел дитячий Learning Bike 3 в 1 біло-м'ятний,Немає зображення,MAUDAU,з Києва,4 599 .
Globber Біговел дитячий Learning Bike 3 в 1 біло-м'ятний,Немає зображення,Rozetka.ua,з Києва,4 500 .
Globber Біговел дитячий Learning Bike 3 в 1 біло-м'ятний,Немає зображення,Будинок Іграшок,з Києва,4 599 .
Janod Толокар Віслюк J03325,Немає зображення,FOXTROT.UA,Ужгород,4 495 .
Janod Толокар Віслюк J03325,Немає зображення,Moyo.ua,Ужгород,4 495 .
"Lionelo Велосипедний шолом Helmet White, розмір S, білий",Немає зображення,MAUDAU,з Києва,1 199 .
"Lionelo Велосипедний шолом Helmet White, розмір S, білий",Немає зображення,Rozetka.ua,з Києва,1 199 .
"Space Voyager ST 26"" BH 17"" рубіновий OPS-SP-26-009",Немає зображення,Moyo.ua,Ужгород,6 850 .
"Space Voyager ST 26"" BH 17"" рубіновий OPS-SP-26-009",Немає зображення,Rozetka.ua,з Києва,6 850 .
"Space Voyager ST 26"" BH 17"" рубіновий OPS-SP-26-009",Немає зображення,Itbox.ua,з Києва,6 849 .
"Space Voyager ST 26"" BH 17"" рубіновий OPS-SP-26-009",Немає зображення,Brain.com.ua,з Києва,6 849 .
"Space Phaeton AL 29"" DD FR 20"" зелено-рожевий OPS-SP-29-064",Немає зображення,Moyo.ua,Ужгород,9 202 .
"Space Phaeton AL 29"" DD FR 20"" зелено-рожевий OPS-SP-29-064",Немає зображення,Brain.com.ua,з Києва,9 202 .
"Space Phaeton AL 29"" DD FR 20"" зелено-рожевий OPS-SP-29-064",Немає зображення,Rozetka.ua,з Києва,9 202 .
"Space Phaeton AL 29"" DD FR 20"" зелено-рожевий OPS-SP-29-064",Немає зображення,Itbox.ua,з Києва,9 202 .
"Space Phaeton AL 29"" DD FR 18"" зелено-рожевий OPS-SP-29-069",Немає зображення,Moyo.ua,Ужгород,9 202 .
"Space Phaeton AL 29"" DD FR 18"" зелено-рожевий OPS-SP-29-069",Немає зображення,Rozetka.ua,з Києва,9 202 .
"Space Phaeton AL 29"" DD FR 18"" зелено-рожевий OPS-SP-29-069",Немає зображення,Itbox.ua,з Києва,9 202 .
"Space Phaeton AL 29"" DD FR 18"" зелено-рожевий OPS-SP-29-069",Немає зображення,Brain.com.ua,з Києва,9 202 .
"Space Phaeton AL 29"" DD FR 18"" сріблясто-червоний OPS-SP-29-068",Немає зображення,Moyo.ua,Ужгород,9 202 .
"Space Phaeton AL 29"" DD FR 18"" сріблясто-червоний OPS-SP-29-068",Немає зображення,Brain.com.ua,з Києва,9 202 .
"Space Phaeton AL 29"" DD FR 18"" сріблясто-червоний OPS-SP-29-068",Немає зображення,Rozetka.ua,з Києва,9 202 .
"Space Phaeton AL 29"" DD FR 18"" сріблясто-червоний OPS-SP-29-068",Немає зображення,Itbox.ua,з Києва,9 202 .
"Space Phaeton AL 27.5"" DD FR 19"" зелено-рожевий OPS-SP-27.5-038",Немає зображення,Moyo.ua,Ужгород,8 600 .
"Space Phaeton AL 27.5"" DD FR 19"" зелено-рожевий OPS-SP-27.5-038",Немає зображення,Brain.com.ua,з Києва,8 600 .
"Space Phaeton AL 27.5"" DD FR 19"" зелено-рожевий OPS-SP-27.5-038",Немає зображення,Rozetka.ua,з Києва,8 600 .
"Space Phaeton AL 27.5"" DD FR 19"" зелено-рожевий OPS-SP-27.5-038",Немає зображення,Itbox.ua,з Києва,8 600 .
"Space Phaeton AL 27.5"" DD FR 17"" сріблясто-червоний OPS-SP-27.5-032",Немає зображення,Moyo.ua,Ужгород,8 600 .
"Space Phaeton AL 27.5"" DD FR 17"" сріблясто-червоний OPS-SP-27.5-032",Немає зображення,Brain.com.ua,з Києва,8 600 .
"Space Phaeton AL 27.5"" DD FR 17"" сріблясто-червоний OPS-SP-27.5-032",Немає зображення,Rozetka.ua,з Києва,8 600 .
"Space Phaeton AL 27.5"" DD FR 17"" сріблясто-червоний OPS-SP-27.5-032",Немає зображення,Itbox.ua,з Києва,8 600 .
"Space Mercury AL 29"" DD FR 16"" помаранчево-синій OPS-SP-29-091",Немає зображення,Moyo.ua,Ужгород,8 041 .
"Space Mercury AL 29"" DD FR 16"" помаранчево-синій OPS-SP-29-091",Немає зображення,Rozetka.ua,з Києва,8 041 .
"Space Mercury AL 29"" DD FR 16"" помаранчево-синій OPS-SP-29-091",Немає зображення,Itbox.ua,з Києва,8 041 .
"Space Mercury AL 29"" DD FR 16"" помаранчево-синій OPS-SP-29-091",Немає зображення,Brain.com.ua,з Києва,8 041 .
"Space Mercury AL 29"" DD FR 16"" синьо-помаранчевий OPS-SP-29-090",Немає зображення,Moyo.ua,Ужгород,8 041 .
"Space Mercury AL 29"" DD FR 16"" синьо-помаранчевий OPS-SP-29-090",Немає зображення,Rozetka.ua,з Києва,8 041 .
"Space Mercury AL 29"" DD FR 16"" синьо-помаранчевий OPS-SP-29-090",Немає зображення,Itbox.ua,з Києва,8 041 .
"Space Mercury AL 29"" DD FR 16"" синьо-помаранчевий OPS-SP-29-090",Немає зображення,Brain.com.ua,з Києва,8 041 .
"Space Mercury AL 29"" DD FR 16"" сіро-синій OPS-SP-29-092",Немає зображення,Moyo.ua,Ужгород,8 041 .
"Space Mercury AL 29"" DD FR 16"" сіро-синій OPS-SP-29-092",Немає зображення,Rozetka.ua,з Києва,8 041 .
"Space Mercury AL 29"" DD FR 16"" сіро-синій OPS-SP-29-092",Немає зображення,Itbox.ua,з Києва,8 041 .
"Space Mercury AL 29"" DD FR 16"" сіро-синій OPS-SP-29-092",Немає зображення,Brain.com.ua,з Києва,8 041 .
"Space Mercury AL 27.5"" DD FR 17"" сіро-синій OPS-SP-27.5-027",Немає зображення,Moyo.ua,Ужгород,7 697 .
"Space Mercury AL 27.5"" DD FR 17"" сіро-синій OPS-SP-27.5-027",Немає зображення,Rozetka.ua,з Києва,7 697 .
"Space Mercury AL 27.5"" DD FR 17"" сіро-синій OPS-SP-27.5-027",Немає зображення,Itbox.ua,з Києва,7 697 .
"Space Mercury AL 27.5"" DD FR 17"" сіро-синій OPS-SP-27.5-027",Немає зображення,Brain.com.ua,з Києва,7 697 .
"Space Mars ST 29"" DD FR 20"" золотисто-блакитний OPS-SP-29-041",Немає зображення,Moyo.ua,Ужгород,7 439 .
"Space Mars ST 29"" DD FR 20"" золотисто-блакитний OPS-SP-29-041",Немає зображення,Rozetka.ua,з Києва,7 439 .
"Space Mars ST 29"" DD FR 20"" золотисто-блакитний OPS-SP-29-041",Немає зображення,Itbox.ua,з Києва,7 439 .
"Space Mars ST 29"" DD FR 20"" золотисто-блакитний OPS-SP-29-041",Немає зображення,Brain.com.ua,з Києва,7 439 .
"Space Mars ST 29"" DD FR 20"" рожево-білий OPS-SP-29-042",Немає зображення,Moyo.ua,Ужгород,7 439 .
"Space Mars ST 29"" DD FR 20"" рожево-білий OPS-SP-29-042",Немає зображення,Rozetka.ua,з Києва,7 439 .
"Space Mars ST 29"" DD FR 20"" рожево-білий OPS-SP-29-042",Немає зображення,Itbox.ua,з Києва,7 439 .
"Space Mars ST 29"" DD FR 20"" рожево-білий OPS-SP-29-042",Немає зображення,Brain.com.ua,з Києва,7 439 .
"Space Mars ST 29"" DD FR 16"" бірюзово-чорний OPS-SP-29-084",Немає зображення,Moyo.ua,Ужгород,7 439 .
"Space Mars ST 29"" DD FR 16"" бірюзово-чорний OPS-SP-29-084",Немає зображення,Itbox.ua,з Києва,7 439 .
"Space Mars ST 29"" DD FR 16"" бірюзово-чорний OPS-SP-29-084",Немає зображення,Brain.com.ua,з Києва,7 439 .
"Space Mars ST 29"" DD FR 16"" синьо-сріблястий OPS-SP-29-085",Немає зображення,Moyo.ua,Ужгород,7 439 .
"Space Mars ST 29"" DD FR 16"" синьо-сріблястий OPS-SP-29-085",Немає зображення,Itbox.ua,з Києва,7 439 .
"Space Mars ST 29"" DD FR 16"" синьо-сріблястий OPS-SP-29-085",Немає зображення,Brain.com.ua,з Києва,7 439 .
Kiddieland Чудомобіль-міні - КОРОНА ПРИНЦЕСИ (050849) 050849,Немає зображення,Антошка,з Києва,2 795 .
Kiddieland Чудомобіль-міні - КОРОНА ПРИНЦЕСИ (050849) 050849,Немає зображення,MAUDAU,з Києва,2 349 .
Kiddieland Чудомобіль-міні - КОРОНА ПРИНЦЕСИ (050849) 050849,Немає зображення,FOXTROT.UA,Ужгород,2 795 .
Kiddieland Чудомобіль-міні - КОРОНА ПРИНЦЕСИ (050849) 050849,Немає зображення,Moyo.ua,Ужгород,2 795 .
Kiddieland Чудомобіль-міні - КОРОНА ПРИНЦЕСИ (050849) 050849,Немає зображення,Kvshop.com.ua,з Києва,2 299 .
"X-Treme Stels 2803MS 28"" 19"" Blue",Немає зображення,MTA.ua,з Києва,5 599 .
"X-Treme Stels 2803MS 28"" 19"" Blue",Немає зображення,Rozetka.ua,з Києва,5 778 .
"Space Phaeton Black/Blue 29"" рама - 20"" OPS-SP-29-066",Немає зображення,Brain.com.ua,з Києва,9 202 .
"Space Phaeton Black/Blue 29"" рама - 20"" OPS-SP-29-066",Немає зображення,Rozetka.ua,з Києва,9 202 .
"Space Phaeton Black/Blue 29"" рама - 20"" OPS-SP-29-066",Немає зображення,Itbox.ua,з Києва,9 202 .
"Space Phaeton AL 29"" DD FR 20"" сріблясто-червоний OPS-SP-29-063",Немає зображення,Moyo.ua,Ужгород,9 202 .
"Space Phaeton AL 29"" DD FR 20"" сріблясто-червоний OPS-SP-29-063",Немає зображення,Brain.com.ua,з Києва,9 202 .
"Space Phaeton AL 29"" DD FR 20"" сріблясто-червоний OPS-SP-29-063",Немає зображення,Rozetka.ua,з Києва,9 202 .
"Space Phaeton AL 29"" DD FR 20"" сріблясто-червоний OPS-SP-29-063",Немає зображення,Itbox.ua,з Києва,9 202 .
"Space Phaeton Gray/Yellow 29"" рама - 18"" OPS-SP-29-070",Немає зображення,Brain.com.ua,з Києва,9 202 .
"Space Phaeton Gray/Yellow 29"" рама - 18"" OPS-SP-29-070",Немає зображення,Rozetka.ua,з Києва,9 202 .
"Space Phaeton Gray/Yellow 29"" рама - 18"" OPS-SP-29-070",Немає зображення,Itbox.ua,з Києва,9 202 .
"Space Phaeton Silver/Red 27.5"" рама - 19"" OPS-SP-27.5-037",Немає зображення,Brain.com.ua,з Києва,8 600 .
"Space Phaeton Silver/Red 27.5"" рама - 19"" OPS-SP-27.5-037",Немає зображення,Rozetka.ua,з Києва,8 600 .
"Space Phaeton Silver/Red 27.5"" рама - 19"" OPS-SP-27.5-037",Немає зображення,Itbox.ua,з Києва,8 600 .

